kind	source1_entity_id	target_entity_id	target_source	s1_name	target_name	s1_address	target_address	country_s1	country_target	normalized_name_s1	normalized_name_target	core_name_s1	core_name_target	tfidf_score	tfidf_rank	qualitative_flags
tfidf_recovered_v1_miss	S1-252912586	S3-392375614	S3	Salazar All High	Salazar All	510 Aspen Avenue, Pond Creek, OK		us	us	salazar all high	salazar all	salazar all high	salazar all	1.00000000	28	strong_token_overlap_jaccard_ge_0_5;blank_target_address
tfidf_recovered_v1_miss	S1-898070619	S2-528588151	S2	Meclaror Quality Square	meclarorqualitysquare.com	3199 Farmington Road, Harrington, DE	003199 FARMINGTON ROAD, HARRINGTON, DE	us	us	meclaror quality square	meclarorqualitysquare com	meclaror quality square	meclarorqualitysquare com	0.56890237	16	weak_or_no_token_overlap_jaccard_lt_0_2;useful_address_token_overlap_jaccard_ge_0_5;conflicting_numeric_tokens
tfidf_recovered_v1_miss	S1-110818443	S3-89956015	S3	Nalasopara Agro Private Limited	nalasoparaagroprivate.com	A-704, Tulip Gardens Central Park Rd, Tulinj I, Nalasopara East, Nalasopara, Thane, Maharashtra	A-704, Tulip Gardens Central Park Rd, Tulinj I, Nalasopara East, Nalasopara, Thane, MH	india	india	nalasopara agro private limited	nalasoparaagroprivate com	nalasopara agro	nalasoparaagroprivate com	0.69716191	13	weak_or_no_token_overlap_jaccard_lt_0_2;useful_address_token_overlap_jaccard_ge_0_5;shared_house_or_numeric_tokens
tfidf_recovered_v1_miss	S1-555006686	S2-919460004	S2	NOF Elite LLC	NOFELITE.COM	61 Bilman Lane, Vanceburg, KY	KY, VANCEBURG, 61. BILMAN LANE, PO BOX 8658	us	us	nof elite llc	nofelite com	nof elite	nofelite com	0.26255447	9	weak_or_no_token_overlap_jaccard_lt_0_2;useful_address_token_overlap_jaccard_ge_0_5;shared_house_or_numeric_tokens
tfidf_recovered_v1_miss	S1-481328418	S3-917070571	S3	Tierney & Doten	dotentierney.com	WI, 9689 64, Town Of Brazeau	Pound, Wisconsin, 9689 64	us	us	tierney and doten	dotentierney com	tierney and doten	dotentierney com	0.76706475	2	weak_or_no_token_overlap_jaccard_lt_0_2;heavy_character_difference_ratio_lt_60;shared_house_or_numeric_tokens
tfidf_recovered_v1_miss	S1-240621753	S2-174584514	S2	Quartz	QUARTZ.COM	701 Green Mountain Drive, Unit Apt 1913, Little Rock, AR		us	us	quartz	quartz com	quartz	quartz com	1.00000000	47	strong_token_overlap_jaccard_ge_0_5;short_or_generic_name_le_one_core_token;blank_target_address
tfidf_recovered_v1_miss	S1-836409579	S2-646138390	S2	QAI Developers Private Limited	qaidevelopersprivate.com	143, Ganesha Temple Road Veeranpalya, Arabic College Post, Bangalore, Karnataka	143, GANESHA TEMPLE ROAD VEERANPALYA, ARABIC COLLEGE POST, BANGALORE, Karnataka	india	india	qai developers private limited	qaidevelopersprivate com	qai developers	qaidevelopersprivate com	0.34108305	7	weak_or_no_token_overlap_jaccard_lt_0_2;useful_address_token_overlap_jaccard_ge_0_5;shared_house_or_numeric_tokens
tfidf_recovered_v1_miss	S1-93122179	S3-125444524	S3	Probuild Health Pvt Ltd	HprobuildCom	Bhubaneswar, Orissa, Flatno-403, Khordha, Jagannath Heights, Sastrinagar, Chancellor Hotel	Flatno-403, Jagannath Heights, Sastrinagar, Chancellor Hotel, Bhubaneswar, Khordha, OD	india	india	probuild health pvt ltd	hprobuildcom	probuild health	hprobuildcom	0.55440736	50	weak_or_no_token_overlap_jaccard_lt_0_2;heavy_character_difference_ratio_lt_60;short_or_generic_name_le_one_core_token;useful_address_token_overlap_jaccard_ge_0_5;shared_house_or_numeric_tokens
tfidf_recovered_v1_miss	S1-317175237	S3-602301165	S3	Kayle's Entertainment Center	kaylesentertainmentcenter.com	2311 183rd Street, Unit 403, Homewood, IL	2311 183st St, Illinois, Homewood	us	us	kayles entertainment center	kaylesentertainmentcenter com	kayles entertainment center	kaylesentertainmentcenter com	0.57552642	12	weak_or_no_token_overlap_jaccard_lt_0_2;shared_house_or_numeric_tokens
tfidf_recovered_v1_miss	S1-550014464	S3-54717805	S3	83/54 Capital Corp	83/54 Capital [C0rp]	1105 Westwood Lane, Unit APT 5-D, Giddings, TX	1105 Westwood Ln, Texas, # APT 5-D, Giddings	us	us	83 54 capital corp	83 54 capital c0rp	83 54 capital	83 54 capital c0rp	0.70141208	29	strong_token_overlap_jaccard_ge_0_5;useful_address_token_overlap_jaccard_ge_0_5;shared_house_or_numeric_tokens
tfidf_recovered_v1_miss	S1-779471213	S3-696837621	S3	Chakradev Water Ltd	Chakradevwater.Com	401 Sej Plaza Co.Op.Premises, Marve Road, Near Nutan School, Malad West, Mumbai, Mumbai City, Maharashtra	Door No 401 Sej Plaza Coop.premises, Marve Road, Near Nutan School, Malad West, Mumbai, Mumbai City, MH	india	india	chakradev water ltd	chakradevwater com	chakradev water	chakradevwater com	0.61752081	24	weak_or_no_token_overlap_jaccard_lt_0_2;useful_address_token_overlap_jaccard_ge_0_5;shared_house_or_numeric_tokens
tfidf_recovered_v1_miss	S1-616208761	S2-517181406	S2	Chong & Squires LLC	chongsquires.com	63 Zion Hill Road, Bridgton, ME	ZION HILL ROAD, BRIDGGTON, ME	us	us	chong and squires llc	chongsquires com	chong and squires	chongsquires com	0.62829888	47	weak_or_no_token_overlap_jaccard_lt_0_2;useful_address_token_overlap_jaccard_ge_0_5
tfidf_recovered_v1_miss	S1-93738949	S3-766177391	S3	Lalor Bancorp Inc	lalorbancorp.com	219 Walnut Street, Huntington, WV	19 Walnut St, Huntington, West Virginia	us	us	lalor bancorp inc	lalorbancorp com	lalor bancorp	lalorbancorp com	0.61504751	8	weak_or_no_token_overlap_jaccard_lt_0_2;conflicting_numeric_tokens
tfidf_recovered_v1_miss	S1-925243008	S3-846034748	S3	Shree Granites Private Limited	Sri Shree Granites Private [Limited]	Plot No.12, 6 George Avenue Sowbhagiyalakshmi Street, Rajeswari Nagar, Selaiyur, Chennai, Kancheepuram, Tamil Nadu	Door No 12, 6 George Avenue Sowbhagiyalakshmi Street, Rajeswari Nagar, Selaiyur, Chennai City Region, Kancheepuram, தமிழ்நாடு	india	india	shree granites private limited	sri shree granites private limited	shree granites	sri shree granites	1.00000000	43	strong_token_overlap_jaccard_ge_0_5;useful_address_token_overlap_jaccard_ge_0_5;shared_house_or_numeric_tokens
tfidf_recovered_v1_miss	S1-145449077	S3-547906292	S3	Anywhere Mavericks Pvt. Ltd.	@ánywheremavericks	Vill- Kalal Majara, Sector- 30, Tehsil- Thanesar, Thanesar, Kurukshetra, Haryana	Vill- Kalal Majara, HR, Kurukshetra, Thanesar	india	india	anywhere mavericks pvt ltd	ánywheremavericks	anywhere mavericks	ánywheremavericks	0.60815352	19	weak_or_no_token_overlap_jaccard_lt_0_2;short_or_generic_name_le_one_core_token;useful_address_token_overlap_jaccard_ge_0_5
tfidf_recovered_v1_miss	S1-28720257	S2-293940863	S2	Q R & Y Concepts LLC	Q  R & Y	86 Tarpon, Hitchcock, TX	0086 TARPON, HITCHCOCK, TX	us	us	q r and y concepts llc	q r and y	q r and y concepts	q r and y	1.00000000	6	strong_token_overlap_jaccard_ge_0_5;heavy_character_difference_ratio_lt_60;useful_address_token_overlap_jaccard_ge_0_5;conflicting_numeric_tokens
tfidf_recovered_v1_miss	S1-683335349	S2-155628703	S2	Zamudio Alchemy	zamudioalchemy.com	908 George Street, Van Wert, OH	908 GEOEGE ST, VAN WERT, OH	us	us	zamudio alchemy	zamudioalchemy com	zamudio alchemy	zamudioalchemy com	0.74202222	11	weak_or_no_token_overlap_jaccard_lt_0_2;useful_address_token_overlap_jaccard_ge_0_5;shared_house_or_numeric_tokens
tfidf_recovered_v1_miss	S1-318243251	S2-427777151	S2	Goldtech Research Limited	goldtechresearch.com	Chennai, Tamil Nadu, 9/5, College Road, Nungambakkam, Chennai	9/5, COLLEGE ROAD, NUNGAMBAKKAM, CHENNAI, Tamil Nadu	india	india	goldtech research limited	goldtechresearch com	goldtech research	goldtechresearch com	0.70368081	26	weak_or_no_token_overlap_jaccard_lt_0_2;useful_address_token_overlap_jaccard_ge_0_5;shared_house_or_numeric_tokens
tfidf_recovered_v1_miss	S1-382748121	S2-462986569	S2	Oils Public School	Oils School Public	Row House No-16 Roseland Residency, Pimple Saudagar, Aun, Dh, Pune, Maharashtra	ROW HOUSE NO-16 ROSELAND RESIDENCY, PIMPLE SAUDAGAR, AUN, DH, PUNE, Maharashtra	india	india	oils public school	oils school public	oils public school	oils school public	1.00000000	15	strong_token_overlap_jaccard_ge_0_5;word_order_only_same_tokens;useful_address_token_overlap_jaccard_ge_0_5;shared_house_or_numeric_tokens
tfidf_recovered_v1_miss	S1-116317042	S2-613235323	S2	Hagood Desert Apple Associates	hagooddesertapple.com	3000 219, Lueders, TX	3000  219, LUEDERS TOWNSHIP, TX	us	us	hagood desert apple associates	hagooddesertapple com	hagood desert apple associates	hagooddesertapple com	0.55167633	34	weak_or_no_token_overlap_jaccard_lt_0_2;useful_address_token_overlap_jaccard_ge_0_5;shared_house_or_numeric_tokens
tfidf_recovered_v1_miss	S1-404040165	S3-351578354	S3	Simona Mcclarty Merchants	simonamcclartymerchants.com	902 Vandalia Road, Jacksonville, IL	902 Vandalia Rd, Jackksonville CITY, Illinois	us	us	simona mcclarty merchants	simonamcclartymerchants com	simona mcclarty merchants	simonamcclartymerchants com	0.63218027	2	weak_or_no_token_overlap_jaccard_lt_0_2;shared_house_or_numeric_tokens
tfidf_recovered_v1_miss	S1-724884876	S3-233878835	S3	Peak Nippon LLC	Peak LLC Nippon	9600 St Andrews Road, Perrysburg, OH	009600 St Andrews Road, Ohio, Perrysbrg	us	us	peak nippon llc	peak llc nippon	peak nippon	peak llc nippon	1.00000000	40	strong_token_overlap_jaccard_ge_0_5;conflicting_numeric_tokens
tfidf_recovered_v1_miss	S1-428778595	S2-935528324	S2	XQ Paper Limited	XQ Limited Paper	8-8-11, J.P.R Enclave, Dilkushnagar Behind Idpl Township, Balanagar, Hyderabad, Rangareddy, Telangana	8-8-11/1, J.P.R ENCLAVE, DILKUSHNAGAR BEHIND IDPL TOWNSHIP, BALANAGAR, HYDERABAD, Telangana	india	india	xq paper limited	xq limited paper	xq paper	xq limited paper	0.99999994	5	strong_token_overlap_jaccard_ge_0_5;useful_address_token_overlap_jaccard_ge_0_5;shared_house_or_numeric_tokens
tfidf_recovered_v1_miss	S1-566570822	S3-79887970	S3	Genaix Vine	genaixvine.com	111 Browns Road, Huntington, NY	111 Browns Rd, Huntington, New York	us	us	genaix vine	genaixvine com	genaix vine	genaixvine com	0.57503957	1	weak_or_no_token_overlap_jaccard_lt_0_2;shared_house_or_numeric_tokens
tfidf_recovered_v1_miss	S1-931555523	S2-462166693	S2	Vm & Brothers Private Limited	Private Vm & Brothers Ltd	2/2 River Crest14-A Boat Club Road, Pune, Maharashtra	2/2 RIVER CREST14-A BOAT CLUB ROAD, POONA, PUNE, Maharashtra	india	india	vm and brothers private limited	private vm and brothers ltd	vm and brothers	private vm and brothers	1.00000000	48	strong_token_overlap_jaccard_ge_0_5;useful_address_token_overlap_jaccard_ge_0_5;shared_house_or_numeric_tokens
tfidf_recovered_v1_miss	S1-791116847	S3-226828390	S3	Tisaus Holding Company LLC	Tisausholding.Com	3232 28th Street, Lincoln, NE	3233 28th Street, Lincoln, Nebraska	us	us	tisaus holding company llc	tisausholding com	tisaus holding	tisausholding com	0.65440416	4	weak_or_no_token_overlap_jaccard_lt_0_2;shared_house_or_numeric_tokens
tfidf_recovered_v1_miss	S1-16632454	S2-199784010	S2	Doaba (India) Exim Private Limited	doabaindiaexim.com	New No.86, Old No.98, Polyhose Tower 4Th Floor, Mount Road, Guindy, Chennai, Tamil Nadu	DOOR NO 86 , OLD NO.98, POLYHOSE TOWER 4TH FLOOR, MOUNT ROAD, GUINDY, Tamil Nadu	india	india	doaba india exim private limited	doabaindiaexim com	doaba india exim	doabaindiaexim com	0.53141779	28	weak_or_no_token_overlap_jaccard_lt_0_2;useful_address_token_overlap_jaccard_ge_0_5;shared_house_or_numeric_tokens
tfidf_recovered_v1_miss	S1-15951522	S3-140766445	S3	Aguilar Health Center	Aguilar Center Center	VA, 6221 Sign Post Lane, Charles City County, Unit A		us	us	aguilar health center	aguilar center center	aguilar health center	aguilar center center	0.99999994	6	strong_token_overlap_jaccard_ge_0_5;blank_target_address
tfidf_recovered_v1_miss	S1-512450788	S2-979467958	S2	BCV Solutions Corporation	bcvsolutions.com	101- 5Th Street Extension, Gandhipuram, Coimbatore, Coimbatore South, Coimbatore, Tamil Nadu	Tamil Nadu, 101- 5TH STREET EXTENSION, GANDHIPURAM, COIMBATORE, COIMBATORE SOUTH	india	india	bcv solutions corporation	bcvsolutions com	bcv solutions	bcvsolutions com	0.30500519	12	weak_or_no_token_overlap_jaccard_lt_0_2;useful_address_token_overlap_jaccard_ge_0_5;shared_house_or_numeric_tokens
tfidf_recovered_v1_miss	S1-8351746	S3-100874603	S3	Ba Development (India) Pvt Ltd	Ba (India) Pvt Ltd Services	Tf-13, Iiied Floor, Electronic Market, Ridhi Sidhi Circle, Gopalpura Bypass, Jaipur, Rajasthan	Tf-013, Jaipur, RJ	india	india	ba development india pvt ltd	ba india pvt ltd services	ba development india	ba india pvt ltd services	1.00000000	1	conflicting_numeric_tokens
tfidf_recovered_v1_miss	S1-871602462	S2-254008344	S2	VY Engineers Public Limited	VY Public Engineers Limited	C/O Vipin Singh, Saroja Devi Complex Near Vikas Bhawan, Dhuri Coat Road, Chandauli, Uttar Pradesh	C/O VIPIN SINGH, SAROJA DEVI COMPLEX NEAR VIKAS BHAWAN, DHURI COAT ROAD, CHANDAULI, Uttar Pradesh	india	india	vy engineers public limited	vy public engineers limited	vy engineers public	vy public engineers	1.00000000	1	strong_token_overlap_jaccard_ge_0_5;word_order_only_same_tokens;useful_address_token_overlap_jaccard_ge_0_5
tfidf_recovered_v1_miss	S1-682067686	S3-756309547	S3	Lopez Return, Corp	CORP LOPEZ RETURN,	2 Manor Heights, Cohoes, NY	2A Manor Heights, Cohoes, New York	us	us	lopez return corp	corp lopez return	lopez return	corp lopez return	1.00000000	1	strong_token_overlap_jaccard_ge_0_5;shared_house_or_numeric_tokens
tfidf_recovered_v1_miss	S1-185610278	S2-558216288	S2	Dougherty, Melendez and Absher Chicago Inc	doughertymelendezabsher.com	107 Moyer Road, Upper Pottsgrove Township, PA	107 MOYER RD, PA, UPPER POTTSGROVE TOWNSHIP	us	us	dougherty melendez and absher chicago inc	doughertymelendezabsher com	dougherty melendez and absher chicago	doughertymelendezabsher com	0.58933574	3	weak_or_no_token_overlap_jaccard_lt_0_2;useful_address_token_overlap_jaccard_ge_0_5;shared_house_or_numeric_tokens
tfidf_recovered_v1_miss	S1-85443469	S3-254868853	S3	Dynamic Reliable Fuse LLC	The Dynamic Reliable Fuse LLC	44 Monarch Drive, Middlesex Township, PA	Monarch Drive, Carlisle, Pennsylvania	us	us	dynamic reliable fuse llc	the dynamic reliable fuse llc	dynamic reliable fuse	the dynamic reliable fuse	1.00000000	33	strong_token_overlap_jaccard_ge_0_5
tfidf_recovered_v1_miss	S1-478482149	S3-404229118	S3	Huerta Association Care	Huerta Association [Center]	OH, 72316 Colerain, Colerain	72317-72321 Colerain, Bridgeport, Ohio	us	us	huerta association care	huerta association center	huerta association care	huerta association center	1.00000000	12	strong_token_overlap_jaccard_ge_0_5;conflicting_numeric_tokens;conflicting_postal_candidates
tfidf_recovered_v1_miss	S1-880233280	S2-804002348	S2	3150 Commerce Street Associates Inc	3150commercestreet.com	231 Long John Silver Drive, Wilmington, NC	231. LONG JOHN SILVER DRIVE, WILMINGTON, NC	us	us	3150 commerce street associates inc	3150commercestreet com	3150 commerce street associates	3150commercestreet com	0.42003220	15	weak_or_no_token_overlap_jaccard_lt_0_2;useful_address_token_overlap_jaccard_ge_0_5;shared_house_or_numeric_tokens
tfidf_recovered_v1_miss	S1-562474288	S2-563598096	S2	Shivtej Traders	shivtejtraders.com	S.F. No- 75/1B, Shivashakthi Nagar, Hosur, Krishnagiri, Dharmapuri, Tamil Nadu	S.F. NO- 75/1B , SHIVASHAKTHI NAGAR, HOSUR, KRISHNAGIRI, தமிழ்நாடு	india	india	shivtej traders	shivtejtraders com	shivtej traders	shivtejtraders com	0.56151503	13	weak_or_no_token_overlap_jaccard_lt_0_2;useful_address_token_overlap_jaccard_ge_0_5;shared_house_or_numeric_tokens
tfidf_recovered_v1_miss	S1-469062603	S2-609302932	S2	Agnes Bothra	AGNESBOTHRA.COM	24-9, Rvs High School Road, Chilakaluripet, Guntur, Andhra Pradesh	24-9, RVS HIGH SCHOOL ROAD, CHILAKALURIPET, Andhra Pradesh	india	india	agnes bothra	agnesbothra com	agnes bothra	agnesbothra com	0.63226676	39	weak_or_no_token_overlap_jaccard_lt_0_2;useful_address_token_overlap_jaccard_ge_0_5;shared_house_or_numeric_tokens
tfidf_recovered_v1_miss	S1-215230797	S3-880548118	S3	Hoshangabad Multimedia Private Limited	hoshangabadmultimedia.com	Hoshangabad, Geetan Talkies Rupadesh Seoni Malwa, Madhya Pradesh, Hoshangabad	Geetan Talkies Rupadesh Seoni Malwa, Hoshangabad, MP	india	india	hoshangabad multimedia private limited	hoshangabadmultimedia com	hoshangabad multimedia	hoshangabadmultimedia com	0.76104254	10	weak_or_no_token_overlap_jaccard_lt_0_2;useful_address_token_overlap_jaccard_ge_0_5
tfidf_recovered_v1_miss	S1-984993082	S3-308420859	S3	Deex Inc	Inc Deex	NM, 7224 Chickadee Lane, Albuquerque	Chickadee Ln, Albuquerque, New Mexico	us	us	deex inc	inc deex	deex	inc deex	1.00000000	24	strong_token_overlap_jaccard_ge_0_5;heavy_character_difference_ratio_lt_60;short_or_generic_name_le_one_core_token
tfidf_recovered_v1_miss	S1-502020857	S3-12876382	S3	Lucky Tavern	Lucky Tavern Service Service	39755 Rock Creek Road, Gates, OR	0039755 Rock Creek Rd, Gates, Oregon	us	us	lucky tavern	lucky tavern service service	lucky tavern	lucky tavern service service	1.00000000	7	strong_token_overlap_jaccard_ge_0_5;conflicting_numeric_tokens
tfidf_recovered_v1_miss	S1-320478076	S2-956165985	S2	Rachit Raj Pvt Ltd	rachitraj.com	R S No. 70/1A, B Ward, Jotiba Road, Near Mahalaxmi Temple, Karvir, Kolhapur, Maharashtra	R S NO. 70/1A, B WARD, JOTIBA ROAD, NEAR MAHAALXMI TEMPLE, KARVIR, Maharashtra	india	india	rachit raj pvt ltd	rachitraj com	rachit raj	rachitraj com	0.54639059	46	weak_or_no_token_overlap_jaccard_lt_0_2;useful_address_token_overlap_jaccard_ge_0_5;shared_house_or_numeric_tokens
tfidf_recovered_v1_miss	S1-894416034	S3-440032248	S3	NHC Solutions Limited	@nhcsolutions	29, A S 4, Scheme No 78, Vijay Nagar, Indore, Madhya Pradesh	29, A S 4, Scheme No 78, Indore, Vijay Nagar, मध्य प्रदेश	india	india	nhc solutions limited	nhcsolutions	nhc solutions	nhcsolutions	0.28374636	39	weak_or_no_token_overlap_jaccard_lt_0_2;short_or_generic_name_le_one_core_token;useful_address_token_overlap_jaccard_ge_0_5;shared_house_or_numeric_tokens
tfidf_recovered_v1_miss	S1-949966924	S2-576430245	S2	Poultry India (India) Private Limited	Private Poultry India (India) Ltd	1/1A, Anand Reddy Layout, Near Sadhguru Sainath International Scho, Ol, Kudlu, Bangalore, Karnataka	1/1A, ANAND REDDY LAYOUT, NEAR SADHGURU SAINATH INTERNATIONAL SCHO, OL, KUDLU, BANGALORE, Karnataka	india	india	poultry india india private limited	private poultry india india ltd	poultry india india	private poultry india india	1.00000000	21	strong_token_overlap_jaccard_ge_0_5;useful_address_token_overlap_jaccard_ge_0_5;shared_house_or_numeric_tokens
tfidf_recovered_v1_miss	S1-347282654	S3-728135763	S3	JCC Ventures Pvt. Ltd.	jccventures.com	H. No 142, Street 3, Abenue-4, Road No 10, Banjara Hills, Hyderabad, Telangana	140, Street 3, Abenue-4, Road No 10, Banjara Hills, Hyderabad, తెలంగాణ	india	india	jcc ventures pvt ltd	jccventures com	jcc ventures	jccventures com	0.33283591	16	weak_or_no_token_overlap_jaccard_lt_0_2;useful_address_token_overlap_jaccard_ge_0_5;shared_house_or_numeric_tokens
tfidf_recovered_v1_miss	S1-469343708	S3-386602861	S3	Bharti Hospital Group	Bharti	Alwar, Shop No. 7, First Floor, Keshav Nagar, Scheme No. 13, Rajasthan	Shop No. 7, Alwar, First Floor, Keshav Nagar, Scheme No. 13, Rajasthan	india	india	bharti hospital group	bharti	bharti hospital group	bharti	0.99999994	42	heavy_character_difference_ratio_lt_60;short_or_generic_name_le_one_core_token;useful_address_token_overlap_jaccard_ge_0_5;shared_house_or_numeric_tokens
tfidf_recovered_v1_miss	S1-971105036	S2-894138505	S2	Selia Macaraeg Pizza LLC	seliamacaraegpizza.com	7225 Redden Way, Lanesville, IN	REDDEN WAY, LANSVILLE, IN	us	us	selia macaraeg pizza llc	seliamacaraegpizza com	selia macaraeg pizza	seliamacaraegpizza com	0.55366111	7	weak_or_no_token_overlap_jaccard_lt_0_2;useful_address_token_overlap_jaccard_ge_0_5
tfidf_recovered_v1_miss	S1-66751363	S3-320090914	S3	Admirable Infrastructures LLP	Admirableinfrastructures.Com	Plot No.18, Road 19, Punjabi Bagh, New Delhi, Delhi	Road 19, Door No 18, DL, Punjabi Bagh, New Delhi	india	india	admirable infrastructures llp	admirableinfrastructures com	admirable infrastructures	admirableinfrastructures com	0.79511833	9	weak_or_no_token_overlap_jaccard_lt_0_2;useful_address_token_overlap_jaccard_ge_0_5;shared_house_or_numeric_tokens
tfidf_recovered_v1_miss	S1-702500612	S2-396038049	S2	Fortune Jay Developers Private Limited	Fortune-Jay Fortune-Jay Developers Private Limited	No. 176, 01St Floor, 02Nd Main, Aecs Layout, B Block, Singasandra, Bengaluru, Bangalore, Karnataka		india	india	fortune jay developers private limited	fortune jay fortune jay developers private limited	fortune jay developers	fortune jay fortune jay developers	1.00000000	3	strong_token_overlap_jaccard_ge_0_5;blank_target_address
tfidf_recovered_v1_miss	S1-227619122	S2-346413138	S2	Padia Educational Society	padiaeducationalsociety.com	F-8B, Vinay Path, Todarmal Marg, Banipark, Jaipur, Rajasthan	Rajasthan, DOOR NO 373 F-8B, VINAY PATH, TODARMAL MARG, BANIPARK, JAIPUR	india	india	padia educational society	padiaeducationalsociety com	padia educational society	padiaeducationalsociety com	0.42621130	50	weak_or_no_token_overlap_jaccard_lt_0_2;useful_address_token_overlap_jaccard_ge_0_5;shared_house_or_numeric_tokens
tfidf_recovered_v1_miss	S1-434638314	S2-937695406	S2	India North Specialties Private Limited	indianorthspecialties.com	No.46 Rohan Ashima Brooke Field, Bangalore, Karnataka	NO.D/46 ROHAN ASHIMA BROOKE FIELD, BANGALORE, Karnataka	india	india	india north specialties private limited	indianorthspecialties com	india north specialties	indianorthspecialties com	0.55712456	37	weak_or_no_token_overlap_jaccard_lt_0_2;useful_address_token_overlap_jaccard_ge_0_5;shared_house_or_numeric_tokens
tfidf_recovered_v1_miss	S1-755524150	S3-117594845	S3	Mumbai Packers LLP	Mumbai Packer LLP	Plot No 9 C/17, Kilfire Premises Chs Ltd Dalia Industrial Area Andheri (West), Mumbai, Mumbai City, Maharashtra	Kilfire Premises Chs Ltd Dalia Industrial Area Andheri (West), Mumbai City, Plft No 9 C/17, MH, Mumbai	india	india	mumbai packers llp	mumbai packer llp	mumbai packers	mumbai packer	0.77934092	40	useful_address_token_overlap_jaccard_ge_0_5;shared_house_or_numeric_tokens
tfidf_recovered_v1_miss	S1-31200557	S2-571657768	S2	Lundberg Family Practice	lundbergfamilypractice.com	178 York Street, York, ME	78 YORK STREET, YORK, ME	us	us	lundberg family practice	lundbergfamilypractice com	lundberg family practice	lundbergfamilypractice com	0.57598102	35	weak_or_no_token_overlap_jaccard_lt_0_2;useful_address_token_overlap_jaccard_ge_0_5;conflicting_numeric_tokens
tfidf_recovered_v1_miss	S1-90414355	S2-679064413	S2	Ebonee Parada Iheartmedia LLC	eboneeparadaiheartmedia.com	84 Lebrun Avenue, Amityville, NY	84C LEBRUN AVE, AMITYVILLE, NY	us	us	ebonee parada iheartmedia llc	eboneeparadaiheartmedia com	ebonee parada iheartmedia	eboneeparadaiheartmedia com	0.59070146	12	weak_or_no_token_overlap_jaccard_lt_0_2;shared_house_or_numeric_tokens
tfidf_recovered_v1_miss	S1-995370951	S3-464669153	S3	Middleton Amplify	Middleton Center	315 Laurel Avenue, Bridgeport, CT	Bridgeport, Connecticut, 31 Laurel Ave	us	us	middleton amplify	middleton center	middleton amplify	middleton center	0.77261460	29	conflicting_numeric_tokens
tfidf_recovered_v1_miss	S1-783459074	S3-609466232	S3	Wilson & Garner Clinic	Wilson &  Garner	5119 2nd Avenue, Seattle, WA	119 2th Ave, Seattle, Washington	us	us	wilson and garner clinic	wilson and garner	wilson and garner clinic	wilson and garner	1.00000000	3	strong_token_overlap_jaccard_ge_0_5;shared_house_or_numeric_tokens
tfidf_recovered_v1_miss	S1-500855596	S3-445181315	S3	OT Developments Corporation	OT Corporation Partners	B-88 1St Floor, Defence Colony, South Delhi, Delhi	B-88 1St Floor, Defence Colony, South Delhi, दिल्ली	india	india	ot developments corporation	ot corporation partners	ot developments	ot corporation partners	1.00000000	27	heavy_character_difference_ratio_lt_60;useful_address_token_overlap_jaccard_ge_0_5;shared_house_or_numeric_tokens
tfidf_recovered_v1_miss	S1-721567456	S3-713480044	S3	Strickland Rapid Bond	Strickland Rapid	442 Ann Avenue, Kansas City, KS		us	us	strickland rapid bond	strickland rapid	strickland rapid bond	strickland rapid	0.87052500	45	strong_token_overlap_jaccard_ge_0_5;blank_target_address
tfidf_recovered_v1_miss	S1-826200365	S3-250576533	S3	Infoweb Consultants	#Infowebconsultants	Mumbai City, 89, Avanti, 5Th Floor, Flat No. 2, G. Road, Marine Drive, Mumbai, Mumbai, Maharashtra	89, Mumbai, Mumbai City, MH	india	india	infoweb consultants	infowebconsultants	infoweb consultants	infowebconsultants	0.59163469	28	weak_or_no_token_overlap_jaccard_lt_0_2;spacing_or_concatenation_only;short_or_generic_name_le_one_core_token;shared_house_or_numeric_tokens
tfidf_recovered_v1_miss	S1-990032284	S3-169035855	S3	Fields Highland Hill Inc	Fields  Highland	305 Turner Street, Hobbs, NM	30 Turner Street, Hobbs, New Mexico	us	us	fields highland hill inc	fields highland	fields highland hill	fields highland	0.99999988	28	strong_token_overlap_jaccard_ge_0_5;conflicting_numeric_tokens
tfidf_recovered_v1_miss	S1-497930077	S2-232376753	S2	QN Laboratories Private Limited	QN Private Limited Center	B 11- 14, Automobile Nagar, Transport Nagar, Jaipur, Rajasthan	B 11- 14, AUTOMOBILE NAGAR, TRANSPORT NAGAR, JAIPUR, Rajasthan	india	india	qn laboratories private limited	qn private limited center	qn laboratories	qn private limited center	0.99999994	2	useful_address_token_overlap_jaccard_ge_0_5;shared_house_or_numeric_tokens
tfidf_recovered_v1_miss	S1-685497960	S3-208505695	S3	TS Supreme Alibaba LLC	The TS Supreme Alibaba LLC	Libby, 610 Dakota Avenue, MT		us	us	ts supreme alibaba llc	the ts supreme alibaba llc	ts supreme alibaba	the ts supreme alibaba	0.99999994	1	strong_token_overlap_jaccard_ge_0_5;blank_target_address
tfidf_recovered_v1_miss	S1-346981267	S3-109405244	S3	Ashley Engineering	The Ashley Engineering	7241 Government Street, Baton Rouge City, LA	Government St, Baton Rouge City, Louisiana	us	us	ashley engineering	the ashley engineering	ashley engineering	the ashley engineering	1.00000000	2	strong_token_overlap_jaccard_ge_0_5
tfidf_recovered_v1_miss	S1-208856010	S3-524842497	S3	Mcdonald and Taylor	Mcdonald and Taylor Center	226 Pleasant Street, Unit 1, Southbridge, MA	00226 Pleasant St, Southbridge, Massachusetts	us	us	mcdonald and taylor	mcdonald and taylor center	mcdonald and taylor	mcdonald and taylor center	1.00000000	3	strong_token_overlap_jaccard_ge_0_5;conflicting_numeric_tokens
tfidf_recovered_v1_miss	S1-198511926	S3-402239017	S3	LQ Dream Pvt Ltd	Pvt LQ Derme Ltd	C/O Eknath Janardhan, At Takli Ambad At H No Tq. Ptn(Paithan), Aurangabad, Maharashtra	No C-358 C/o Eknath Janardhan, At Takli Ambad At H No Tq. Ptn(paithan), Aurangabad, MH	india	india	lq dream pvt ltd	pvt lq derme ltd	lq dream	pvt lq derme	0.62643796	47	useful_address_token_overlap_jaccard_ge_0_5
tfidf_recovered_v1_miss	S1-996683013	S2-764746018	S2	Swikriti Sree Private Limited	swikritisree.com	2-143 S/O Albert D, Souzagrace Cottage, Dakshina Kannada, Karnataka	NO 2-143 S/O ALBERT D, SOUZAGRACE COTTAGE, DAKSHINA KANNADA, N/A, Karnataka	india	india	swikriti sree private limited	swikritisree com	swikriti sree	swikritisree com	0.73033321	12	weak_or_no_token_overlap_jaccard_lt_0_2;useful_address_token_overlap_jaccard_ge_0_5;shared_house_or_numeric_tokens
tfidf_recovered_v1_miss	S1-880854395	S2-920280266	S2	Indrraj Brothers Aurangabad Private Limited	lndrraj  Brothers Aurangabad Private Limited	P No 1/A, Shop No Ag-3, Prem Complex, Cidco, Aurangabad, Maharashtra	P NO 1/A, SHOP NO AG-3, PREM COMPLEX, CIDCO, AURANGABAD, महाराष्ट्र	india	india	indrraj brothers aurangabad private limited	lndrraj brothers aurangabad private limited	indrraj brothers aurangabad	lndrraj brothers aurangabad	0.80365908	1	strong_token_overlap_jaccard_ge_0_5;useful_address_token_overlap_jaccard_ge_0_5;shared_house_or_numeric_tokens
tfidf_recovered_v1_miss	S1-743732008	S2-11137788	S2	II Solutions Private Limited	LIMITED II SOLUTIONS PRIVATE	Bangalore, No.D 414 Neeladri Mahal Vp Deenadayalu Road Jaymahal Extension, Karnataka	NO.D 414 NEELADRI MAHAL VP DEENADAYALU ROAD JAYMAHAL EXTENSION, BANGALORE, Karnataka	india	india	ii solutions private limited	limited ii solutions private	ii solutions	limited ii solutions	1.00000000	1	strong_token_overlap_jaccard_ge_0_5;useful_address_token_overlap_jaccard_ge_0_5;shared_house_or_numeric_tokens
tfidf_recovered_v1_miss	S1-609425835	S3-262615086	S3	Neal Anchor Patriot	Neal Anchor	7004 Cedar Falls Drive, Herriman Town, UT	700 Cedar Falls Dr, Herriman Town, Utah	us	us	neal anchor patriot	neal anchor	neal anchor patriot	neal anchor	1.00000000	10	strong_token_overlap_jaccard_ge_0_5;conflicting_numeric_tokens
tfidf_recovered_v1_miss	S1-136291405	S2-263981819	S2	Za Trading Private Limited	Sri Za Trading Limited Service	Plot No.75, 3Rd Floor, Pvkr Elite, Lubmini Layout, Hitech City Road, Seri Lingampally, K.V.Rangareddy, Telangana	PLOT NO.75, 3RD FLOOR, PVKR ELITE, LUBMINI LMYOUT, HITECH CITY ROAD, SERI LINGAMPALLY, NULL, Telangana	india	india	za trading private limited	sri za trading limited service	za trading	sri za trading limited service	1.00000000	8	useful_address_token_overlap_jaccard_ge_0_5;shared_house_or_numeric_tokens
tfidf_recovered_v1_miss	S1-573587076	S2-202929542	S2	WV Pharma Limited	Limited WV Pharma	Aman Complex, Second Floor Near Dr. Sangita Sinha, Behind Jail Gate, Begusarai, Bihar	BLOCK G-257  AMAN COMPLEX, SECOND FLOOR NEAR DR. SANGITA SINHA, BEHIND JAIL GATE, BEGUSARAI, Bihar	india	india	wv pharma limited	limited wv pharma	wv pharma	limited wv pharma	1.00000000	3	strong_token_overlap_jaccard_ge_0_5;heavy_character_difference_ratio_lt_60;useful_address_token_overlap_jaccard_ge_0_5
tfidf_recovered_v1_miss	S1-458694364	S2-134693238	S2	Heartland Pacific Horse Inc	inc heartland pacific horse	1534 Upper Gibson Town Road, AL, Coosada	UPPER GIBSON TOWN RD, COOSADA, AL	us	us	heartland pacific horse inc	inc heartland pacific horse	heartland pacific horse	inc heartland pacific horse	0.99999994	9	strong_token_overlap_jaccard_ge_0_5;useful_address_token_overlap_jaccard_ge_0_5
tfidf_recovered_v1_miss	S1-310718256	S2-451648309	S2	Gbr Group of Companies	gbrgroupcompanies.com	No.96/16, 16Th Main 4Th T Block, Jayanagar, Bangalore, Karnataka	NO.96/16, 16TH MAIN 4TH T BLOCK, JAYANAGOR, ಕರ್ನಾಟಕ	india	india	gbr group of companies	gbrgroupcompanies com	gbr group of companies	gbrgroupcompanies com	0.24104160	31	weak_or_no_token_overlap_jaccard_lt_0_2;useful_address_token_overlap_jaccard_ge_0_5;shared_house_or_numeric_tokens
tfidf_recovered_v1_miss	S1-508076323	S3-264654198	S3	Linkwell Projects (India) Partners	Linkwellprojectsindia.Com	No.407/52, 3Rd Floor, 28Th C Cross 11Tha Main Raod, Pagariya Plaza Jayanagar, 4Th Block, Bangalore, Karnataka	No.407/52, Bangalore, Jayanagar, KA	india	india	linkwell projects india partners	linkwellprojectsindia com	linkwell projects india partners	linkwellprojectsindia com	0.62416673	28	weak_or_no_token_overlap_jaccard_lt_0_2;shared_house_or_numeric_tokens
tfidf_recovered_v1_miss	S1-324978711	S2-162940295	S2	Sk Services Private Limited	Smt SK SERVICES PRIVATE LTD	Block 3B, Adr Towers, No: 74A, Theni Main Road, Kalavasal, Madurai, Tamil Nadu	H.NO 0157 BLOCK 3B, ADR TOWERS, NO: 74A, THENI MAIN ROAD, KALAVASAL, MADURAI, Tamil Nadu	india	india	sk services private limited	smt sk services private ltd	sk services	smt sk services	0.99999988	29	strong_token_overlap_jaccard_ge_0_5;useful_address_token_overlap_jaccard_ge_0_5;shared_house_or_numeric_tokens
tfidf_recovered_v1_miss	S1-664271152	S3-466268523	S3	Anuja India Pvt Ltd	anujaindia.com	27A Waterloo St, Kolkata, Calcutta, West Bengal	H.no 27A Waterloo St, Calcutta, Kolkata, WB	india	india	anuja india pvt ltd	anujaindia com	anuja india	anujaindia com	0.57895982	12	weak_or_no_token_overlap_jaccard_lt_0_2;useful_address_token_overlap_jaccard_ge_0_5;shared_house_or_numeric_tokens
tfidf_recovered_v1_miss	S1-905495945	S2-446180747	S2	Corso and Tolliver Ready LLC	corsotolliverready.com	136 Franklin Street, Knightstown, IN	IN, KNIGHTSTOWN, 136 FRANKLIN STREET	us	us	corso and tolliver ready llc	corsotolliverready com	corso and tolliver ready	corsotolliverready com	0.55202180	38	weak_or_no_token_overlap_jaccard_lt_0_2;useful_address_token_overlap_jaccard_ge_0_5;shared_house_or_numeric_tokens
tfidf_recovered_v1_miss	S1-615156063	S3-768353074	S3	VK Consultants	VK  Services	130 49th Avenue, Gary, IN	130 49st Ave, Gary, Indiana	us	us	vk consultants	vk services	vk consultants	vk services	1.00000012	11	heavy_character_difference_ratio_lt_60;shared_house_or_numeric_tokens
tfidf_recovered_v1_miss	S1-145449077	S3-924079624	S3	Anywhere Mavericks Pvt. Ltd.	Sri anywheremavericks.c0m	Vill- Kalal Majara, Sector- 30, Tehsil- Thanesar, Thanesar, Kurukshetra, Haryana	HR, Thanesar, Vill- Kalal Majara, Kurukshetra	india	india	anywhere mavericks pvt ltd	sri anywheremavericks c0m	anywhere mavericks	sri anywheremavericks c0m	0.78689289	5	weak_or_no_token_overlap_jaccard_lt_0_2;useful_address_token_overlap_jaccard_ge_0_5
tfidf_recovered_v1_miss	S1-769794598	S2-734235187	S2	Mj Seva Samiti Corporation	Mj Samiti Corporation Center	C/O Bhupendra Pratap, Diwna Meerganj, Bareilly Uttar Pradesh, Meerganj, Bareilly, Uttar Pradesh	HN 705 C/O BHUPENDRA PRATAP, DIWNA MEERGANJ, BAREILLY UTTAR PRADESH, MEERGANJ, उत्तर प्रदेश	india	india	mj seva samiti corporation	mj samiti corporation center	mj seva samiti	mj samiti corporation center	1.00000012	3	useful_address_token_overlap_jaccard_ge_0_5
tfidf_recovered_v1_miss	S1-164758117	S2-699365229	S2	Mkt Worldwide	@MKTWÓRLDWIDE	No 26/18, 1St Floor Deenadayalu Street Pondy Bazaar, T.Nagar, Chennai, Tamil Nadu	DOOR NO 26/18. , 1ST FLOOR DEENADAYALU STREET PONDY BAZAAR, T.NAGAR, CHENNAI, Tamil Nadu	india	india	mkt worldwide	mktwórldwide	mkt worldwide	mktwórldwide	0.27358013	19	weak_or_no_token_overlap_jaccard_lt_0_2;short_or_generic_name_le_one_core_token;useful_address_token_overlap_jaccard_ge_0_5;shared_house_or_numeric_tokens
tfidf_recovered_v1_miss	S1-787534401	S2-870042768	S2	Shakti Promoters Pvt. Ltd.	Shakti Pvt. Promoters Ltd.	C/O Shyam Sundar Vill Karjan Doh, Tola Â Karjan Dih Panch Block Marwan Mujjafarpur, Mujjafarpur, Muzaffarpur, Bihar	C/O SHYAM SUNDAR VILL KARJAN DOH, TOLA Â KARJAN DIH PANCH BLOCK MARWAN MUJJAFARPUR, MUJJAFARPUR, Bihar	india	india	shakti promoters pvt ltd	shakti pvt promoters ltd	shakti promoters	shakti pvt promoters	0.99999994	3	strong_token_overlap_jaccard_ge_0_5;useful_address_token_overlap_jaccard_ge_0_5
tfidf_recovered_v1_miss	S1-962093522	S3-407528405	S3	Shivkhori Cereals (India) Private Limited	Smt Shivkhoricerealsindia.Com	B- 09, Maharashtra, Sagar Sanjog Chs Ltd Plot No.50-C J.P Road, Versova, Andheri, West, Mumbai City, Mumbai	B- 09, Sagar Sanjog Chs Ltd Plot No.50-c J.p Road, Versova, Andheri, West, Mumbai, MH	india	india	shivkhori cereals india private limited	smt shivkhoricerealsindia com	shivkhori cereals india	smt shivkhoricerealsindia com	0.69218862	21	weak_or_no_token_overlap_jaccard_lt_0_2;useful_address_token_overlap_jaccard_ge_0_5;shared_house_or_numeric_tokens
tfidf_recovered_v1_miss	S1-29328559	S2-817717713	S2	Murillo Family Practice	Murillo Family Center	238 Woodman Drive, Tempe, AZ	23 WOODMAN DR, TEMPE, AZ	us	us	murillo family practice	murillo family center	murillo family practice	murillo family center	1.00000000	31	strong_token_overlap_jaccard_ge_0_5;conflicting_numeric_tokens
tfidf_recovered_v1_miss	S1-100031100	S3-797835838	S3	# 2 MG Advisory	# 2 Advisory (MG)	899 Harvard Court, Highland Park, IL	Harvard Court, Highland Park, Illinois	us	us	2 mg advisory	2 advisory mg	2 mg advisory	2 advisory mg	1.00000000	2	strong_token_overlap_jaccard_ge_0_5;word_order_only_same_tokens;useful_address_token_overlap_jaccard_ge_0_5
tfidf_recovered_v1_miss	S1-201459011	S3-23729092	S3	Snyder Veterinary Clinic	Snyder Veterinary	402 Madison Street, IL, Washburn		us	us	snyder veterinary clinic	snyder veterinary	snyder veterinary clinic	snyder veterinary	1.00000000	1	strong_token_overlap_jaccard_ge_0_5;blank_target_address
tfidf_recovered_v1_miss	S1-660518541	S2-337762859	S2	Sl Center Ltd	SL LTD  SERVICES	#88/B, 3Rd Floor (Above Reliance Fresh) 12Th Cross, Mahalakshmi Layout, Bangalore, Karnataka	#88/B, 3RD FLOOR (ABOVE RELIANCE FRESH) 12TH CROSS, MAHALAKSHMI LAYOUT, BANGALORE, Karnataka	india	india	sl center ltd	sl ltd services	sl center	sl ltd services	1.00000000	23	heavy_character_difference_ratio_lt_60;useful_address_token_overlap_jaccard_ge_0_5;shared_house_or_numeric_tokens
tfidf_recovered_v1_miss	S1-418117455	S2-38405522	S2	Synchronous & Partners	synchr0nouspartners.com	6, 2Nd Floor, Oxford Tower, Opp. Shilp Complex Gurukul Road, Memnagar, Ahmedabad, Gujarat	6, 2ND FLOOR, OXFORD TOWER, OPP. SHILP COMPLEX GURUNUL ROAD, MEMNAGAR, Gujarat	india	india	synchronous and partners	synchr0nouspartners com	synchronous and partners	synchr0nouspartners com	0.26938689	37	weak_or_no_token_overlap_jaccard_lt_0_2;useful_address_token_overlap_jaccard_ge_0_5;shared_house_or_numeric_tokens
tfidf_recovered_v1_miss	S1-16965812	S2-402211076	S2	51/46 Retail PLLC	51/46 Rétail [PLLC]	1923 16th Avenue, Santa Cruz, CA	LIVE OAK, 1923 16ST AVENUE, CA, null	us	us	51 46 retail pllc	51 46 rétail pllc	51 46 retail pllc	51 46 rétail pllc	0.62134755	40	strong_token_overlap_jaccard_ge_0_5;shared_house_or_numeric_tokens
tfidf_recovered_v1_miss	S1-557565045	S2-96883889	S2	Shepardson Assets	shepardsonassets.com	806 10th Avenue, Orion, IL	806B TENTH AVENUE, ORION, IL	us	us	shepardson assets	shepardsonassets com	shepardson assets	shepardsonassets com	0.76254243	7	weak_or_no_token_overlap_jaccard_lt_0_2;shared_house_or_numeric_tokens
tfidf_recovered_v1_miss	S1-561444310	S3-797796757	S3	Neelakan Dapuramperavurani Tanjavur Dist Services LLP	neelakandapuramperavuranitanjavur.com	No 10, Neelakan Dapuramperavurani Tanjavur Dist, Tamil Nadu	H.no 10, Neelakan Dapuramperavurani Tanjavur Dist, TN	india	india	neelakan dapuramperavurani tanjavur dist services llp	neelakandapuramperavuranitanjavur com	neelakan dapuramperavurani tanjavur dist services	neelakandapuramperavuranitanjavur com	0.86156905	3	weak_or_no_token_overlap_jaccard_lt_0_2;useful_address_token_overlap_jaccard_ge_0_5;shared_house_or_numeric_tokens
tfidf_recovered_v1_miss	S1-621682729	S3-667435519	S3	Devois Holdings Group Inc	devoisholdingsgroup.com	NY, Riverhead, 400 Burman Boulevard	400A Burman Blvd, Calverton Township, New York	us	us	devois holdings group inc	devoisholdingsgroup com	devois holdings group	devoisholdingsgroup com	0.49545646	19	weak_or_no_token_overlap_jaccard_lt_0_2;shared_house_or_numeric_tokens
tfidf_recovered_v1_miss	S1-681900652	S3-649024870	S3	Eisner Snow	eisnersnow.com	10 Cannon Boulevard, NY, Fallsburg	#10 Cannon Blvd, Mountain Dale, New York	us	us	eisner snow	eisnersnow com	eisner snow	eisnersnow com	0.68128008	16	weak_or_no_token_overlap_jaccard_lt_0_2;shared_house_or_numeric_tokens
tfidf_recovered_v1_miss	S1-577138713	S2-464081802	S2	SJB Genus Limited	sjbgenus.com	412 And 412A, Vishal Tower, Plot No.10 Distt. Centre, Janakpuri, New Delhi, Delhi	4-12 AND 412A, VISHAL TOWER, PLOT NO.10 DISTT. CENTRE, JANAKPURI, NEW DELHI, Delhi	india	india	sjb genus limited	sjbgenus com	sjb genus	sjbgenus com	0.52529967	49	weak_or_no_token_overlap_jaccard_lt_0_2;useful_address_token_overlap_jaccard_ge_0_5;shared_house_or_numeric_tokens
tfidf_recovered_v1_miss	S1-895652216	S3-440771052	S3	Taransh Infosolutions Private Limited	taranshinfosolutions.com	C/O Rajbala, Uklana Road, Village Prabhuwala, Hisar, Haryana	Block A-233 C/o Rajbala, Hisar, HR	india	india	taransh infosolutions private limited	taranshinfosolutions com	taransh infosolutions	taranshinfosolutions com	0.77222162	3	weak_or_no_token_overlap_jaccard_lt_0_2
tfidf_recovered_v1_miss	S1-774957804	S2-104948515	S2	Pd Trading Private Limited	PD TRADING TRADING PRIVATE LTD	Plot No B 166 Gf Sector 122, Noida, Gautam Buddha Nagar, Uttar Pradesh	PLOT NO B 166 GF SECTOR 122, NOIDA, Uttar Pradesh	india	india	pd trading private limited	pd trading trading private ltd	pd trading	pd trading trading	1.00000000	1	strong_token_overlap_jaccard_ge_0_5;useful_address_token_overlap_jaccard_ge_0_5;shared_house_or_numeric_tokens
tfidf_recovered_v1_miss	S1-488531489	S3-292589396	S3	Pravasi International (India)	pravasiinternationalindia.com	Maharashtra, Dreams -The Mall, Lbs Marg, Bhandup (W), Mumbai, Mumbai City, Shop No. Ug 109	Plot 697 Shop No. Ug 109, Mumbai City, MH	india	india	pravasi international india	pravasiinternationalindia com	pravasi international india	pravasiinternationalindia com	0.49980015	45	weak_or_no_token_overlap_jaccard_lt_0_2;shared_house_or_numeric_tokens
tfidf_recovered_v1_miss	S1-735356833	S3-343581902	S3	RX Creations Corp	Corp Rx Creations	1/9C, Rupchand Mukherjee Lane, Kolkata, Kolkata, Howrah, West Bengal	Kolkata, 1/9C, Rupchand Mukherjee Lane, Kolkata, Howrah, WB	india	india	rx creations corp	corp rx creations	rx creations	corp rx creations	1.00000000	2	strong_token_overlap_jaccard_ge_0_5;useful_address_token_overlap_jaccard_ge_0_5;shared_house_or_numeric_tokens
tfidf_recovered_v1_miss	S1-341330330	S3-114030464	S3	Services Intelligent Systems LLP	Services Intelligent	C/O Dev Narayan, Banda, Mahurai Badausa Atarra, Banda, Uttar Pradesh	C/o Dev Narayan, Banda, Mahurai Badausa Atarra, Banda, UP	india	india	services intelligent systems llp	services intelligent	services intelligent systems	services intelligent	1.00000000	4	strong_token_overlap_jaccard_ge_0_5;useful_address_token_overlap_jaccard_ge_0_5
tfidf_recovered_v1_miss	S1-842415239	S2-929264839	S2	FV Developers Private Limited	FV Developers Prívate Limited	Block11/Ts3&Ts5/Shilp/Tmp, Gr Flr Zone 1, Gift Sez-Pa, Gandhinagar, Gandhi Nagar, Gujarat	BLOCK11/TS&TS5/SHILP/TMP, GR FLR ZONE 1, GIFT SEZ-PA, GANDHINAGAR, Gujarat	india	india	fv developers private limited	fv developers prívate limited	fv developers	fv developers prívate	1.00000000	38	strong_token_overlap_jaccard_ge_0_5;useful_address_token_overlap_jaccard_ge_0_5;shared_house_or_numeric_tokens
still_missed_at_k50	S1-976147403	S3-671817349	S3	Shiv Solutions Limited	Shiv Limited Solutions	R-4 Greater Kailash, Part-Ii, New Delhi, Delhi	R-4 Greater Kailash, New Delhi, Greater Kailash, DL	india	india	shiv solutions limited	shiv limited solutions	shiv solutions	shiv limited solutions			strong_token_overlap_jaccard_ge_0_5;useful_address_token_overlap_jaccard_ge_0_5;shared_house_or_numeric_tokens
still_missed_at_k50	S1-910319161	S2-655529619	S2	Vignesh Tools Private Limited	privatevigneshtools.com	Flat No 202, Vijay Laxmi Apartment-I Plot No 198-A, Sindhi Colony, Bani Park, Jaipur, Rajasthan	DOOR NO 202, VIJAY LAXMI APARTMENT-I PLOT NO 198-A, SINDHI COLONY, JAIPUR, SUBHASH NAGAR, Rajasthan	india	india	vignesh tools private limited	privatevigneshtools com	vignesh tools	privatevigneshtools com			weak_or_no_token_overlap_jaccard_lt_0_2;heavy_character_difference_ratio_lt_60;useful_address_token_overlap_jaccard_ge_0_5;shared_house_or_numeric_tokens
still_missed_at_k50	S1-124658340	S3-46735563	S3	Continental Coalition	Continental Partners	107 Loblolly Drive, Bunker Hill, WV	0107 Loblolly Dr, Bunker Hhill, West Virginia	us	us	continental coalition	continental partners	continental coalition	continental partners			conflicting_numeric_tokens
still_missed_at_k50	S1-433782963	S3-469491283	S3	The Dent Tavern	@dénttavern	1436 Union Road, Unit 102, Gastonia, NC	Union Rd, Unit 102, Gastonia, North Carolina	us	us	the dent tavern	dénttavern	the dent tavern	dénttavern			weak_or_no_token_overlap_jaccard_lt_0_2;short_or_generic_name_le_one_core_token;shared_house_or_numeric_tokens
still_missed_at_k50	S1-783611323	S2-351751340	S2	Creative Onfolio LLC	confolio.com	415 Ferry Street, Dayton, OR	416 FERRY SAINT, DAYTON, OR	us	us	creative onfolio llc	confolio com	creative onfolio	confolio com			weak_or_no_token_overlap_jaccard_lt_0_2;conflicting_numeric_tokens
still_missed_at_k50	S1-350253899	S2-201981358	S2	Continental Liberty Hill L.L.C.	Continental Hill LLC Services	Rio Rancho, NM, 5013 Brighton Hills Drive		us	us	continental liberty hill llc	continental hill llc services	continental liberty hill	continental hill llc services			blank_target_address
still_missed_at_k50	S1-328135702	S3-231848705	S3	One Hospitality Private Limited	वन हॉस्पिटैलिटी प्राइवेट लिमिटेड	Plot No. 90, Ground Floor, Sector-28, Gurugram, Gurgaon, Haryana	Door No 90, Gurgaon, हरियाणा	india	india	one hospitality private limited	वन हॉस्पिटैलिटी प्राइवेट लिमिटेड	one hospitality	वन हॉस्पिटैलिटी प्राइवेट लिमिटेड			weak_or_no_token_overlap_jaccard_lt_0_2;heavy_character_difference_ratio_lt_60;different_script_possible_transliteration;shared_house_or_numeric_tokens
still_missed_at_k50	S1-524605434	S2-184362777	S2	Royal Aviation (India) Private Limited	royalaviationindia.com	C/O Kumari Durga, H No 225, Ambika Vihar, Near Punam Gas Godam, Phulwari, Patna, Bihar	NO G-903 C/O KUMARI DURGA, H NO 225, AMBIKA VIHAR, NEAR PUNAM GAS GODAM, PHULWARI, Bihar	india	india	royal aviation india private limited	royalaviationindia com	royal aviation india	royalaviationindia com			weak_or_no_token_overlap_jaccard_lt_0_2;useful_address_token_overlap_jaccard_ge_0_5;shared_house_or_numeric_tokens
still_missed_at_k50	S1-955185105	S3-783281111	S3	Lakshmi Consultancy Private Limited	லட்சுமி கன்சல்டன்சி பிரைவேட் லிமிடெட்	House No. X (10), Amaravathi Street, Subham Nagar, Zamin, Pallavaram, Kancheepuram, Tamil Nadu	House No. X (A-10), Amaravathi Street, Subham Nagar, Zamin, Kancheepuram, Pallavaram, TN	india	india	lakshmi consultancy private limited	லட்சுமி கன்சல்டன்சி பிரைவேட் லிமிடெட்	lakshmi consultancy	லட்சுமி கன்சல்டன்சி பிரைவேட் லிமிடெட்			weak_or_no_token_overlap_jaccard_lt_0_2;heavy_character_difference_ratio_lt_60;different_script_possible_transliteration;useful_address_token_overlap_jaccard_ge_0_5;shared_house_or_numeric_tokens
still_missed_at_k50	S1-252469533	S3-236797421	S3	Elayne Schmidt, DDS, DDS PC	elayneschmidtdds.com	1016 Adams Street, Peoria, IL	Adams St, Peoria, Illinois	us	us	elayne schmidt dds dds pc	elayneschmidtdds com	elayne schmidt dds dds	elayneschmidtdds com			weak_or_no_token_overlap_jaccard_lt_0_2
still_missed_at_k50	S1-625273256	S2-278725262	S2	Johnson Asset Inc	johnsonasset.com	809 Noyes Street, Utica, NY	621 NOYES STREET, UTICA, NY	us	us	johnson asset inc	johnsonasset com	johnson asset	johnsonasset com			weak_or_no_token_overlap_jaccard_lt_0_2;useful_address_token_overlap_jaccard_ge_0_5;conflicting_numeric_tokens
still_missed_at_k50	S1-469925303	S2-85736832	S2	Foot & Ankle Clinic Inc	Foot & Ánkle Clinic Inc	23 Colton Drive, Leicester, NC	COLTON DR, LEICESTER, NC	us	us	foot and ankle clinic inc	foot and ánkle clinic inc	foot and ankle clinic	foot and ánkle clinic			strong_token_overlap_jaccard_ge_0_5;useful_address_token_overlap_jaccard_ge_0_5
still_missed_at_k50	S1-946207748	S3-807202335	S3	Red Krishna Developers Private Limited	रेड कृष्ण डेवलपर्स प्राइवेट लिमिटेड	B-210, Block-B New Ashok Nagar, New Delhi, East Delhi, Delhi	B-6-210, Block-b New Ashok Nagar, East Delhi, DL	india	india	red krishna developers private limited	रेड कृष्ण डेवलपर्स प्राइवेट लिमिटेड	red krishna developers	रेड कृष्ण डेवलपर्स प्राइवेट लिमिटेड			weak_or_no_token_overlap_jaccard_lt_0_2;heavy_character_difference_ratio_lt_60;different_script_possible_transliteration;useful_address_token_overlap_jaccard_ge_0_5;shared_house_or_numeric_tokens
still_missed_at_k50	S1-199115638	S2-192131872	S2	Real Developers Private Limited	Real Dévelopers Private Limited	H/O- Dawarika Pd Yadav, S/O- Shivdhari Yadav, Mahdipur, Khagaria, Khagaria, Bihar	H/O- DAWARIKA PD YADAV, S/O- SHIVDHARI YADAV, MAHDIPUR, KHAGARIA, KHAGARIA, बिहार	india	india	real developers private limited	real dévelopers private limited	real developers	real dévelopers			useful_address_token_overlap_jaccard_ge_0_5
still_missed_at_k50	S1-903799166	S2-801808223	S2	Division of Buildings	Division  of Buildinmgs - 9683856733	490 Will-etta Place, Concord, NC	0490 WILL-ETTA PL, CONCORD, NC	us	us	division of buildings	division of buildinmgs 9683856733	division of buildings	division of buildinmgs 9683856733			useful_address_token_overlap_jaccard_ge_0_5;conflicting_numeric_tokens
still_missed_at_k50	S1-259473113	S2-997954385	S2	Hotel East Constructions Private Limited	ஹோட்டல் ஈஸ்ட் கன்ஸ்ட்ரக்ஷன்ஸ் பிரைவேட் லிமிடெட்	91, Varadharajapuram Main Roadteynampet Chennai, Chennai, Tamil Nadu	Tamil Nadu, VARADHARAJAPURAM MAIN ROADTEYNAMPET CHENNAI, CHENNAI, ABIRAMAPURAM, 91	india	india	hotel east constructions private limited	ஹோட்டல் ஈஸ்ட் கன்ஸ்ட்ரக்ஷன்ஸ் பிரைவேட் லிமிடெட்	hotel east constructions	ஹோட்டல் ஈஸ்ட் கன்ஸ்ட்ரக்ஷன்ஸ் பிரைவேட் லிமிடெட்			weak_or_no_token_overlap_jaccard_lt_0_2;heavy_character_difference_ratio_lt_60;different_script_possible_transliteration;useful_address_token_overlap_jaccard_ge_0_5;shared_house_or_numeric_tokens
still_missed_at_k50	S1-450989081	S3-373752894	S3	Dynamic Infrastructure Private Limited	Shri Dynamic Infrastructure Private Ltd	Hyderabad, Telangana, Neelima Greens Talkie Town, Miyapur, 139, Tirumalagiri		india	india	dynamic infrastructure private limited	shri dynamic infrastructure private ltd	dynamic infrastructure	shri dynamic infrastructure			strong_token_overlap_jaccard_ge_0_5;blank_target_address
still_missed_at_k50	S1-324445596	S3-180057807	S3	Louisville Wildlife Center Inc	louisvillewildlifecenter.com	9401 Hurstbourne Crossings Dr, Unit 133, Louisville, KY	Hurstbourne Crossings Dr, Unit 133, Louisville, Kentucky	us	us	louisville wildlife center inc	louisvillewildlifecenter com	louisville wildlife center	louisvillewildlifecenter com			weak_or_no_token_overlap_jaccard_lt_0_2;useful_address_token_overlap_jaccard_ge_0_5;shared_house_or_numeric_tokens
still_missed_at_k50	S1-66232516	S2-744312088	S2	Smith Beacon Universal LLC	*** Smith Beacon	139 Siebert Road, Lancaster, NY	39 Siebert Rd, LANCASTER, NY	us	us	smith beacon universal llc	smith beacon	smith beacon universal	smith beacon			strong_token_overlap_jaccard_ge_0_5;conflicting_numeric_tokens
still_missed_at_k50	S1-492149597	S2-817888791	S2	Bombay Tech Private Limited	बॉम्बे टेक प्राइवेट लिमिटेड	Flat No. 101, Shirke, Layout, Raj Nagar, Nagpur, Maharashtra	FLAT NO. 101, SHIRKE, LAYOUT, RAJ NAGAR, NAGPUR, Maharashtra	india	india	bombay tech private limited	बॉम्बे टेक प्राइवेट लिमिटेड	bombay tech	बॉम्बे टेक प्राइवेट लिमिटेड			weak_or_no_token_overlap_jaccard_lt_0_2;heavy_character_difference_ratio_lt_60;different_script_possible_transliteration;useful_address_token_overlap_jaccard_ge_0_5;shared_house_or_numeric_tokens
still_missed_at_k50	S1-108876253	S3-379760249	S3	Northern Academy	Northern ácademy	IA, Brooklyn, 1115 Lakeshore Drive	9115 Lakeshore Dr, Brooklyn, Iowa	us	us	northern academy	northern ácademy	northern academy	northern ácademy			conflicting_numeric_tokens
still_missed_at_k50	S1-81036953	S2-775315529	S2	Universal Investment Private Limited	यूनिवर्सल इन्वेस्टमेंट प्राइवेट लिमिटेड	C/O Regus Business Centre P. Ltd, Raheja Centre Pt 294Cst Rd Nr Mumbai University, Kalina S, Mumbai, Mumbai City, Maharashtra	MUMBAI (SUBURBAN), BOMBAY, Maharashtra, RAHEJA CENTRE PT 294CST RD NR MUMBAI UNIVERSITY, KALINA S, C/O REGUS BUSINESS CENTRE P. LTD	india	india	universal investment private limited	यूनिवर्सल इन्वेस्टमेंट प्राइवेट लिमिटेड	universal investment	यूनिवर्सल इन्वेस्टमेंट प्राइवेट लिमिटेड			weak_or_no_token_overlap_jaccard_lt_0_2;heavy_character_difference_ratio_lt_60;different_script_possible_transliteration;useful_address_token_overlap_jaccard_ge_0_5;shared_house_or_numeric_tokens
still_missed_at_k50	S1-601964187	S3-402799651	S3	Green Trading Private Limited	গ্রীন ট্রেডিং প্রাইভেট লিমিটেড	West Bengal, Kolkata, 12 Joyshree Park, Howrah, Block-E, Behala, Kolkata	No 12 Joyshree Park, Kolkata, Howrah, পশ্চিমবঙ্গ	india	india	green trading private limited	গ্রীন ট্রেডিং প্রাইভেট লিমিটেড	green trading	গ্রীন ট্রেডিং প্রাইভেট লিমিটেড			weak_or_no_token_overlap_jaccard_lt_0_2;heavy_character_difference_ratio_lt_60;different_script_possible_transliteration;shared_house_or_numeric_tokens
still_missed_at_k50	S1-732656990	S2-764398928	S2	Taos Literacy All Federation LLC	taosallliteracy.com	414 28 Camino De La Placita, Taos, NM	TAOS, 414 28 1/2 CAMINO DE LA PLACITA, NM	us	us	taos literacy all federation llc	taosallliteracy com	taos literacy all federation	taosallliteracy com			weak_or_no_token_overlap_jaccard_lt_0_2;heavy_character_difference_ratio_lt_60;useful_address_token_overlap_jaccard_ge_0_5;shared_house_or_numeric_tokens
still_missed_at_k50	S1-796459040	S3-552545911	S3	Daex Premier Property Solutions Inc	Daexpremierproperty.Com	303 36th Avenue, Hickory, NC	305 36th Avenue, Hickory, North Carolina	us	us	daex premier property solutions inc	daexpremierproperty com	daex premier property solutions	daexpremierproperty com			weak_or_no_token_overlap_jaccard_lt_0_2;shared_house_or_numeric_tokens
still_missed_at_k50	S1-487030868	S2-941884589	S2	Hotel Industries Private Limited	Dr -- Hotel  Industries Private Ltd	Pune, Maharashtra, 45 A Laxmanraokirloskar Marg Khadki, Pune	045 A LAXMANRAOKIRLOSKAR MARG KHADKI, PUNE, Maharashtra	india	india	hotel industries private limited	dr hotel industries private ltd	hotel industries	dr hotel industries			strong_token_overlap_jaccard_ge_0_5;useful_address_token_overlap_jaccard_ge_0_5;conflicting_numeric_tokens
still_missed_at_k50	S1-368512664	S2-587040321	S2	Surya Foundation Private Limited	#SURYAFOUNDATION	A 201/202, Maheshwari Nagar, Orkay Mill Lane, M.I.D.C., Andheri East, Mumbai, Mumbai, Mumbai City, Maharashtra	A 201/202, MAHESHWARI NAGAR, ORKAY MIHL LANE, M.I.D.C., ANDHERI EAST, MUMBAI, MUMBAI, Maharashtra	india	india	surya foundation private limited	suryafoundation	surya foundation	suryafoundation			weak_or_no_token_overlap_jaccard_lt_0_2;short_or_generic_name_le_one_core_token;useful_address_token_overlap_jaccard_ge_0_5;shared_house_or_numeric_tokens
still_missed_at_k50	S1-968789124	S3-534504212	S3	Prime Coastal Redwood LLC	rpcoastal.com	Charlotte, 234 1st Street, IA	234 First Street, Charlotte, Iowa	us	us	prime coastal redwood llc	rpcoastal com	prime coastal redwood	rpcoastal com			weak_or_no_token_overlap_jaccard_lt_0_2;heavy_character_difference_ratio_lt_60;shared_house_or_numeric_tokens
still_missed_at_k50	S1-903224804	S2-689051749	S2	United Constructions LLP	यूनाइटेड कंस्ट्रक्शंस एलएलपी	S-2/1-14-C, Bhuneshwar Nagar Colony Ordely Bazar, Varanasi, Uttar Pradesh	S-2/1-14-C, BHUNESHWAR NAGAR COLONY ORDELY BAZAR, VARANASI, Uttar Pradesh	india	india	united constructions llp	यूनाइटेड कंस्ट्रक्शंस एलएलपी	united constructions	यूनाइटेड कंस्ट्रक्शंस एलएलपी			weak_or_no_token_overlap_jaccard_lt_0_2;heavy_character_difference_ratio_lt_60;different_script_possible_transliteration;useful_address_token_overlap_jaccard_ge_0_5;shared_house_or_numeric_tokens
still_missed_at_k50	S1-235928895	S2-563352913	S2	Corner Tavern PLLC	cornertavern.com	167 Main Street, Ashland, ME	167 MAIN STREET, ASHLAND, ME	us	us	corner tavern pllc	cornertavern com	corner tavern pllc	cornertavern com			weak_or_no_token_overlap_jaccard_lt_0_2;useful_address_token_overlap_jaccard_ge_0_5;shared_house_or_numeric_tokens
still_missed_at_k50	S1-11692500	S2-797419090	S2	Pediatric Clinic Ltd	Pediatric Cisc Ltd	7473 River Bottom Road, Hanover, IN	473 River Bottom Rd, HANOVER, IN	us	us	pediatric clinic ltd	pediatric cisc ltd	pediatric clinic	pediatric cisc			useful_address_token_overlap_jaccard_ge_0_5;conflicting_numeric_tokens
still_missed_at_k50	S1-22089765	S3-82614226	S3	Horizon Logistics Works LLC	Horizon Logistics Works L1c	16015 Wausau Avenue, South Holland, IL	6015 Wausau Avenue, S. Hollnd, Illinois	us	us	horizon logistics works llc	horizon logistics works l1c	horizon logistics works	horizon logistics works l1c			strong_token_overlap_jaccard_ge_0_5;conflicting_numeric_tokens
still_missed_at_k50	S1-125085410	S2-282201090	S2	Indo Services Limited	ಇಂಡೋ ಸರ್ವಿಸಸ್ ಲಿಮಿಟೆಡ್	Sri Sai Nilaya, 49/A, 2Nd Floor, 2Nd B Cross 2Nd Main Green Park Layout, Bangalore, Karnataka	SRI SAI NILAYA, 2ND B CROSS 2ND MAIN GREEN PARK LAYOUT, BENGALURU HRBR LAYOUT, ಕರ್ನಾಟಕ	india	india	indo services limited	ಇಂಡೋ ಸರ್ವಿಸಸ್ ಲಿಮಿಟೆಡ್	indo services	ಇಂಡೋ ಸರ್ವಿಸಸ್ ಲಿಮಿಟೆಡ್			weak_or_no_token_overlap_jaccard_lt_0_2;heavy_character_difference_ratio_lt_60;different_script_possible_transliteration;useful_address_token_overlap_jaccard_ge_0_5;shared_house_or_numeric_tokens
still_missed_at_k50	S1-701954536	S3-394596510	S3	Sunrise Consultants Private Limited	सनराइज कंसल्टेंट्स प्राइवेट लिमिटेड	10 Shivalik, Near Sai Mandir Sector 61 Noida, Gautam Buddha Nagar, Uttar Pradesh	No 10 Shivalik, Gautam Bodda Nagar, Gautam Buddha Nagar, UP	india	india	sunrise consultants private limited	सनराइज कंसल्टेंट्स प्राइवेट लिमिटेड	sunrise consultants	सनराइज कंसल्टेंट्स प्राइवेट लिमिटेड			weak_or_no_token_overlap_jaccard_lt_0_2;heavy_character_difference_ratio_lt_60;different_script_possible_transliteration;shared_house_or_numeric_tokens
still_missed_at_k50	S1-996462997	S2-358966471	S2	White Finance Private Limited	ହ୍ୱାଇଟ୍ ଫାଇନାନ୍ସ୍ ପ୍ରାଇଭେଟ୍ ଲିମିଟେଡ୍	Khalguda, Near Belpahar Municipality Office, P.O.-Gumadera, P.S. -Belpahar, Dist.-Jha, Rsuguda, Jharsuguda, Orissa	KHALGUDA, JHARSUGUDA, Odisha	india	india	white finance private limited	ହ୍ୱାଇଟ୍ ଫାଇନାନ୍ସ୍ ପ୍ରାଇଭେଟ୍ ଲିମିଟେଡ୍	white finance	ହ୍ୱାଇଟ୍ ଫାଇନାନ୍ସ୍ ପ୍ରାଇଭେଟ୍ ଲିମିଟେଡ୍			weak_or_no_token_overlap_jaccard_lt_0_2;heavy_character_difference_ratio_lt_60;different_script_possible_transliteration
still_missed_at_k50	S1-468792261	S3-993107786	S3	Star Agency Private Limited	5tar Agency	Romm No:7/2A, Ground Floor, Krishna Building Pazhiyottumuri, P O Vellarkkad, Thrissur, Kerala	Romm No:7/2a, Ground Floor, Krishna Building Pazhiyottumuri, P O Vellarkkad, Thrissur, KL	india	india	star agency private limited	5tar agency	star agency	5tar agency			heavy_character_difference_ratio_lt_60;useful_address_token_overlap_jaccard_ge_0_5;shared_house_or_numeric_tokens
still_missed_at_k50	S1-862109395	S3-537181103	S3	Sky Investment Private Limited	स्काई इन्वेस्टमेंट प्राइवेट लिमिटेड	Pune, 1180, Maharashtra, Budhwar Peth, Tulsibag, Shop Shree Krishna Arcade, Bajirao Road	1180, Poona, Pune, MH	india	india	sky investment private limited	स्काई इन्वेस्टमेंट प्राइवेट लिमिटेड	sky investment	स्काई इन्वेस्टमेंट प्राइवेट लिमिटेड			weak_or_no_token_overlap_jaccard_lt_0_2;heavy_character_difference_ratio_lt_60;different_script_possible_transliteration;shared_house_or_numeric_tokens
still_missed_at_k50	S1-347776128	S3-472042415	S3	Investments Public School Ltd	Investments Public Shahl Ltd	Sno 8/13 Part Erandwane, Pune City, Suma Shilp Ltd Off 5, Maharashtra, Pune	Pune City, Pune, MH, Suma Shilp Ltd Off 5	india	india	investments public school ltd	investments public shahl ltd	investments public school	investments public shahl			strong_token_overlap_jaccard_ge_0_5;useful_address_token_overlap_jaccard_ge_0_5;shared_house_or_numeric_tokens
still_missed_at_k50	S1-649769140	S3-219498999	S3	Johnson Spa LLC	Johnson LLC Service	13040 Cleveland Road, Pataskala, OH	Cleveland Rd, Pataskala, Ohio	us	us	johnson spa llc	johnson llc service	johnson spa	johnson llc service			
still_missed_at_k50	S1-480575703	S2-299654600	S2	Surgical Select Care Associates	SURGICAL SELECT CARE ÁSSOCIATES	5200 C Woodland Drive, Oak Forest, IL	005200 C WOODLAND DR, OAK FOREST, IL	us	us	surgical select care associates	surgical select care ássociates	surgical select care associates	surgical select care ássociates			strong_token_overlap_jaccard_ge_0_5;useful_address_token_overlap_jaccard_ge_0_5;conflicting_numeric_tokens
still_missed_at_k50	S1-530905453	S2-813988272	S2	Royal Estate Private Limited	रॉयल एस्टेट प्राइवेट लिमिटेड	Parking No. 06, Transport Nagar, Bahodapur, Gird, Gwalior, Madhya Pradesh	TRANSPORT NAGAR, BAHODAPUR, GWALIOR, PAKRING NO. #06, Madhya Pradesh, GIRD	india	india	royal estate private limited	रॉयल एस्टेट प्राइवेट लिमिटेड	royal estate	रॉयल एस्टेट प्राइवेट लिमिटेड			weak_or_no_token_overlap_jaccard_lt_0_2;heavy_character_difference_ratio_lt_60;different_script_possible_transliteration;useful_address_token_overlap_jaccard_ge_0_5;shared_house_or_numeric_tokens
still_missed_at_k50	S1-395116661	S2-511601248	S2	Bangalore North Infrastructure Limited	Bangal0re North Infrastructure (Limited)	Presitge Sigma 5Th Floor, No. 3 Vittal Mallya Road, Bangalore North, Bangalore, Karnataka	PRESITGE SIGMA 5TH  FLOOR, NO. 3 VITTAL MALLYA ROAD, BANGALORE NORTH, <NULL>, Karnataka	india	india	bangalore north infrastructure limited	bangal0re north infrastructure limited	bangalore north infrastructure	bangal0re north infrastructure			strong_token_overlap_jaccard_ge_0_5;useful_address_token_overlap_jaccard_ge_0_5;shared_house_or_numeric_tokens
still_missed_at_k50	S1-340256769	S2-125839671	S2	Abis Focus Private Limited	ABlS FOCUS	The Millenia, Tower D, Annex Level 1, 1 & 2, Murphy Road, Ulsoor, Bangalore, Karnataka	BENGALURU, THE MILLENIA, BANGALORE, TOWER D, ANNEX LEVEL 1, 1 & 2, MURPHY ROAD, ULSOOR, Karnataka	india	india	abis focus private limited	abls focus	abis focus	abls focus			heavy_character_difference_ratio_lt_60;useful_address_token_overlap_jaccard_ge_0_5;shared_house_or_numeric_tokens
still_missed_at_k50	S1-345664690	S2-963954480	S2	Digital Technology Private Limited	ડિજિટલ ટેક્નોલોજી પ્રાઇવેટ લિમિટેડ	Jamnagar Transport Company Delhi Gate, Unapani Road Opp Satkar Hotel, Surat, Gujarat	JAMNAGAR TRANSPORT COMPANY DELHI GATE, UNAPANI ROAD OPP SATKAR HOTEL, SURAT, Gujarat	india	india	digital technology private limited	ડિજિટલ ટેક્નોલોજી પ્રાઇવેટ લિમિટેડ	digital technology	ડિજિટલ ટેક્નોલોજી પ્રાઇવેટ લિમિટેડ			weak_or_no_token_overlap_jaccard_lt_0_2;heavy_character_difference_ratio_lt_60;different_script_possible_transliteration;useful_address_token_overlap_jaccard_ge_0_5
still_missed_at_k50	S1-602433895	S3-72115842	S3	Ram Global Private Limited	ராம் குளோபல் பிரைவேட் லிமிடெட்	No.311, 3Rd Floor, Sanganoor Road, Coimbatore North, Coimbatore, Tamil Nadu	311, Coimbatore North, TN	india	india	ram global private limited	ராம் குளோபல் பிரைவேட் லிமிடெட்	ram global	ராம் குளோபல் பிரைவேட் லிமிடெட்			weak_or_no_token_overlap_jaccard_lt_0_2;heavy_character_difference_ratio_lt_60;different_script_possible_transliteration;shared_house_or_numeric_tokens
still_missed_at_k50	S1-386922779	S2-901363655	S2	Glt Engineers	gltengineers.com	S 92 Third Floor Panchsheel Park, Delhi, New Delhi, Delhi	S 92 THIRD FLOOR PANCHSHEEL PARK, DELHI, Delhi	india	india	glt engineers	gltengineers com	glt engineers	gltengineers com			weak_or_no_token_overlap_jaccard_lt_0_2;useful_address_token_overlap_jaccard_ge_0_5;shared_house_or_numeric_tokens
still_missed_at_k50	S1-852508374	S3-130921497	S3	Balaji Global Private Limited	Limited Balaji Global Center	H.No. 1, Ground Floor, Bunglows Harcharan Bagh, New Delhi, South Delhi, Delhi	H.no. 1, Ground Floor, Bunglows Harcharan Bagh, New Delhi, South, DL	india	india	balaji global private limited	limited balaji global center	balaji global	limited balaji global center			strong_token_overlap_jaccard_ge_0_5;heavy_character_difference_ratio_lt_60;useful_address_token_overlap_jaccard_ge_0_5;shared_house_or_numeric_tokens
still_missed_at_k50	S1-574051636	S3-574337593	S3	Pacific Medical Union LLC	Pacific Únion LLC Center	3366 Middleville Road, Bridgeport, WV	Middleville Rd, Bridgeport, West Virginia	us	us	pacific medical union llc	pacific únion llc center	pacific medical union	pacific únion llc center			weak_or_no_token_overlap_jaccard_lt_0_2
still_missed_at_k50	S1-669738857	S2-560664325	S2	Indrraj Xr	indrrajxr.com	Aw-25, Apple Wood Lane, Gurgaon, Haryana	###760 AW-25, APPLE WOOD LANE, GURGAON, Haryana	india	india	indrraj xr	indrrajxr com	indrraj xr	indrrajxr com			weak_or_no_token_overlap_jaccard_lt_0_2;useful_address_token_overlap_jaccard_ge_0_5;shared_house_or_numeric_tokens
still_missed_at_k50	S1-976629082	S3-580446066	S3	Horizon Intelligence Enterprises Inc	Horizon Intelligence	214 Perry Leviner Road, Rockingham, NC	Perry Leviner Road, Rockingham, North Carolina	us	us	horizon intelligence enterprises inc	horizon intelligence	horizon intelligence enterprises	horizon intelligence			strong_token_overlap_jaccard_ge_0_5;useful_address_token_overlap_jaccard_ge_0_5
still_missed_at_k50	S1-38380841	S3-113484469	S3	North Indian Products Private Limited	नॉर्थ इंडियन प्रोडक्ट्स प्राइवेट लिमिटेड	Shop No.12, Iind Floor, Sunil Complex Western Kutchery Road, Meerut, Uttar Pradesh	No 14, Iind Floor, Sunil Complex Western Kutchery Road, Ghaziabad, Meerut, UP	india	india	north indian products private limited	नॉर्थ इंडियन प्रोडक्ट्स प्राइवेट लिमिटेड	north indian products	नॉर्थ इंडियन प्रोडक्ट्स प्राइवेट लिमिटेड			weak_or_no_token_overlap_jaccard_lt_0_2;heavy_character_difference_ratio_lt_60;different_script_possible_transliteration;useful_address_token_overlap_jaccard_ge_0_5;conflicting_numeric_tokens
still_missed_at_k50	S1-783538135	S3-147081972	S3	Metro Green Robotics Inc	Inc Metro Grge Robotics	4 Rombout Ridge, La Grange, NY	##4 Rombout Rdg, <NULL>, La Grange, New York	us	us	metro green robotics inc	inc metro grge robotics	metro green robotics	inc metro grge robotics			shared_house_or_numeric_tokens
still_missed_at_k50	S1-350935922	S2-910943097	S2	Gujarat Investments Limited	குஜராத் இன்வெஸ்ட்மெண்ட்ஸ் லிமிடெட்	No 4/6, Ii Floor, Lakshmi Colony, Chennai, Tamil Nadu	NO 4/6, CHENNAI, தமிழ்நாடு	india	india	gujarat investments limited	குஜராத் இன்வெஸ்ட்மெண்ட்ஸ் லிமிடெட்	gujarat investments	குஜராத் இன்வெஸ்ட்மெண்ட்ஸ் லிமிடெட்			weak_or_no_token_overlap_jaccard_lt_0_2;heavy_character_difference_ratio_lt_60;different_script_possible_transliteration;shared_house_or_numeric_tokens
still_missed_at_k50	S1-287771784	S3-156142460	S3	Dynamic Business Limited	डायनामिक बिजनेस लिमिटेड	South Delhi, New Delhi, Delhi, L72A Malviya Nagar	L72a Malviya Nagar, New Delhi, South Delhi, दिल्ली	india	india	dynamic business limited	डायनामिक बिजनेस लिमिटेड	dynamic business	डायनामिक बिजनेस लिमिटेड			weak_or_no_token_overlap_jaccard_lt_0_2;heavy_character_difference_ratio_lt_60;different_script_possible_transliteration;useful_address_token_overlap_jaccard_ge_0_5;shared_house_or_numeric_tokens
still_missed_at_k50	S1-944362934	S2-248032016	S2	City Of Madison Human Rights Supreme Trust LLC	ÁRCORBI	3629 Cascade Road, City Of Madison, WI	362 CASCADE RD, CITY OF MADISON, WI	us	us	city of madison human rights supreme trust llc	árcorbi	city of madison human rights supreme trust	árcorbi			weak_or_no_token_overlap_jaccard_lt_0_2;heavy_character_difference_ratio_lt_60;short_or_generic_name_le_one_core_token;useful_address_token_overlap_jaccard_ge_0_5;conflicting_numeric_tokens
still_missed_at_k50	S1-738425396	S2-202711433	S2	Sai Enterprises Private Limited	साई एंटरप्राइजेज प्राइवेट लिमिटेड	Uttar Pradesh, Meerut, Kanker Khera Meerut, H.N- C-608 Sanik Vihar, Meerut	H.N- C-608. SANIK VIHAR, KANKER KHERA MEERUT, MEERUT, Uttar Pradesh	india	india	sai enterprises private limited	साई एंटरप्राइजेज प्राइवेट लिमिटेड	sai enterprises	साई एंटरप्राइजेज प्राइवेट लिमिटेड			weak_or_no_token_overlap_jaccard_lt_0_2;heavy_character_difference_ratio_lt_60;different_script_possible_transliteration;useful_address_token_overlap_jaccard_ge_0_5;shared_house_or_numeric_tokens
still_missed_at_k50	S1-439564486	S2-700441732	S2	Sky Trading Private Limited	स्काई ट्रेडिंग प्राइवेट लिमिटेड	Chandauli, Uttar Pradesh, Mughal Sarai, Chandauli, Bp-271 Ravi Nagar	BP-271 RAVI NAGAR, CHANDAULI, Uttar Pradesh	india	india	sky trading private limited	स्काई ट्रेडिंग प्राइवेट लिमिटेड	sky trading	स्काई ट्रेडिंग प्राइवेट लिमिटेड			weak_or_no_token_overlap_jaccard_lt_0_2;heavy_character_difference_ratio_lt_60;different_script_possible_transliteration;useful_address_token_overlap_jaccard_ge_0_5;shared_house_or_numeric_tokens
still_missed_at_k50	S1-581312764	S2-722036051	S2	Johnson, Park and Baker Inc	Inc Johnson, Park and Baker	10 Pinto Road, Angel Fire, NM	PINTO RD, ANGEL FIRE, NM	us	us	johnson park and baker inc	inc johnson park and baker	johnson park and baker	inc johnson park and baker			strong_token_overlap_jaccard_ge_0_5;useful_address_token_overlap_jaccard_ge_0_5
still_missed_at_k50	S1-470437316	S2-337893893	S2	Tech Investment	ಟೆಕ್ ಇನ್ವೆಸ್ಟ್‌ಮೆಂಟ್	No 43/2, G Block Sahakara Nagar, Bangalore, Karnataka	DOOR NO D/43/2, G BLOCK SAHAKARA NAGAR, BANGALORE, Karnataka	india	india	tech investment	ಟೆಕ್ ಇನ್ವೆಸ್ಟ್‌ಮೆಂಟ್	tech investment	ಟೆಕ್ ಇನ್ವೆಸ್ಟ್‌ಮೆಂಟ್			weak_or_no_token_overlap_jaccard_lt_0_2;heavy_character_difference_ratio_lt_60;different_script_possible_transliteration;useful_address_token_overlap_jaccard_ge_0_5;shared_house_or_numeric_tokens
still_missed_at_k50	S1-311402368	S2-209240860	S2	Obsidian LLC	Obsidian	2314 Hamilton Street, City Of Manitowoc, WI	314 HAMILTON STREET, MANITOWOC, WI	us	us	obsidian llc	obsidian	obsidian	obsidian			exact_core_name;strong_token_overlap_jaccard_ge_0_5;short_or_generic_name_le_one_core_token;useful_address_token_overlap_jaccard_ge_0_5;conflicting_numeric_tokens
still_missed_at_k50	S1-691866075	S2-955714346	S2	V & X National, Inc	V V & X	11372 204, Jacksonville, TX	11372 204, JACKSONVILLE, TX	us	us	v and x national inc	v v and x	v and x national	v v and x			strong_token_overlap_jaccard_ge_0_5;heavy_character_difference_ratio_lt_60;useful_address_token_overlap_jaccard_ge_0_5;shared_house_or_numeric_tokens;shared_postal_candidate
still_missed_at_k50	S1-498514716	S3-1360185	S3	Hyper Consultancy	Brixsol Labs	52/58 Basement Chittaranjan Park, New Delhi, Delhi	52/58 Basement Chittaranjan Park, New Delhi, Delhi, New Delhi	india	india	hyper consultancy	brixsol labs	hyper consultancy	brixsol labs			weak_or_no_token_overlap_jaccard_lt_0_2;heavy_character_difference_ratio_lt_60;useful_address_token_overlap_jaccard_ge_0_5;shared_house_or_numeric_tokens
still_missed_at_k50	S1-741138565	S2-515607118	S2	Indian Enterprises Limited	इंडियन एंटरप्राइजेज लिमिटेड	N K Towers, Purohit Ji Ka Bagh Gopinath Marg, Jaipur, Rajasthan	N K TOWERS, PUROHIT JI KA BAGH GOPINATH MARG, JAIPUR, Rajasthan	india	india	indian enterprises limited	इंडियन एंटरप्राइजेज लिमिटेड	indian enterprises	इंडियन एंटरप्राइजेज लिमिटेड			weak_or_no_token_overlap_jaccard_lt_0_2;heavy_character_difference_ratio_lt_60;different_script_possible_transliteration;useful_address_token_overlap_jaccard_ge_0_5
still_missed_at_k50	S1-153640955	S2-909919522	S2	Southern First Copper	Southem First Cópper Cópper	3620 Pioneers Boulevard, Lincoln, NE	LINCOLN CITY, NE, 003620 PIONEERS BOULEVARD	us	us	southern first copper	southem first cópper cópper	southern first copper	southem first cópper cópper			useful_address_token_overlap_jaccard_ge_0_5;conflicting_numeric_tokens
still_missed_at_k50	S1-723026502	S2-474800597	S2	New Global	ನ್ಯೂ ಗ್ಲೋಬಲ್	No 748/18 (A) 2Nd Floor 8Th Main Road Near Panchamuki Temple Mahalakshmi Layou, T, Bengaluru, Bangalore, Karnataka	746/18 (A) 2ND FLOOR 8TH MAIN ROAD NEAR PANCHAMUKI TEMPLE MAHALAKSHMI LAYOU, T, BENGALURU, BANGALORE, Karnataka	india	india	new global	ನ್ಯೂ ಗ್ಲೋಬಲ್	new global	ನ್ಯೂ ಗ್ಲೋಬಲ್			weak_or_no_token_overlap_jaccard_lt_0_2;heavy_character_difference_ratio_lt_60;different_script_possible_transliteration;useful_address_token_overlap_jaccard_ge_0_5;shared_house_or_numeric_tokens
still_missed_at_k50	S1-746051209	S2-244884768	S2	Tirupati Vision Tech Pvt Ltd	तिरुपति विजन टेक Pvt Ltd	Banu Mansionnadirshah Sukhia Street Fort, Mumbai, Maharashtra	BANU MANSIONNADIRSHAH SUKHIA STREET FORT, BOMBAY, MUMBAI, महाराष्ट्र	india	india	tirupati vision tech pvt ltd	तिरुपति विजन टेक pvt ltd	tirupati vision tech	तिरुपति विजन टेक			weak_or_no_token_overlap_jaccard_lt_0_2;heavy_character_difference_ratio_lt_60;different_script_possible_transliteration;useful_address_token_overlap_jaccard_ge_0_5
still_missed_at_k50	S1-299110224	S2-483628054	S2	Varada & Co	Vgaida & Co	Salem, D.No.95/37, Gugai Mariamman Koil Main Road, Gagai, Tamil Nadu	தமிழ்நாடு, SALEM, D.NO.95/37	india	india	varada and co	vgaida and co	varada and	vgaida and			shared_house_or_numeric_tokens
still_missed_at_k50	S1-872953878	S2-374719854	S2	Om Investment LLP	L.L.P. Om Investment	648/A, 4Th Flr, Binnamangala 1St Stg, Bangalore North, Bangalore, Karnataka	BANGALORE, BANGALORE NORTH, Karnataka, 6-48/A	india	india	om investment llp	llp om investment	om investment	llp om investment			strong_token_overlap_jaccard_ge_0_5;conflicting_numeric_tokens
still_missed_at_k50	S1-529403118	S3-133412024	S3	AD Financial Private Limited	adfinancial.com	#84 Ground Floor, 3Rd Cross, Govinda Reddy Layout, Near By Arekere Mico Layout, Bannerghatt, A Road, Bangalore, Karnataka	A Road, KA, 3Rd Cross, Govinda Reddy Layout, Near By Arekere Mico Layout, Bannerghatt, Bangalore, Door No 4-84 Ground Floor	india	india	ad financial private limited	adfinancial com	ad financial	adfinancial com			weak_or_no_token_overlap_jaccard_lt_0_2;useful_address_token_overlap_jaccard_ge_0_5;shared_house_or_numeric_tokens
still_missed_at_k50	S1-750175998	S2-647027085	S2	Veterans Project	VETERAN5  PARTNERS	225 Howe Street, Jacksonville, IL	225 HOWE ST, JACKSONVILLE, IL	us	us	veterans project	veteran5 partners	veterans project	veteran5 partners			weak_or_no_token_overlap_jaccard_lt_0_2;useful_address_token_overlap_jaccard_ge_0_5;shared_house_or_numeric_tokens
still_missed_at_k50	S1-532169385	S2-286314220	S2	Grand Marine Networks Center	networksmarine.com	3181 Walnut Street, Canton, OH	CANTON, OH, 318 WALNUT ST	us	us	grand marine networks center	networksmarine com	grand marine networks center	networksmarine com			weak_or_no_token_overlap_jaccard_lt_0_2;heavy_character_difference_ratio_lt_60;conflicting_numeric_tokens
still_missed_at_k50	S1-425011052	S2-99498876	S2	Hitech Infra Private Limited	हाईटेक इंफ्रा प्राइवेट लिमिटेड	J-1Lower Ground Floor Kailash Colony, New Delhi, South Delhi, Delhi	NO 580 J-1LOWER GROUND FLOOR KAILASH COLONY, NULL, SOUTH DELHI, NEW DELHI, Delhi	india	india	hitech infra private limited	हाईटेक इंफ्रा प्राइवेट लिमिटेड	hitech infra	हाईटेक इंफ्रा प्राइवेट लिमिटेड			weak_or_no_token_overlap_jaccard_lt_0_2;heavy_character_difference_ratio_lt_60;different_script_possible_transliteration;useful_address_token_overlap_jaccard_ge_0_5;shared_house_or_numeric_tokens
still_missed_at_k50	S1-920743098	S2-139499075	S2	Sunrise Solutions Private Limited	సన్‌రైజ్ సొల్యూషన్స్ ప్రైవేట్ లిమిటెడ్	1-54, Ganapavarigudem Lingapalem Mandal, Kothugokavaram, West Godavari, Andhra Pradesh	GANAPAVARIGUDEM LINGAPALEM MANDAL, 1-54, ఆంధ్రప్రదేశ్, WEST GODAVARI, KOTHUGOKAVARAM	india	india	sunrise solutions private limited	సన్‌రైజ్ సొల్యూషన్స్ ప్రైవేట్ లిమిటెడ్	sunrise solutions	సన్‌రైజ్ సొల్యూషన్స్ ప్రైవేట్ లిమిటెడ్			weak_or_no_token_overlap_jaccard_lt_0_2;heavy_character_difference_ratio_lt_60;different_script_possible_transliteration;useful_address_token_overlap_jaccard_ge_0_5;shared_house_or_numeric_tokens
still_missed_at_k50	S1-960444041	S3-560048522	S3	Baba Consulting Limited	ಬಾಬಾ ಕನ್ಸಲ್ಟಿಂಗ್ ಲಿಮಿಟೆಡ್	Shop No. F-28, Door No. 2-171/18(70), First Floor, Kingdom Tower, Besides Unity Hall, Opposite Nagana Katte, Nh-66, Thokkottu, Mangalore, Dakshina Kannada, Karnataka	Shop No. F-##28, Door No. 2-171/18(70), First Floor, Kingdom Tower, Besides Unity Hall, Opposite Nagana Katte, Nh-66, Thokkottu, Mangalore, Dakshina Kannada, KA	india	india	baba consulting limited	ಬಾಬಾ ಕನ್ಸಲ್ಟಿಂಗ್ ಲಿಮಿಟೆಡ್	baba consulting	ಬಾಬಾ ಕನ್ಸಲ್ಟಿಂಗ್ ಲಿಮಿಟೆಡ್			weak_or_no_token_overlap_jaccard_lt_0_2;heavy_character_difference_ratio_lt_60;different_script_possible_transliteration;useful_address_token_overlap_jaccard_ge_0_5;shared_house_or_numeric_tokens
still_missed_at_k50	S1-408369372	S3-959625286	S3	Creative Agro Private Limited	கிரியேட்டிவ் அக்ரோ பிரைவேட் லிமிடெட்	Plot No.121A & 121B, Bhuvaneshwari Nagar, Velachery, Chennai, Tamil Nadu	Plot No.121a & 121B, Bhuvaneshwari Nagar, Velachery, Chennai, TN	india	india	creative agro private limited	கிரியேட்டிவ் அக்ரோ பிரைவேட் லிமிடெட்	creative agro	கிரியேட்டிவ் அக்ரோ பிரைவேட் லிமிடெட்			weak_or_no_token_overlap_jaccard_lt_0_2;heavy_character_difference_ratio_lt_60;different_script_possible_transliteration;useful_address_token_overlap_jaccard_ge_0_5;shared_house_or_numeric_tokens
still_missed_at_k50	S1-119033930	S3-45249084	S3	Royal Technology Private Limited	रॉयल टेक्नोलॉजी प्राइवेट लिमिटेड	G-8-A, No. 1, Bhagirath Palace, North East, Delhi, 1737	737, North East, Delhi, दिल्ली	india	india	royal technology private limited	रॉयल टेक्नोलॉजी प्राइवेट लिमिटेड	royal technology	रॉयल टेक्नोलॉजी प्राइवेट लिमिटेड			weak_or_no_token_overlap_jaccard_lt_0_2;heavy_character_difference_ratio_lt_60;different_script_possible_transliteration;conflicting_numeric_tokens
still_missed_at_k50	S1-928839963	S3-683934134	S3	Wildlife Trust	Wildlife Trúst	2649 Terra Drive, Gastonia, NC	North Carolina, Terra Dr, Gastonia	us	us	wildlife trust	wildlife trúst	wildlife trust	wildlife trúst			
still_missed_at_k50	S1-880659099	S3-712826852	S3	Good Marketing Private Limited	privatemarketinggood.com	8 Camac Street, Shantiniketan Building 5Th Floor, Suit No. 3A, Kolkata, Kolkata, Howrah, West Bengal	H.no 6 Camac Street, Shantiniketan Building 5Th Floor, Suit No. 3A, Kolkata, Howrah, Kolkata, WB	india	india	good marketing private limited	privatemarketinggood com	good marketing	privatemarketinggood com			weak_or_no_token_overlap_jaccard_lt_0_2;heavy_character_difference_ratio_lt_60;useful_address_token_overlap_jaccard_ge_0_5;shared_house_or_numeric_tokens
still_missed_at_k50	S1-171393163	S3-166035674	S3	Lotus Management Private Limited	लोटस मैनेजमेंट प्राइवेट लिमिटेड	M-21/13, Block-M Batla House, Delhi, South Delhi, Delhi	D/606 M-21/13, Block-m Batla House, South Delhi, Delhi, DL	india	india	lotus management private limited	लोटस मैनेजमेंट प्राइवेट लिमिटेड	lotus management	लोटस मैनेजमेंट प्राइवेट लिमिटेड			weak_or_no_token_overlap_jaccard_lt_0_2;heavy_character_difference_ratio_lt_60;different_script_possible_transliteration;useful_address_token_overlap_jaccard_ge_0_5;shared_house_or_numeric_tokens
still_missed_at_k50	S1-886258273	S2-354244396	S2	Patriot Ministries	Fayevio	215 Spencer Drive, OH, Van Wert	215 SPENCER DR, VAN WERT, OH	us	us	patriot ministries	fayevio	patriot ministries	fayevio			weak_or_no_token_overlap_jaccard_lt_0_2;heavy_character_difference_ratio_lt_60;short_or_generic_name_le_one_core_token;useful_address_token_overlap_jaccard_ge_0_5;shared_house_or_numeric_tokens
still_missed_at_k50	S1-847036731	S2-809972697	S2	Nagan Enterprises Pvt Ltd	@naganenterprises	Alappuzha, Sanathanapuram Po, Kerala, Choolackal Kaithavana	CHOOLACKAL KAITHAVANA, SANATHANAPURAM PO, ALAPPUZHA, Kerala	india	india	nagan enterprises pvt ltd	naganenterprises	nagan enterprises	naganenterprises			weak_or_no_token_overlap_jaccard_lt_0_2;short_or_generic_name_le_one_core_token;useful_address_token_overlap_jaccard_ge_0_5
still_missed_at_k50	S1-997762148	S3-289704	S3	Pediatric Center LLC	pediatriccenter.com	109 S Temple Street, Unit 4B, Salt Lake City, UT	109 S Temple St, Unit 4B, Sallt Lake City, Utah	us	us	pediatric center llc	pediatriccenter com	pediatric center	pediatriccenter com			weak_or_no_token_overlap_jaccard_lt_0_2;useful_address_token_overlap_jaccard_ge_0_5;shared_house_or_numeric_tokens
still_missed_at_k50	S1-986901287	S2-630754237	S2	Rodriguez Index Inc	INC RODRIGUEZ INDEX	Olympia, WA, Fl 1, 6448 Libby Road	OLYMPIA, 448 LIBBY ROAD, WA	us	us	rodriguez index inc	inc rodriguez index	rodriguez index	inc rodriguez index			strong_token_overlap_jaccard_ge_0_5;useful_address_token_overlap_jaccard_ge_0_5;conflicting_numeric_tokens
still_missed_at_k50	S1-543647444	S3-804838696	S3	Best Guru Producer Private Limited	bestguruproducer.com	406- A, Kirti Shikhar Dist. Centre Janak Puri, New Delhi, Delhi	D/406- A, Kirti Shikhar Dist. Centre Janak Puri, New Delhi, DL	india	india	best guru producer private limited	bestguruproducer com	best guru producer	bestguruproducer com			weak_or_no_token_overlap_jaccard_lt_0_2;useful_address_token_overlap_jaccard_ge_0_5;shared_house_or_numeric_tokens
still_missed_at_k50	S1-989944522	S3-351614823	S3	Golden Life Global	கோல்டன் லைஃப் குளோபல்	30 Agraharam Street Room No.203 A.C.K.Complex, Erode, Tamil Nadu	No 70 Agraharam Street Room No.203 A.c.k.complex, Erode, TN	india	india	golden life global	கோல்டன் லைஃப் குளோபல்	golden life global	கோல்டன் லைஃப் குளோபல்			weak_or_no_token_overlap_jaccard_lt_0_2;heavy_character_difference_ratio_lt_60;different_script_possible_transliteration;useful_address_token_overlap_jaccard_ge_0_5;shared_house_or_numeric_tokens
still_missed_at_k50	S1-803483942	S3-339335344	S3	Ventures Ram Electronics	Kortavo d/b/a Ventures Ram Electronics	Unit No. 3/22, 3Rd Floor, Suhatta Mall, Durgapur Mc, Bardhaman, West Bengal	Unit No. 3/22, 3Rd Floor, Suhatta Mall, Durgapur Mc, Bardhaman, West Bengal	india	india	ventures ram electronics	kortavo d b a ventures ram electronics	ventures ram electronics	kortavo d b a ventures ram electronics			useful_address_token_overlap_jaccard_ge_0_5;shared_house_or_numeric_tokens
still_missed_at_k50	S1-890043451	S2-285024452	S2	Clark Silver Space	(Space) Slmer Clark	6101 Brooktree Court, Unit 301, Milford, OH	BROOKTREE CT, MILFORD, OH	us	us	clark silver space	space slmer clark	clark silver space	space slmer clark			strong_token_overlap_jaccard_ge_0_5;heavy_character_difference_ratio_lt_60
still_missed_at_k50	S1-849186882	S2-590996788	S2	Wildlife Committee	Wildlife  Commtote	1332 Montague Road, Angier, NC	001332 MONTAGUE RD, ANGIER, NC	us	us	wildlife committee	wildlife commtote	wildlife committee	wildlife commtote			conflicting_numeric_tokens
still_missed_at_k50	S1-327188519	S2-941813018	S2	Super Media Private Limited	सुपर मीडिया प्राइवेट लिमिटेड	1 Anurag Nagar Shanti Niketan Extension, Behind Bombay Hospital, Indore, Madhya Pradesh	मध्य प्रदेश, INDORE, 1 ANURAG NAGAR SHANTI NIKETAN EXTENSION	india	india	super media private limited	सुपर मीडिया प्राइवेट लिमिटेड	super media	सुपर मीडिया प्राइवेट लिमिटेड			weak_or_no_token_overlap_jaccard_lt_0_2;heavy_character_difference_ratio_lt_60;different_script_possible_transliteration;useful_address_token_overlap_jaccard_ge_0_5;shared_house_or_numeric_tokens
still_missed_at_k50	S1-334804581	S2-260392744	S2	Vision Infrastructure Pvt Ltd	विजन इंफ्रास्ट्रक्चर प्रा. लि.	Gat No. 702, Nh-4, Belwade Bk, Karad, Satara, Maharashtra	GAT NO. 702, KARAD, SATARA, महाराष्ट्र	india	india	vision infrastructure pvt ltd	विजन इंफ्रास्ट्रक्चर प्रा लि	vision infrastructure	विजन इंफ्रास्ट्रक्चर प्रा लि			weak_or_no_token_overlap_jaccard_lt_0_2;heavy_character_difference_ratio_lt_60;different_script_possible_transliteration;shared_house_or_numeric_tokens
still_missed_at_k50	S1-331365930	S2-355775528	S2	Greene Acquisitions	gréeneacquisitionscom	2 Prince Avenue, New Castle, DE	002 PRINCE AVE, DE, NEW CASTLE	us	us	greene acquisitions	gréeneacquisitionscom	greene acquisitions	gréeneacquisitionscom			weak_or_no_token_overlap_jaccard_lt_0_2;short_or_generic_name_le_one_core_token;useful_address_token_overlap_jaccard_ge_0_5;conflicting_numeric_tokens
still_missed_at_k50	S1-520722323	S3-384268403	S3	Red Consultancy Limited	रेड कंसल्टेंसी लिमिटेड	Flat No. 18, Lucknow, Arunachalam Apartments, Kabeer Marg Opp. Yojna Bhawan, 5 Clay Square, Uttar Pradesh	Falt No. 18, Arunachalam Apartments, Kabeer Marg Opp. Yojna Bhawan, 5 Clay Square, Lucknow, उत्तर प्रदेश	india	india	red consultancy limited	रेड कंसल्टेंसी लिमिटेड	red consultancy	रेड कंसल्टेंसी लिमिटेड			weak_or_no_token_overlap_jaccard_lt_0_2;heavy_character_difference_ratio_lt_60;different_script_possible_transliteration;useful_address_token_overlap_jaccard_ge_0_5;shared_house_or_numeric_tokens
still_missed_at_k50	S1-709611449	S2-417023316	S2	Tara Struble Summit Nano	Veoaria	2801 Rigney Road, Unit #K11, Steilacoom, WA	RIGNEY RD, STEILACOOM, WA	us	us	tara struble summit nano	veoaria	tara struble summit nano	veoaria			weak_or_no_token_overlap_jaccard_lt_0_2;heavy_character_difference_ratio_lt_60;short_or_generic_name_le_one_core_token
still_missed_at_k50	S1-829133543	S3-513787196	S3	Health Program P.C.	Health Prógram P.C.	16 Monte Street, Rochester, NY	##16 Monte St, Rochester, New York	us	us	health program pc	health prógram pc	health program	health prógram			shared_house_or_numeric_tokens
still_missed_at_k50	S1-442039802	S2-452318596	S2	South Prime Projects Private Limited	সাউথ প্রাইম প্রজেক্টস প্রাইভেট লিমিটেড	Howrah, 23/1 Narasingha Lane Shibpur, Howrah, West Bengal	DOOR NO 23/1 NARASINGHA LANE SHIBPUR, HOWRAH, West Bengal	india	india	south prime projects private limited	সাউথ প্রাইম প্রজেক্টস প্রাইভেট লিমিটেড	south prime projects	সাউথ প্রাইম প্রজেক্টস প্রাইভেট লিমিটেড			weak_or_no_token_overlap_jaccard_lt_0_2;heavy_character_difference_ratio_lt_60;different_script_possible_transliteration;useful_address_token_overlap_jaccard_ge_0_5;shared_house_or_numeric_tokens
still_missed_at_k50	S1-171991486	S2-913736825	S2	Damodar International School LLP	dámodarinternationalschool.com	360 Harris Ganj Cantt, Kanpur, Uttar Pradesh	360 HARRIS GANJ CANTT, KANPUR, उत्तर प्रदेश	india	india	damodar international school llp	dámodarinternationalschool com	damodar international school	dámodarinternationalschool com			weak_or_no_token_overlap_jaccard_lt_0_2;useful_address_token_overlap_jaccard_ge_0_5;shared_house_or_numeric_tokens
still_missed_at_k50	S1-968114237	S2-811325794	S2	Fortune Management Private Limited	ഫോർച്യൂൺ മാനേജ്മെന്റ് Private Limited	5/257A8 Suite No. 303B, Pallath Square, Kanayannur, Ernakulam, Kerala	KANAYANNUR, ERNAKULAM, DOOR NO 5/257A SUITE NO. 303B, കേരളം, PALLATH SQUARE	india	india	fortune management private limited	ഫോർച്യൂൺ മാനേജ്മെന്റ് private limited	fortune management	ഫോർച്യൂൺ മാനേജ്മെന്റ്			weak_or_no_token_overlap_jaccard_lt_0_2;heavy_character_difference_ratio_lt_60;different_script_possible_transliteration;useful_address_token_overlap_jaccard_ge_0_5;shared_house_or_numeric_tokens
still_missed_at_k50	S1-128565326	S2-949398384	S2	Southern Keystone Brands	Southern Keystone	12614 30th Street, Bellevue, WA		us	us	southern keystone brands	southern keystone	southern keystone brands	southern keystone			strong_token_overlap_jaccard_ge_0_5;blank_target_address
still_missed_at_k50	S1-466911280	S2-531956601	S2	Ace Phoenix	Ace Phoenix Phoenix	72 Diamond Street, Hempstead, NY	0072 DIAMOND STREET, ELMONT, NY	us	us	ace phoenix	ace phoenix phoenix	ace phoenix	ace phoenix phoenix			strong_token_overlap_jaccard_ge_0_5;conflicting_numeric_tokens
still_missed_at_k50	S1-793227319	S2-804839663	S2	Aditya Gujarat Technologies Pvt Ltd	आदित्य गुजरात टेक्नोलॉजीज प्रा. लि.	P Iv-61 Lajpat Nagar Iv, Delhi, South Delhi, Delhi	P IV-61 LAJPAT NAGAR IV, DELHI, SOUTH DELHI, दिल्ली	india	india	aditya gujarat technologies pvt ltd	आदित्य गुजरात टेक्नोलॉजीज प्रा लि	aditya gujarat technologies	आदित्य गुजरात टेक्नोलॉजीज प्रा लि			weak_or_no_token_overlap_jaccard_lt_0_2;heavy_character_difference_ratio_lt_60;different_script_possible_transliteration;useful_address_token_overlap_jaccard_ge_0_5;shared_house_or_numeric_tokens
still_missed_at_k50	S1-958393587	S3-403412742	S3	Tech International Limited	Techintl.Com	5Th Floor, Leela Health Care Next To Sharda Hospital, Majuragate, Surat, Gujarat	GJ, Surat, Majuragate, 5Th Floor	india	india	tech international limited	techintl com	tech international	techintl com			weak_or_no_token_overlap_jaccard_lt_0_2;heavy_character_difference_ratio_lt_60;shared_house_or_numeric_tokens
still_missed_at_k50	S1-612557033	S2-124077531	S2	Hitech & Sons	Mr Hitech & Ss	Unit-6, Gandhi Nagar, Gujarat, 7 & 8, 3Rd Floor, Building 15C1 Pragya-2, Block 15, Road 1C, Zone 1 (Sez Pa), Gift Sez Pa, Gandhi Nagar	UNIT-6, 7 & 8, 3RD FLOOR, BUILDING 15C1 PRAGYA-2, BLOCK 15, ROAD 1C, ZONE 1 (SEZ PA), GIFT SEZ PA, GANDHI NAGAR, Gujarat	india	india	hitech and sons	mr hitech and ss	hitech and sons	mr hitech and ss			useful_address_token_overlap_jaccard_ge_0_5;shared_house_or_numeric_tokens
still_missed_at_k50	S1-905227504	S3-363120471	S3	Shree Agro Private Limited	Shree Shree Agro Limited Services	204, Leela Rosa Apartments, Srinagar Colony, Nellore, Andhra Pradesh	20, Leela Rosa Apartments, Srinagar Colony, Nellore, AP	india	india	shree agro private limited	shree shree agro limited services	shree agro	shree shree agro limited services			strong_token_overlap_jaccard_ge_0_5;useful_address_token_overlap_jaccard_ge_0_5;conflicting_numeric_tokens
still_missed_at_k50	S1-464117522	S2-161051114	S2	Al Food Limited	अल फूड लिमिटेड	D-601, Bhumiraj Hermitaj Sector-18, Palm Beach Road, Sanpada, Thane, Maharashtra	DOOR NO 521 D-601, THANE, Maharashtra	india	india	al food limited	अल फूड लिमिटेड	al food	अल फूड लिमिटेड			weak_or_no_token_overlap_jaccard_lt_0_2;heavy_character_difference_ratio_lt_60;different_script_possible_transliteration;shared_house_or_numeric_tokens
still_missed_at_k50	S1-533847071	S3-882573342	S3	Certified Acadia Inc	Certified Acaaid Inc	2126 Thorn Lane, Crete, IL	2123 Thorn Ln, Crete, Illinois	us	us	certified acadia inc	certified acaaid inc	certified acadia	certified acaaid			conflicting_numeric_tokens
still_missed_at_k50	S1-409742345	S2-267478262	S2	Atlantic Crystal Mobile	Dovariza	2224 5 Street, Brooklyn, NY	2224 5 ST, BROOLYN CITY, NY	us	us	atlantic crystal mobile	dovariza	atlantic crystal mobile	dovariza			weak_or_no_token_overlap_jaccard_lt_0_2;heavy_character_difference_ratio_lt_60;short_or_generic_name_le_one_core_token;shared_house_or_numeric_tokens
still_missed_at_k50	S1-605542988	S2-670379165	S2	Ear Nose & Throat Supreme Center LLC	Ear Nose + Throat  Supreme Center LLC	199 Gamble Mcclure Lane, Harrisburg, NC		us	us	ear nose and throat supreme center llc	ear nose throat supreme center llc	ear nose and throat supreme center	ear nose throat supreme center			strong_token_overlap_jaccard_ge_0_5;blank_target_address
still_missed_at_k50	S1-598681464	S2-135610761	S2	Patriot Spa Clinic	Patriot  5pa Clinic Inc	811 Cleveland Avenue, Cincinnati, OH	11 CLEVELAND AVENUE, CINCINNATI, OH	us	us	patriot spa clinic	patriot 5pa clinic inc	patriot spa clinic	patriot 5pa clinic			strong_token_overlap_jaccard_ge_0_5;useful_address_token_overlap_jaccard_ge_0_5;conflicting_numeric_tokens
still_missed_at_k50	S1-737995611	S3-33940669	S3	Shakti It Private Limited	शक्ति आईटी प्राइवेट लिमिटेड	Maharashtra, Kubera Sankul, Wing - C Shop No 14, Bldg - Riddhi, Gadital, Hada, Psar, Pune, S No. 226	Pune, MH, S No. 226	india	india	shakti it private limited	शक्ति आईटी प्राइवेट लिमिटेड	shakti it	शक्ति आईटी प्राइवेट लिमिटेड			weak_or_no_token_overlap_jaccard_lt_0_2;heavy_character_difference_ratio_lt_60;different_script_possible_transliteration;shared_house_or_numeric_tokens
still_missed_at_k50	S1-785181172	S3-658445884	S3	Desert Ministries	The Desert Ministries	113 Tournament Court, Suffolk City, VA	00113 Tournament Ct, Suffolk, Virginia	us	us	desert ministries	the desert ministries	desert ministries	the desert ministries			strong_token_overlap_jaccard_ge_0_5;conflicting_numeric_tokens
still_missed_at_k50	S1-594565242	S2-559204096	S2	Garcia World Inc.	GARCIA INC. CENTER	1171 Worthington Woods Boulevard, Columbus, OH	COLUMBUS TOWNSHIP, OH, 01171 WORTHINGTON WOODS BOULEVARD	us	us	garcia world inc	garcia inc center	garcia world	garcia inc center			useful_address_token_overlap_jaccard_ge_0_5;conflicting_numeric_tokens
still_missed_at_k50	S1-950493733	S2-306281193	S2	Ram Technology Private Limited	राम टेक्नोलॉजी प्राइवेट लिमिटेड	Shop 8 Sn 226/2B Pmt Bldg, Gadital Hadapsar, Pune, Maharashtra	SHOP 8 SN 226/2B PMT BLDG, GADITAL HADAPSAR, PUNE, Maharashtra	india	india	ram technology private limited	राम टेक्नोलॉजी प्राइवेट लिमिटेड	ram technology	राम टेक्नोलॉजी प्राइवेट लिमिटेड			weak_or_no_token_overlap_jaccard_lt_0_2;heavy_character_difference_ratio_lt_60;different_script_possible_transliteration;useful_address_token_overlap_jaccard_ge_0_5;shared_house_or_numeric_tokens
still_missed_at_k50	S1-481231597	S3-588563853	S3	Anchor Investment Concepts L.L.C.	Anchor Investment L.L.C. Center	95 Riverview Drive, Matheny, WV	Riverview Drive, Matheny, West Virginia	us	us	anchor investment concepts llc	anchor investment llc center	anchor investment concepts	anchor investment llc center			
still_missed_at_k50	S1-330819118	S2-961098471	S2	Visakhapatnam Nest Private Limited	vnprivate.com	Sri Venkateswara Theatre Compound Yellammathota, Suryabagh, Visakhapatnam, Vishakhapatnam, D.No.28-7-2, Andhra Pradesh	H.NO 28-7-2, SRI VENKATESWARA THEATRE COMPOUND YELLAMMATHOTA, SURYABAGH, VISAKHAPATNAM, VISHAKHAPATNAM, Andhra Pradesh	india	india	visakhapatnam nest private limited	vnprivate com	visakhapatnam nest	vnprivate com			weak_or_no_token_overlap_jaccard_lt_0_2;heavy_character_difference_ratio_lt_60;useful_address_token_overlap_jaccard_ge_0_5;shared_house_or_numeric_tokens
still_missed_at_k50	S1-690147464	S3-535861770	S3	Infraprojects & Co	Shri Inbrarpojects & Co	41, Sabari Street, Madipakkam, Madras, Chennai, Tamil Nadu	Hn 92 41, Sabari Street, Madipakkam, Madras, Chennai, தமிழ்நாடு	india	india	infraprojects and co	shri inbrarpojects and co	infraprojects and	shri inbrarpojects and			useful_address_token_overlap_jaccard_ge_0_5;shared_house_or_numeric_tokens
still_missed_at_k50	S1-215994992	S3-325061062	S3	Balaji Media Private Limited	8alaji Media Private Limited	Calcutta, 5 Madan Chatterjee Lane, West Bengal, Kolkata	05 Madan Chatterjee Lane, Kolkata Region, Calcutta, WB	india	india	balaji media private limited	8alaji media private limited	balaji media	8alaji media			conflicting_numeric_tokens
still_missed_at_k50	S1-947547425	S2-298385733	S2	# 1 CL Evolution	# 1	712 Calhoun Road, AR, Magnolia	712 CALHOUN RD, MAGNOLIA, AR	us	us	1 cl evolution	1	1 cl evolution	1			heavy_character_difference_ratio_lt_60;short_or_generic_name_le_one_core_token;useful_address_token_overlap_jaccard_ge_0_5;shared_house_or_numeric_tokens
still_missed_at_k50	S1-817761550	S3-341904591	S3	Womens Health Medicine Corp	Womens Helht Medicine Corp	369 Montoya Vista Court, City Of El Paso, TX		us	us	womens health medicine corp	womens helht medicine corp	womens health medicine	womens helht medicine			strong_token_overlap_jaccard_ge_0_5;blank_target_address
still_missed_at_k50	S1-987745871	S3-758755172	S3	Global Software Digital	Global (Center) Digital	1760 Grove Street, Phoenix, AZ	1761 Grove St, Phoenix, Arizona	us	us	global software digital	global center digital	global software digital	global center digital			strong_token_overlap_jaccard_ge_0_5;conflicting_numeric_tokens
still_missed_at_k50	S1-592071023	S2-825182282	S2	Associated Nutrition Ventures LLC	Associated Nútrition Ventures LLC	52 Shine Road, Riverside, AL	283 SHINE ROAD, RIVERSIDE, AL	us	us	associated nutrition ventures llc	associated nútrition ventures llc	associated nutrition ventures	associated nútrition ventures			strong_token_overlap_jaccard_ge_0_5;useful_address_token_overlap_jaccard_ge_0_5;conflicting_numeric_tokens
still_missed_at_k50	S1-464248174	S3-170785674	S3	Shyam Services	Shyam  Senrvfies	Ground Floor, 65/1A, Hindustan Park, Kolkata, Kolkata, Howrah, West Bengal		india	india	shyam services	shyam senrvfies	shyam services	shyam senrvfies			blank_target_address
still_missed_at_k50	S1-320745012	S2-356561136	S2	Sakriya Computer Ltd	Kelozeta	No. 157/2, Machohalli Colony, Dasanapura, Hobli, Bapagram Post, Bg North Kadabagere, Bangalore, Karnataka	NO. 157/2, BANGALORE, BANGALORE RURAL, ಕರ್ನಾಟಕ	india	india	sakriya computer ltd	kelozeta	sakriya computer	kelozeta			weak_or_no_token_overlap_jaccard_lt_0_2;heavy_character_difference_ratio_lt_60;short_or_generic_name_le_one_core_token;shared_house_or_numeric_tokens
still_missed_at_k50	S1-42355885	S3-836246082	S3	Om Food Private Limited	Solumbra D.B.A. Om Food Private Limited	R-24, Block Off-3 F/F, Shakarpur, New Delhi, Delhi	R-24, Block Off-3 F/F, Shakarpur, New Delhi, Delhi	india	india	om food private limited	solumbra d b a om food private limited	om food	solumbra d b a om food			useful_address_token_overlap_jaccard_ge_0_5;shared_house_or_numeric_tokens
still_missed_at_k50	S1-886683057	S2-779138376	S2	Apex Labs LLC	Apex Lábs LLC	2031 Brooks Drive, Unit 520, District Heights, MD	002031 BROOKS DR, DISTRICT HEIGHTS, MD	us	us	apex labs llc	apex lábs llc	apex labs	apex lábs			conflicting_numeric_tokens
still_missed_at_k50	S1-233004247	S3-444172318	S3	Om Developers Limited	Sri Om Limited Developers	Vasant Bihar Colony, Bharthna Road, Etawah, Etawah, Etwah, Uttar Pradesh	Vasant Bihar Colony, Etawah, Etwah, UP	india	india	om developers limited	sri om limited developers	om developers	sri om limited developers			strong_token_overlap_jaccard_ge_0_5;heavy_character_difference_ratio_lt_60;useful_address_token_overlap_jaccard_ge_0_5
still_missed_at_k50	S1-113020177	S2-486150778	S2	Anand Infotech Pvt Ltd	ஆனந்த் இன்ஃபோடெக் பிரைவேட் லிமிடெட்	Indra Gandhi Street Near Vinayakar Koil, Palayapalayam, Erode, Tamil Nadu, 15/1B, Erode	15/1B, INDRA GANDHI STREET NEAR VINAYAKAR KOIL, PALAYAPALAYAM, ERODE, Tamil Nadu	india	india	anand infotech pvt ltd	ஆனந்த் இன்ஃபோடெக் பிரைவேட் லிமிடெட்	anand infotech	ஆனந்த் இன்ஃபோடெக் பிரைவேட் லிமிடெட்			weak_or_no_token_overlap_jaccard_lt_0_2;heavy_character_difference_ratio_lt_60;different_script_possible_transliteration;useful_address_token_overlap_jaccard_ge_0_5;shared_house_or_numeric_tokens
still_missed_at_k50	S1-152027134	S2-183572494	S2	New Delhi Footwear LLP	[LLP] New Delhi Fotwer	South Delhi, New Delhi, Delhi, A- 3 Pamposh Enclave	A- ##3 PAMPOSH ENCLAVE, NEW DELHI, SOUTH DELHI, Delhi	india	india	new delhi footwear llp	llp new delhi fotwer	new delhi footwear	llp new delhi fotwer			useful_address_token_overlap_jaccard_ge_0_5;shared_house_or_numeric_tokens
still_missed_at_k50	S1-766246373	S3-730578921	S3	Hitech Properties Pvt Ltd	Hitech Pvt Ltd Services	419, Krish Arcade, Sp Ring, Road, Ramol, Daskroi, Ahmedabad, Gujarat	00419, Daskroi, Ahmedabad, GJ	india	india	hitech properties pvt ltd	hitech pvt ltd services	hitech properties	hitech pvt ltd services			heavy_character_difference_ratio_lt_60;conflicting_numeric_tokens
still_missed_at_k50	S1-150895711	S2-170920671	S2	Sky Care Limited	Dr skycare.com	H.No.8-2-109 Karmanghat, Srnr, Saroornagar, K.V.Rangareddy, Telangana	H.NO.8-2-109 KARMANGHAT, SRNR, SAROORNAGAR, Telangana	india	india	sky care limited	dr skycare com	sky care	dr skycare com			weak_or_no_token_overlap_jaccard_lt_0_2;useful_address_token_overlap_jaccard_ge_0_5;shared_house_or_numeric_tokens
still_missed_at_k50	S1-260269185	S3-922074674	S3	Chandler Tax Service LLC	Chandler Tax Srerviec LLC	7825 Carlton Arms Road, Unit APT B, Indianapolis, IN	Carlton Arms Rd, # APT B, Indianapolis, Indiana	us	us	chandler tax service llc	chandler tax srerviec llc	chandler tax service	chandler tax srerviec			strong_token_overlap_jaccard_ge_0_5
still_missed_at_k50	S1-752666554	S2-932875874	S2	Corner Cleaning Service	cornercleaningservicecom	297 Stover Road, Martin, TN	STOVER RD, MARTIN, TN	us	us	corner cleaning service	cornercleaningservicecom	corner cleaning service	cornercleaningservicecom			weak_or_no_token_overlap_jaccard_lt_0_2;short_or_generic_name_le_one_core_token;useful_address_token_overlap_jaccard_ge_0_5
still_missed_at_k50	S1-688783236	S2-926192659	S2	Tirupati Solutions Private Limited	तिरुपति सॉल्यूशंस प्राइवेट लिमिटेड	Patna, C/O Vidya Devi North Jai Prakash Nagar, Nala Par, Road No-2, Bihar	C/O VIDYA DEVI NORTH JAI PRAKASH NAGAR, NALA PAR, ROAD NO-2, PATAN, PATNA, Bihar	india	india	tirupati solutions private limited	तिरुपति सॉल्यूशंस प्राइवेट लिमिटेड	tirupati solutions	तिरुपति सॉल्यूशंस प्राइवेट लिमिटेड			weak_or_no_token_overlap_jaccard_lt_0_2;heavy_character_difference_ratio_lt_60;different_script_possible_transliteration;useful_address_token_overlap_jaccard_ge_0_5;shared_house_or_numeric_tokens
still_missed_at_k50	S1-749791838	S2-662965272	S2	Modern Global Pvt Ltd	ಮಾಡರ್ನ್ ಗ್ಲೋಬಲ್ ಪ್ರೈವೇಟ್ ಲಿಮಿಟೆಡ್	19 Amar Plaza Krishnanagar Industrial Layout Hosur Road, Bangalore, Karnataka	19 AMAR PLAZA KRISHNANAGAR INDUSTRIAL LAYOUT HOSUR ROAD, BANGALORE, Karnataka	india	india	modern global pvt ltd	ಮಾಡರ್ನ್ ಗ್ಲೋಬಲ್ ಪ್ರೈವೇಟ್ ಲಿಮಿಟೆಡ್	modern global	ಮಾಡರ್ನ್ ಗ್ಲೋಬಲ್ ಪ್ರೈವೇಟ್ ಲಿಮಿಟೆಡ್			weak_or_no_token_overlap_jaccard_lt_0_2;heavy_character_difference_ratio_lt_60;different_script_possible_transliteration;useful_address_token_overlap_jaccard_ge_0_5;shared_house_or_numeric_tokens
still_missed_at_k50	S1-240245621	S2-936071580	S2	Sunrise Marketing	ಸನ್‌ರೈಸ್ ಮಾರ್ಕೆಟಿಂಗ್	No. 74, Begur Woods Layout Begur Koppa Road, Bangalore, Karnataka	H.NO 74, BEGUR WOODS LAYOUT BEGUR KOPPA ROAD, BANGALORE, Karnataka	india	india	sunrise marketing	ಸನ್‌ರೈಸ್ ಮಾರ್ಕೆಟಿಂಗ್	sunrise marketing	ಸನ್‌ರೈಸ್ ಮಾರ್ಕೆಟಿಂಗ್			weak_or_no_token_overlap_jaccard_lt_0_2;heavy_character_difference_ratio_lt_60;different_script_possible_transliteration;useful_address_token_overlap_jaccard_ge_0_5;shared_house_or_numeric_tokens
still_missed_at_k50	S1-204138791	S2-812551378	S2	Rose Media	Rose Meda	C/O Sanjay Mandal, Pinjrawan Manikpur, Bihar, Jehanabad, Arwal	C/O SANJAY MANDAL, PINJRAWAN MANIKPUR, ARWAL, Bihar	india	india	rose media	rose meda	rose media	rose meda			useful_address_token_overlap_jaccard_ge_0_5
still_missed_at_k50	S1-344342827	S3-832627188	S3	Brown Transport	8rown  Transport	OH, 147 Oak Street, Leetonia	Leetonia, Ohio, 1 Oak Saint	us	us	brown transport	8rown transport	brown transport	8rown transport			conflicting_numeric_tokens
still_missed_at_k50	S1-721710674	S3-395342561	S3	Royal International School Private Limited	Dr Royal International School Private Ltd	Shop No. 21, Ground Floor, Om Sai Building, Sector-7, Kharghar, Navi Mumbai, Mumbai City, Maharashtra	Shpo No. 21, Mumbai City, Navi Mumbai, MH	india	india	royal international school private limited	dr royal international school private ltd	royal international school	dr royal international school			strong_token_overlap_jaccard_ge_0_5;shared_house_or_numeric_tokens
still_missed_at_k50	S1-910231440	S2-914524513	S2	Best Design Works Co	BEST DESIGN WGOBRNS CO	Dekalb, 1408 Cambria Drive, IL	IL, DEKLB, CAMBRIA DR	us	us	best design works co	best design wgobrns co	best design works	best design wgobrns			strong_token_overlap_jaccard_ge_0_5
still_missed_at_k50	S1-655578268	S2-544178221	S2	Royal Consultancy	રોયલ કન્સલ્ટન્સી	A-01 Manilal Park, Po Naroda, Ahmadabad City, Ahmedabad, Gujarat	DOOR NO 846 A-01 MANILAL PARK, AHMADABAD CITY, AHMEDABAD, Gujarat	india	india	royal consultancy	રોયલ કન્સલ્ટન્સી	royal consultancy	રોયલ કન્સલ્ટન્સી			weak_or_no_token_overlap_jaccard_lt_0_2;heavy_character_difference_ratio_lt_60;different_script_possible_transliteration;useful_address_token_overlap_jaccard_ge_0_5;shared_house_or_numeric_tokens
still_missed_at_k50	S1-432193860	S3-461810774	S3	Vision Interstate Specialists LLC	Vision Intrtate Specialists LLC	5648 Cascade Drive, Redding, CA		us	us	vision interstate specialists llc	vision intrtate specialists llc	vision interstate specialists	vision intrtate specialists			strong_token_overlap_jaccard_ge_0_5;blank_target_address
still_missed_at_k50	S1-41389807	S2-308501628	S2	Holy Israel LLC	Holy Iceal LLC	108 Ridgemoor Drive, Homewood, AL	RIDGEMOOR DR, BIRMINGHAM, AL	us	us	holy israel llc	holy iceal llc	holy israel	holy iceal			
still_missed_at_k50	S1-566863582	S2-200061203	S2	Sunrise Infotech Pvt Ltd	सनराइज इंफोटेक प्रा. लि.	B3/101, Unitech Residences Sector-33, Gurugram Gurgaon Hr, Gurgaon, Haryana	B3/10, GURUGRAM, ABHEYPUR, Haryana	india	india	sunrise infotech pvt ltd	सनराइज इंफोटेक प्रा लि	sunrise infotech	सनराइज इंफोटेक प्रा लि			weak_or_no_token_overlap_jaccard_lt_0_2;heavy_character_difference_ratio_lt_60;different_script_possible_transliteration;shared_house_or_numeric_tokens
still_missed_at_k50	S1-893424736	S3-111300049	S3	Bharat Shree Technology	भारत श्री टेक्नोलॉजी	C/O Devidas Ka Dera Near, Manoj Marriage Hall Nagra, Jhansi, Uttar Pradesh	C/o Devidas Ka Dera Near, Jhansi, UP	india	india	bharat shree technology	भारत श्री टेक्नोलॉजी	bharat shree technology	भारत श्री टेक्नोलॉजी			weak_or_no_token_overlap_jaccard_lt_0_2;heavy_character_difference_ratio_lt_60;different_script_possible_transliteration;useful_address_token_overlap_jaccard_ge_0_5
still_missed_at_k50	S1-896853560	S3-890563973	S3	Royal Impex Private Limited	Royal Impex Prívate Limited	1St Floor, Pkt-B, Swastik Apartment, 41 Foota Road, Delhi, North Delhi, Delhi	#1St Floor, Delhi, North Delhi, DL	india	india	royal impex private limited	royal impex prívate limited	royal impex	royal impex prívate			strong_token_overlap_jaccard_ge_0_5;shared_house_or_numeric_tokens
still_missed_at_k50	S1-860846173	S2-757421654	S2	Juhi Systems Private Limited	@juhisystems	Madhya Pradesh, Gwalior, 45-A, Second Floor Alaknanda Tower, City Centre, Gwalior	45-A, SECOND FLOOR ALAKNANDA TOWER, CITY CENTRE, GWALIOR, मध्य प्रदेश	india	india	juhi systems private limited	juhisystems	juhi systems	juhisystems			weak_or_no_token_overlap_jaccard_lt_0_2;heavy_character_difference_ratio_lt_60;short_or_generic_name_le_one_core_token;useful_address_token_overlap_jaccard_ge_0_5;shared_house_or_numeric_tokens
still_missed_at_k50	S1-643280699	S3-641166704	S3	Coimbatore South Camp	Coimbatore  South	Shed 11, 11A, Sidco, Industrial Estate, Sidco, Coimbatore South, Coimbatore, Tamil Nadu	Plot 00393 Shed 11, 11A, Sidco, Industrial Estate, Sidco, Coimbatore, TN	india	india	coimbatore south camp	coimbatore south	coimbatore south camp	coimbatore south			strong_token_overlap_jaccard_ge_0_5;useful_address_token_overlap_jaccard_ge_0_5;shared_house_or_numeric_tokens
still_missed_at_k50	S1-766151068	S2-819108105	S2	Sun Hospitality Private Limited	ਸਨ ਹਾਸਪਿਟੈਲਿਟੀ ਪ੍ਰਾਈਵੇਟ ਲਿਮਟਿਡ	C/O. M/S Sri Chand Plywood Industries (P) Ltd Vpo Loh Simbly, Ghanaur, Patiala, Punjab	C/O. M/S SRI CHAND PLYWOOD INDUSTRIES (P) LTD VPO LOH SIMBLY, PATIALA, Punjab	india	india	sun hospitality private limited	ਸਨ ਹਾਸਪਿਟੈਲਿਟੀ ਪ੍ਰਾਈਵੇਟ ਲਿਮਟਿਡ	sun hospitality	ਸਨ ਹਾਸਪਿਟੈਲਿਟੀ ਪ੍ਰਾਈਵੇਟ ਲਿਮਟਿਡ			weak_or_no_token_overlap_jaccard_lt_0_2;heavy_character_difference_ratio_lt_60;different_script_possible_transliteration;useful_address_token_overlap_jaccard_ge_0_5
still_missed_at_k50	S1-287053701	S3-373592086	S3	Akai Housing (India) Ltd	ákaihousingindia.com	#2, 6Th E Cross, Kaggadaspura Kaggadaspura, Bangalore, Karnataka	#A-2, Kaggadaspura Kaggadaspura, Bangalore, ಕರ್ನಾಟಕ	india	india	akai housing india ltd	ákaihousingindia com	akai housing india	ákaihousingindia com			weak_or_no_token_overlap_jaccard_lt_0_2;shared_house_or_numeric_tokens
still_missed_at_k50	S1-349925683	S2-791450719	S2	Emerald Care Private Limited	careemerald.com	Mumbai City, 412, Maharashtra, Mumbai, Floor-4 Plot - 95C Hind Rajasthan Building Dadasaheb Phalke Road Dadar (E)	MUMBAI, Maharashtra, BLOCK F-165 412, FLOOR-4 PLOT - 95C HIND RAJASTHAN BUILDING DADASAHEB PHALKE ROAD DADAR (E), CHIRNER	india	india	emerald care private limited	careemerald com	emerald care	careemerald com			weak_or_no_token_overlap_jaccard_lt_0_2;heavy_character_difference_ratio_lt_60;useful_address_token_overlap_jaccard_ge_0_5;shared_house_or_numeric_tokens
still_missed_at_k50	S1-76745234	S2-493283764	S2	Sun Sree Trading Private Limited	सन श्री ट्रेडिंग प्राइवेट लिमिटेड	Shop No.-03, Vijay Aman Apartment, Beside Of Tiwari Bechar Petrol Pump, Main Road, Kan, Karbagh, Patna, Bihar	SHOP NO.-#03, VIJAY AMAN APARTMENT, BESIDE OF TIWARI BECHAR PETROL PUMP, MAIN ROAD, KAN, KARBAGH, PATNA, बिहार	india	india	sun sree trading private limited	सन श्री ट्रेडिंग प्राइवेट लिमिटेड	sun sree trading	सन श्री ट्रेडिंग प्राइवेट लिमिटेड			weak_or_no_token_overlap_jaccard_lt_0_2;heavy_character_difference_ratio_lt_60;different_script_possible_transliteration;useful_address_token_overlap_jaccard_ge_0_5;shared_house_or_numeric_tokens
still_missed_at_k50	S1-37109762	S3-92990851	S3	United Biopharma Inc	United Bíopharma Inc	641 Paragon Parkway, Cleveland, TN		us	us	united biopharma inc	united bíopharma inc	united biopharma	united bíopharma			blank_target_address
still_missed_at_k50	S1-478386002	S2-825002406	S2	Modern Care Limited	मॉडर्न केयर लिमिटेड	Sr.No 19/9, Annapurna, Ratnadeep Colony, Dange Chowk, Wakad Road City, Chinchwad, Pune, Maharashtra	SR.NO 019/9, PUNE, CHINCHWAD, Maharashtra	india	india	modern care limited	मॉडर्न केयर लिमिटेड	modern care	मॉडर्न केयर लिमिटेड			weak_or_no_token_overlap_jaccard_lt_0_2;heavy_character_difference_ratio_lt_60;different_script_possible_transliteration;shared_house_or_numeric_tokens
still_missed_at_k50	S1-422398855	S2-435265223	S2	Fortune Consulting Private Limited	फॉर्च्यून कंसल्टिंग प्राइवेट लिमिटेड	14/46, Ambala Road, Near State Bank Of India, Saharanpur, Uttar Pradesh	14/46, AMBALA ROAD, NEAR STATE BANK OF INDIA, SAHARANPUR, Uttar Pradesh	india	india	fortune consulting private limited	फॉर्च्यून कंसल्टिंग प्राइवेट लिमिटेड	fortune consulting	फॉर्च्यून कंसल्टिंग प्राइवेट लिमिटेड			weak_or_no_token_overlap_jaccard_lt_0_2;heavy_character_difference_ratio_lt_60;different_script_possible_transliteration;useful_address_token_overlap_jaccard_ge_0_5;shared_house_or_numeric_tokens
still_missed_at_k50	S1-933631098	S3-352339948	S3	Vision Custom Medicine LLC	Visioncustommedicine.Com	99 Holly Point Road, Barnstable, MA	##99 Holly Point Road, Barnstable, Massachusetts	us	us	vision custom medicine llc	visioncustommedicine com	vision custom medicine	visioncustommedicine com			weak_or_no_token_overlap_jaccard_lt_0_2;useful_address_token_overlap_jaccard_ge_0_5;shared_house_or_numeric_tokens
still_missed_at_k50	S1-179454811	S2-582731126	S2	Walden Prudential	waldenprudential.com	55 Main Street, Walden, NY	55 MIAN SAINT, WALDEN, NY	us	us	walden prudential	waldenprudential com	walden prudential	waldenprudential com			weak_or_no_token_overlap_jaccard_lt_0_2;shared_house_or_numeric_tokens
still_missed_at_k50	S1-195575367	S2-872799569	S2	Swastik Projects LLP	स्वस्तिक प्रोजेक्ट्स एलएलपी	A19, Sr.No1 Ii Phase State, Employee Co-Op H.Soc, Nashik, Maharashtra	H.NO 399 A19, NASHIK, Maharashtra	india	india	swastik projects llp	स्वस्तिक प्रोजेक्ट्स एलएलपी	swastik projects	स्वस्तिक प्रोजेक्ट्स एलएलपी			weak_or_no_token_overlap_jaccard_lt_0_2;heavy_character_difference_ratio_lt_60;different_script_possible_transliteration;shared_house_or_numeric_tokens
still_missed_at_k50	S1-603253132	S3-35475958	S3	Md Group of Companies Private Limited	Md Group of Companies Phrivte Limited	Govid Mahel, 2Nd Floor, Room No.- 7 3 No Wood Street, Kolkata, Kolkata, Howrah, West Bengal	Govid Mahel, 2Nd Floor, Room No.- 7 3 No Wood Street, Kolkata, Howrah, Calcutta, WB	india	india	md group of companies private limited	md group of companies phrivte limited	md group of companies	md group of companies phrivte			strong_token_overlap_jaccard_ge_0_5;useful_address_token_overlap_jaccard_ge_0_5;shared_house_or_numeric_tokens
still_missed_at_k50	S1-312118580	S2-359163893	S2	MI Buildcon Ltd	@MIBUILDCON	157/9, Singh Enclave, Deva Road Ganeshpur, Lucknow, Uttar Pradesh	157/9, SINGH ENCLAVE, DEVA ROAD GANESHPUR, LUCKNOW, Uttar Pradesh	india	india	mi buildcon ltd	mibuildcon	mi buildcon	mibuildcon			weak_or_no_token_overlap_jaccard_lt_0_2;short_or_generic_name_le_one_core_token;useful_address_token_overlap_jaccard_ge_0_5;shared_house_or_numeric_tokens
still_missed_at_k50	S1-646447872	S3-809990136	S3	Goyal Hospital	Goyal Hohsopitla	Gautam Buddha Nagar, Shop No. 24, 4Th Floor, Kb Complex, Alpha 2, Noida, Uttar Pradesh	Gautam Buddha Nagar, Noida, उत्तर प्रदेश, Shop No. 24	india	india	goyal hospital	goyal hohsopitla	goyal hospital	goyal hohsopitla			shared_house_or_numeric_tokens
still_missed_at_k50	S1-126670078	S3-403898937	S3	Supreme Producer Limited	सुप्रीम प्रोड्यूसर लिमिटेड	Gat No. 14/6, Vitthal Nagar Talawade-Dehuroad Bypass Road, Dehugaon, Pune, Maharashtra	Gat No. 14/6, Poona, Pune, MH	india	india	supreme producer limited	सुप्रीम प्रोड्यूसर लिमिटेड	supreme producer	सुप्रीम प्रोड्यूसर लिमिटेड			weak_or_no_token_overlap_jaccard_lt_0_2;heavy_character_difference_ratio_lt_60;different_script_possible_transliteration;shared_house_or_numeric_tokens
still_missed_at_k50	S1-175602371	S2-849008430	S2	Best Power Private Limited	பெஸ்ட் பவர் பிரைவேட் லிமிடெட்	231/136/8, Bajanai Kovil, Street, Salamangalam, Sriperumbudur, Kanchipuram, Tamil Nadu	230/136/8, BAJANAI KOVIL, STREET, SALAMANGALAM, SRIPERUMBUDUR, KANCHEEPURAM, Tamil Nadu	india	india	best power private limited	பெஸ்ட் பவர் பிரைவேட் லிமிடெட்	best power	பெஸ்ட் பவர் பிரைவேட் லிமிடெட்			weak_or_no_token_overlap_jaccard_lt_0_2;heavy_character_difference_ratio_lt_60;different_script_possible_transliteration;useful_address_token_overlap_jaccard_ge_0_5;shared_house_or_numeric_tokens
still_missed_at_k50	S1-893173797	S2-907081796	S2	West Liberty Community Ltd	West Líberty Community Ltd	6030 Rivercane Way, Katy, TX	603 Rivercane Way, KATY, TX	us	us	west liberty community ltd	west líberty community ltd	west liberty community	west líberty community			strong_token_overlap_jaccard_ge_0_5;useful_address_token_overlap_jaccard_ge_0_5;conflicting_numeric_tokens
still_missed_at_k50	S1-863781783	S3-358435042	S3	International Industries Group Private Limited	International Group Private Limited Center	Flat No.402, H.No.1-89/G/A & 1-89/G/B Gafoor Nagar Village, Serilingampally, Madhapur, Hyderabad, Rangareddy, Telangana	#402, Rangareddy, Hyderabad, TG	india	india	international industries group private limited	international group private limited center	international industries group	international group private limited center			shared_house_or_numeric_tokens
still_missed_at_k50	S1-391041226	S2-887954277	S2	Dynamic Global LLP	LLP Dynamic Global	No15, Perumal Koil Street, Mel Ayanambakkam, Poonamallee, Tiruvallur, Tamil Nadu	#15, PERUMAL KOIL STREET, MEL AYANAMBAKKAM, TIRUVALLUR, POONAMALLEE, Tamil Nadu	india	india	dynamic global llp	llp dynamic global	dynamic global	llp dynamic global			strong_token_overlap_jaccard_ge_0_5;useful_address_token_overlap_jaccard_ge_0_5;shared_house_or_numeric_tokens
still_missed_at_k50	S1-888822084	S2-967059158	S2	White Engineering Private Limited	হোয়াইট ইঞ্জিনিয়ারিং প্রাইভেট লিমিটেড	C/O Arun Kumar Das, Shantiniketan Balagarh Road (South), P.O. Hooghly, Hooghly, West Bengal	C/O ARUN KUMAR DAS, SHANTINIKETAN BALAGARH ROAD (SOUTH), P.O. HOOGHLY, HOOGHLY, West Bengal	india	india	white engineering private limited	হোয়াইট ইঞ্জিনিয়ারিং প্রাইভেট লিমিটেড	white engineering	হোয়াইট ইঞ্জিনিয়ারিং প্রাইভেট লিমিটেড			weak_or_no_token_overlap_jaccard_lt_0_2;heavy_character_difference_ratio_lt_60;different_script_possible_transliteration;useful_address_token_overlap_jaccard_ge_0_5
still_missed_at_k50	S1-63244483	S2-732952246	S2	Services Software Decor	Services Sóftware Sóftware Decor	Residence Of Dr. Anil Kumar Panch-Gahiri, Block-Nautan, Bettiah, West Champaran, Bihar	RESIDENCE OF DR. ANIL KUMAR PANCH-GAHIRI, BLOCK-NAUTAN, BETTIAH, Bihar	india	india	services software decor	services sóftware sóftware decor	services software decor	services sóftware sóftware decor			strong_token_overlap_jaccard_ge_0_5;useful_address_token_overlap_jaccard_ge_0_5
still_missed_at_k50	S1-82083639	S2-877004030	S2	Tech Rajani True Private Limited	Tech Rijsbi True Private Limited	19/1 Gulposh Park, Sarkhej Road, Juhapura, Ahmadabad City, Ahmedabad, Gujarat	DOOR NO 39/1 GULPOSH PARK, SARKHEJ ROAD, JUHAPURA, AHMADABAD CITY, Gujarat	india	india	tech rajani true private limited	tech rijsbi true private limited	tech rajani true	tech rijsbi true			strong_token_overlap_jaccard_ge_0_5;useful_address_token_overlap_jaccard_ge_0_5;shared_house_or_numeric_tokens
still_missed_at_k50	S1-304095801	S3-637065660	S3	Asian College	Dovaxylo	6 Babar Lane, New Delhi, Ist Floor, Delhi, Behind Bengali Market	Behind Bengali Market, Ist Floor, New Delhi, 6 Babar Lane, Delhi	india	india	asian college	dovaxylo	asian college	dovaxylo			weak_or_no_token_overlap_jaccard_lt_0_2;heavy_character_difference_ratio_lt_60;short_or_generic_name_le_one_core_token;useful_address_token_overlap_jaccard_ge_0_5;shared_house_or_numeric_tokens
still_missed_at_k50	S1-907973764	S3-508325764	S3	General Education Partners PC	General Partners  Education PC	14308 Duckett Road, Brandywine, MD		us	us	general education partners pc	general partners education pc	general education partners	general partners education			strong_token_overlap_jaccard_ge_0_5;word_order_only_same_tokens;blank_target_address
still_missed_at_k50	S1-222791346	S3-343825225	S3	Omega Export Ltd	Omega  Exp0rt Ltd	11 Arpan Appt, Vallabhbhai Road, Opp. Municipal Market, Mumbai, Maharashtra	Vallabhbhai Road, Opp. Municipal Market, Mumbai, 18 Arpan Appt, MH, Mumbai	india	india	omega export ltd	omega exp0rt ltd	omega export	omega exp0rt			useful_address_token_overlap_jaccard_ge_0_5;conflicting_numeric_tokens
still_missed_at_k50	S1-973595848	S2-431461285	S2	United Foods Private Limited	PRIVATE UNITED FOODS LÍMITED	A-101, Karnataka, Bangalore, Bengaluru, Sv Legacy, Channasandra Main Road, Whitefield	BANGALORE, A-10, Karnataka, SV LEGACY, CHANNASANDRA MAIN ROAD, WHITEFIELD, BANGALORE	india	india	united foods private limited	private united foods límited	united foods	private united foods límited			strong_token_overlap_jaccard_ge_0_5;useful_address_token_overlap_jaccard_ge_0_5;conflicting_numeric_tokens
still_missed_at_k50	S1-97523825	S2-298602498	S2	Jai Placement LLP	Jai LLP Placement | www.jaillppl.com	97, Arjun Nagar, Durgapura, Jaipur, Rajasthan	097, ARJUN NAGAR, DURGAPURA, JAIPUR, Rajasthan	india	india	jai placement llp	jai llp placement www jaillppl com	jai placement	jai llp placement www jaillppl com			useful_address_token_overlap_jaccard_ge_0_5;conflicting_numeric_tokens
still_missed_at_k50	S1-6365485	S3-335105694	S3	Pune Multi Pvt Ltd	Pune Pvt Ltd (Center)	At Post Walki Tal Daund Dist Pune, Pune, Maharashtra	At Post Walki Tal Daund Dist Pune, Pune, Poona, MH	india	india	pune multi pvt ltd	pune pvt ltd center	pune multi	pune pvt ltd center			useful_address_token_overlap_jaccard_ge_0_5
still_missed_at_k50	S1-261983433	S2-509745038	S2	Enterprises Global Green Limited	Enterprises G1obal Gréen Limited	Urmi Axis, Famous Studio Lane Dr. E. Moses Road, Mahalaxmi (W), Maharashtra, Mumbai City, 7Th Floor, Mumbai	#007TH FLOOR, URMI AXI,S FAMOUS STUDIO LANE DR. E. MOSES ROAD, MAHALAXMI (W), MUMBAI, Maharashtra	india	india	enterprises global green limited	enterprises g1obal gréen limited	enterprises global green	enterprises g1obal gréen			useful_address_token_overlap_jaccard_ge_0_5;conflicting_numeric_tokens
still_missed_at_k50	S1-961776138	S3-264312007	S3	Behavioral Health Center LP	Wexyumasol	1907 Links Boulevard, Morristown, TN	5907 Links Blvd, Morristown, Tennessee	us	us	behavioral health center lp	wexyumasol	behavioral health center	wexyumasol			weak_or_no_token_overlap_jaccard_lt_0_2;heavy_character_difference_ratio_lt_60;short_or_generic_name_le_one_core_token;conflicting_numeric_tokens
still_missed_at_k50	S1-131123619	S3-707671522	S3	North Global	नॉर्थ ग्लोबल	B 55, Shanti Industrial Premises Coop So Ltd Sarojini Naidu Road, Mulund West, Mumbai, Mumbai City, Maharashtra	B 55, Shanti Industrial Premises Coop So Ltd Sarojini Naidu Road, Mulund West, Greater Bombay, Mumbai, MH	india	india	north global	नॉर्थ ग्लोबल	north global	नॉर्थ ग्लोबल			weak_or_no_token_overlap_jaccard_lt_0_2;heavy_character_difference_ratio_lt_60;different_script_possible_transliteration;useful_address_token_overlap_jaccard_ge_0_5;shared_house_or_numeric_tokens
still_missed_at_k50	S1-194664837	S3-584590774	S3	Penguin Biotech Pvt Ltd	PB	T.K.Kumaraswamy Towers 58 Eldams Road Teynampet, Chennai, Tamil Nadu	T.K.Kumaraswamy Towers 58 Eldams Road Teynampet, Chennai, Tamil Nadu	india	india	penguin biotech pvt ltd	pb	penguin biotech	pb			weak_or_no_token_overlap_jaccard_lt_0_2;heavy_character_difference_ratio_lt_60;short_or_generic_name_le_one_core_token;useful_address_token_overlap_jaccard_ge_0_5;shared_house_or_numeric_tokens
still_missed_at_k50	S1-996854521	S2-142672997	S2	Shivam Developers Private Limited	शिवम डेवलपर्स प्राइवेट लिमिटेड	Plot No 57, Urban Estate, Sector 18, Palam Road, Gurgaon, Haryana	URBAN ESTATE, SECTOR 18, Haryana, PALAM ROAD, GURGAON, #57	india	india	shivam developers private limited	शिवम डेवलपर्स प्राइवेट लिमिटेड	shivam developers	शिवम डेवलपर्स प्राइवेट लिमिटेड			weak_or_no_token_overlap_jaccard_lt_0_2;heavy_character_difference_ratio_lt_60;different_script_possible_transliteration;useful_address_token_overlap_jaccard_ge_0_5;shared_house_or_numeric_tokens
still_missed_at_k50	S1-289399239	S2-822194655	S2	Premier Energy Private Limited	प्रीमियर एनर्जी प्राइवेट लिमिटेड	Plot No 31-A, Niwaru Road, Jaipur Bheem Nagar, Jaipur, Rajasthan	H.NO 3-1-A, JAIPUR, राजस्थान	india	india	premier energy private limited	प्रीमियर एनर्जी प्राइवेट लिमिटेड	premier energy	प्रीमियर एनर्जी प्राइवेट लिमिटेड			weak_or_no_token_overlap_jaccard_lt_0_2;heavy_character_difference_ratio_lt_60;different_script_possible_transliteration;conflicting_numeric_tokens
still_missed_at_k50	S1-977999412	S2-790061550	S2	Dominga's Industries	DÓMINGASINDUSTRIES.COM	127 Us Hwy 50 Highway, Avondale, CO	CO, AVONDALE, 127 US HWY 50 HIGHWAY	us	us	domingas industries	dómingasindustries com	domingas industries	dómingasindustries com			weak_or_no_token_overlap_jaccard_lt_0_2;useful_address_token_overlap_jaccard_ge_0_5;shared_house_or_numeric_tokens
still_missed_at_k50	S1-842089713	S3-853363849	S3	Indo Consulting	इंडो कंसल्टिंग	House No. 243/182A Gali No-03 Block-Wz Siri Nagar, Shakur Basti, Delhi, New Delhi, Delhi	House No. 243/182A Gali No-03 Block-wz Siri Nagr, Delhi, New Delhi, DL	india	india	indo consulting	इंडो कंसल्टिंग	indo consulting	इंडो कंसल्टिंग			weak_or_no_token_overlap_jaccard_lt_0_2;heavy_character_difference_ratio_lt_60;different_script_possible_transliteration;useful_address_token_overlap_jaccard_ge_0_5;shared_house_or_numeric_tokens
still_missed_at_k50	S1-676159931	S3-297127743	S3	Alpha Exports LLP	अल्फा एक्सपोर्ट्स एलएलपी	Delhi, New India Apartment Sector-9, B-18, New Delhi, Rohini	Block G-8-677 B-18, New Delhi, दिल्ली	india	india	alpha exports llp	अल्फा एक्सपोर्ट्स एलएलपी	alpha exports	अल्फा एक्सपोर्ट्स एलएलपी			weak_or_no_token_overlap_jaccard_lt_0_2;heavy_character_difference_ratio_lt_60;different_script_possible_transliteration;shared_house_or_numeric_tokens
still_missed_at_k50	S1-271099691	S3-53849675	S3	First City Enterprises Private Limited	फर्स्ट सिटी एंटरप्राइजेज प्राइवेट लिमिटेड	Office No 9, Sixth Floor, Srs Properties, D 5/1, Abc East Building, Midc Chikalthana, Aurangabad, Aurangabad, Maharashtra	MH, Aurangabad, Office No #9	india	india	first city enterprises private limited	फर्स्ट सिटी एंटरप्राइजेज प्राइवेट लिमिटेड	first city enterprises	फर्स्ट सिटी एंटरप्राइजेज प्राइवेट लिमिटेड			weak_or_no_token_overlap_jaccard_lt_0_2;heavy_character_difference_ratio_lt_60;different_script_possible_transliteration;shared_house_or_numeric_tokens
still_missed_at_k50	S1-347045423	S2-343803196	S2	Bombay Finance Private Limited	PRIVATE BOMBAY FINANCE LTD	Phulwari, Bihar, Patna, C/O Manjujha Konark Apt, B C Road New Capital	HN 954 C/O MANJUJHA KONARK APT, B C ROAD NEW CAPITAL, PHULWARI, NULL, बिहार	india	india	bombay finance private limited	private bombay finance ltd	bombay finance	private bombay finance			strong_token_overlap_jaccard_ge_0_5;useful_address_token_overlap_jaccard_ge_0_5
still_missed_at_k50	S1-539343227	S2-74374279	S2	Dynamic Beyond	Dynamic Bbegynd	2424 Blackjack Oa Road, Terrell, TX	BLACKJACK OA ROAD, TX, TERRELL	us	us	dynamic beyond	dynamic bbegynd	dynamic beyond	dynamic bbegynd			useful_address_token_overlap_jaccard_ge_0_5
still_missed_at_k50	S1-370173133	S3-772432475	S3	Silver Consultancy	सिल्वर कंसल्टेंसी	Block A Panki Industrial Area, Uttar Pradesh, Kanpur, Kda Plot No.10	Kda Plot No.10, Block A Panki Industrial Area, Kanpur, Dada Nagar, UP	india	india	silver consultancy	सिल्वर कंसल्टेंसी	silver consultancy	सिल्वर कंसल्टेंसी			weak_or_no_token_overlap_jaccard_lt_0_2;heavy_character_difference_ratio_lt_60;different_script_possible_transliteration;useful_address_token_overlap_jaccard_ge_0_5;shared_house_or_numeric_tokens
still_missed_at_k50	S1-940770169	S3-869961265	S3	Lotus Solutions Private Limited	લોટસ સોલ્યુશન્સ પ્રાઇવેટ લિમિટેડ	305, Sanket Heights Sun Pharma Road, Vadodara, Gujarat	305/7, Vadodara, GJ	india	india	lotus solutions private limited	લોટસ સોલ્યુશન્સ પ્રાઇવેટ લિમિટેડ	lotus solutions	લોટસ સોલ્યુશન્સ પ્રાઇવેટ લિમિટેડ			weak_or_no_token_overlap_jaccard_lt_0_2;heavy_character_difference_ratio_lt_60;different_script_possible_transliteration;shared_house_or_numeric_tokens
still_missed_at_k50	S1-866883997	S2-473667248	S2	Golden Infra Private Limited	గోల్డెన్ ఇన్‌ఫ్రా ప్రైవేట్ లిమిటెడ్	C/O G Satish Kumar, 14-82/5/101 Fno 101, Saroornagar, Hyderabad, Telangana	C/O G SATIHS KUMAR, 14-82/5/101 FNO 101, SAROORNAGAR, HYDERABAD, Andhra Pradesh	india	india	golden infra private limited	గోల్డెన్ ఇన్‌ఫ్రా ప్రైవేట్ లిమిటెడ్	golden infra	గోల్డెన్ ఇన్‌ఫ్రా ప్రైవేట్ లిమిటెడ్			weak_or_no_token_overlap_jaccard_lt_0_2;heavy_character_difference_ratio_lt_60;different_script_possible_transliteration;useful_address_token_overlap_jaccard_ge_0_5;shared_house_or_numeric_tokens
still_missed_at_k50	S1-150013597	S3-99999822	S3	QN Wines LLP	QN LLP Center	Unit No-50, No-260, Third Floor Domlur Layout, 2Nd Stage, Bangalore, Karnataka	Unit No-51, No-260, Third Floor Domlur Layout, 2Nd Stage, Bengaluru Hq Region, KA	india	india	qn wines llp	qn llp center	qn wines	qn llp center			heavy_character_difference_ratio_lt_60;useful_address_token_overlap_jaccard_ge_0_5;shared_house_or_numeric_tokens
still_missed_at_k50	S1-228454958	S2-212929588	S2	Just Memorial Trust	justmemorialtrust.com	Office No 115 First Floor Neco Chambers Plot No 48, Sector 11, Cbd Belapur, Navi Mumbai, Thane, Maharashtra	OFFICE NO 115 FIRST FLOOR NECO CHAMBERS PLOT NO 48, SECTOR 11, CBD BELAPUR, NAVI MUMBAI, Maharashtra	india	india	just memorial trust	justmemorialtrust com	just memorial trust	justmemorialtrust com			weak_or_no_token_overlap_jaccard_lt_0_2;useful_address_token_overlap_jaccard_ge_0_5;shared_house_or_numeric_tokens
still_missed_at_k50	S1-710944609	S2-744538085	S2	Transcontinental Research Studios LLC	TRANSCONTINENTAL-RESEARCH	5735 Wright Road, Worth, NY	Wright Rd, WORTH, NY	us	us	transcontinental research studios llc	transcontinental research	transcontinental research studios	transcontinental research			strong_token_overlap_jaccard_ge_0_5;useful_address_token_overlap_jaccard_ge_0_5
still_missed_at_k50	S1-15443533	S2-215919127	S2	Anand Ace Services Private Limited	आनंद एस सर्विसेज प्राइवेट लिमिटेड	4/76, Jawahar Nagar, Jaipur, Rajasthan	4/76, JAWAHAR NAGAR, JAIPUR, Rajasthan	india	india	anand ace services private limited	आनंद एस सर्विसेज प्राइवेट लिमिटेड	anand ace services	आनंद एस सर्विसेज प्राइवेट लिमिटेड			weak_or_no_token_overlap_jaccard_lt_0_2;heavy_character_difference_ratio_lt_60;different_script_possible_transliteration;useful_address_token_overlap_jaccard_ge_0_5;shared_house_or_numeric_tokens
still_missed_at_k50	S1-69312457	S2-492055927	S2	Pediatric Dental Ridge Partners LLC	PEDIATRIC  DENTAL PARTNERS LLC SERVICES	505 Cap Stone Arch, Unit 102, Chesapeake City, VA	VA, CHESAPEAKE CITY, 505 CAP STONE ARCH	us	us	pediatric dental ridge partners llc	pediatric dental partners llc services	pediatric dental ridge partners	pediatric dental partners llc services			strong_token_overlap_jaccard_ge_0_5;useful_address_token_overlap_jaccard_ge_0_5;shared_house_or_numeric_tokens
still_missed_at_k50	S1-609121826	S3-504360202	S3	Chahak Trading Pvt Ltd	Tavoorbiaria	6132/2 Pocket D 6 Vasant Kunj, New Delhi, South Delhi, Delhi	61-32/2 Pocket D 6 Vasant Kunj, South Delhi, New Delhi, DL	india	india	chahak trading pvt ltd	tavoorbiaria	chahak trading	tavoorbiaria			weak_or_no_token_overlap_jaccard_lt_0_2;heavy_character_difference_ratio_lt_60;short_or_generic_name_le_one_core_token;useful_address_token_overlap_jaccard_ge_0_5;shared_house_or_numeric_tokens
still_missed_at_k50	S1-645313238	S3-836685923	S3	Supreme Trading Systems Inc	Supreme Trading	35 17th Avenue, Elgin, OR		us	us	supreme trading systems inc	supreme trading	supreme trading systems	supreme trading			strong_token_overlap_jaccard_ge_0_5;blank_target_address
still_missed_at_k50	S1-594986190	S2-655700692	S2	International Industries Private Limited	INTERNATIONAL LIMITED PRIVATE INDUSTRIES	Phase- 7 Industrial Area, Punjab, D-108, Mohali	D-1-08, PHASE- 7 INDUSTRIAL AREA, MOHALI, ਪੰਜਾਬ	india	india	international industries private limited	international limited private industries	international industries	international limited private industries			strong_token_overlap_jaccard_ge_0_5;useful_address_token_overlap_jaccard_ge_0_5;shared_house_or_numeric_tokens
still_missed_at_k50	S1-181496088	S2-532662055	S2	Smith & Cole	The Smith & Cole	Sandusky, OH, 427 Depot Street	0427 DEPOT ST, SANDUSKY, OH	us	us	smith and cole	the smith and cole	smith and cole	the smith and cole			strong_token_overlap_jaccard_ge_0_5;conflicting_numeric_tokens
still_missed_at_k50	S1-607490431	S2-343349410	S2	Digital Care Private Limited	ডিজিটাল কেয়ার প্রাইভেট লিমিটেড	Howrah, Mouza-Prasastha & Ankurhati P.O.-Salap, West Bengal, P.S.- Domjur, Nh-6	NH-6, MOUZA-PRASASTHA & ANKURHATI P.O.-SALAP, P.S.- DOMJUR, HOWRAH, West Bengal	india	india	digital care private limited	ডিজিটাল কেয়ার প্রাইভেট লিমিটেড	digital care	ডিজিটাল কেয়ার প্রাইভেট লিমিটেড			weak_or_no_token_overlap_jaccard_lt_0_2;heavy_character_difference_ratio_lt_60;different_script_possible_transliteration;useful_address_token_overlap_jaccard_ge_0_5;shared_house_or_numeric_tokens
still_missed_at_k50	S1-118884099	S2-114611362	S2	Continental Holdings P.C.	Cngntental Holdings P.C.	1850 Crater Lake Avenue, Unit 32, Medford, OR	Crater Lake Ave, MEDFORD, OR	us	us	continental holdings pc	cngntental holdings pc	continental holdings	cngntental holdings			
still_missed_at_k50	S1-351447924	S2-636857579	S2	Indo Consultants Private Limited	ఇండో కన్సల్టెంట్స్ ప్రైవేట్ లిమిటెడ్	16-1-28/47/A/3 Jaya Nagar, Saidabad, Asmangadh, Hyderabad, Rangareddy, Telangana	NO 16-1-28/47/A/3 JAYA NAGAR, SAIDABAD, ASMANGADH, HYDERABAD, RANGAREDDY, Telangana	india	india	indo consultants private limited	ఇండో కన్సల్టెంట్స్ ప్రైవేట్ లిమిటెడ్	indo consultants	ఇండో కన్సల్టెంట్స్ ప్రైవేట్ లిమిటెడ్			weak_or_no_token_overlap_jaccard_lt_0_2;heavy_character_difference_ratio_lt_60;different_script_possible_transliteration;useful_address_token_overlap_jaccard_ge_0_5;shared_house_or_numeric_tokens
still_missed_at_k50	S1-790615237	S2-751581428	S2	Browse & Co	Tavobrix	#5, Sharada Nagar Gkvk Post, Yelahanka Newtown, Bangalore, Karnataka	H.NO 5, Karnataka, BANGALORE	india	india	browse and co	tavobrix	browse and	tavobrix			weak_or_no_token_overlap_jaccard_lt_0_2;heavy_character_difference_ratio_lt_60;short_or_generic_name_le_one_core_token;shared_house_or_numeric_tokens
still_missed_at_k50	S1-835354630	S2-280282806	S2	Dream Estate Private Limited	ડ્રીમ એસ્ટેટ પ્રાઇવેટ લિમિટેડ	Tf 4, Krishna Arcade, Nr. Telephone Exchange, Phase 1, Gidc, Naroda, Ahmadabad City, Ahmedabad, Gujarat	TF 4, AHMADABAD CITY, AHMEDABAD, Gujarat	india	india	dream estate private limited	ડ્રીમ એસ્ટેટ પ્રાઇવેટ લિમિટેડ	dream estate	ડ્રીમ એસ્ટેટ પ્રાઇવેટ લિમિટેડ			weak_or_no_token_overlap_jaccard_lt_0_2;heavy_character_difference_ratio_lt_60;different_script_possible_transliteration;shared_house_or_numeric_tokens
still_missed_at_k50	S1-354408839	S2-103545261	S2	Legacy Equity Brands	Legacy Euiy Brands	2898 Stinking Creek Road, Pioneer, TN	2915 STINKING CREEK RD, PIONEER, TN	us	us	legacy equity brands	legacy euiy brands	legacy equity brands	legacy euiy brands			strong_token_overlap_jaccard_ge_0_5;useful_address_token_overlap_jaccard_ge_0_5;conflicting_numeric_tokens
still_missed_at_k50	S1-718587506	S3-601665799	S3	Custom Rocky Special	Custom Rocky Partners	714 Sunset Lakes Boulevard, Sunset Beach, NC		us	us	custom rocky special	custom rocky partners	custom rocky special	custom rocky partners			strong_token_overlap_jaccard_ge_0_5;blank_target_address
still_missed_at_k50	S1-303589186	S3-918435515	S3	N & C Fusion	Ncfusion.Com	9 Molly Oneill Road, Wallingford, CT	Connecticut, Wallingford, 9 Molly Oneill Rd	us	us	n and c fusion	ncfusion com	n and c fusion	ncfusion com			weak_or_no_token_overlap_jaccard_lt_0_2;useful_address_token_overlap_jaccard_ge_0_5;shared_house_or_numeric_tokens
still_missed_at_k50	S1-309103075	S2-410679326	S2	Orient Nursing Home	Dr Orient Nrunsiiang Home	H/O- Dhiraj Kumar, Vill- Mahammadpur Gautam, Begusarai, Bihar	H/O- DHIRAJ KUMAR, VILL- MAHAMMADPUR GAUTAM, BEGUSARAI, Bihar	india	india	orient nursing home	dr orient nrunsiiang home	orient nursing home	dr orient nrunsiiang home			useful_address_token_overlap_jaccard_ge_0_5
still_missed_at_k50	S1-82625343	S2-366960469	S2	SJ Latex	SJ Látex Látex	Happy Group Arcade, Kerala, Malappuram, Rajiv Gandhi Bypass Road, Near Malabar Hospital, Melakkam, Manjeri, Malapuram	H.NO 179 HAPPY GROUP ARCADE, RAJIV GANDHI BYPASS ROAD, NEAR MALABAR HOSPITAL, MELAKKAM, MANJERI, MALAPPURAM, Kerala	india	india	sj latex	sj látex látex	sj latex	sj látex látex			useful_address_token_overlap_jaccard_ge_0_5
still_missed_at_k50	S1-213488717	S3-837156688	S3	A/V British, LLC	A/V B1aitismfs, LLC	La Pine, 52960 Day Road, OR	5296 Day Road, La Pine, Oregon	us	us	a v british llc	a v b1aitismfs llc	a v british	a v b1aitismfs			strong_token_overlap_jaccard_ge_0_5;useful_address_token_overlap_jaccard_ge_0_5;conflicting_numeric_tokens
still_missed_at_k50	S1-32069990	S2-266602490	S2	Primary Care Associates of Washington City	PRIMARY CARE ASSOCIATES OF	2280 Sereno Alley, Washington City, UT	228 SERENO ALY, WASHINGTON CITY, UT	us	us	primary care associates of washington city	primary care associates of	primary care associates of washington city	primary care associates of			strong_token_overlap_jaccard_ge_0_5;useful_address_token_overlap_jaccard_ge_0_5;conflicting_numeric_tokens
still_missed_at_k50	S1-844170956	S3-958814923	S3	QQ Highview	QQ Hgcihvwe	89 Broadway, Unit Apartment 105, White Plains, NY	89 Broadway, # Apartment 105, White Plains, New York	us	us	qq highview	qq hgcihvwe	qq highview	qq hgcihvwe			useful_address_token_overlap_jaccard_ge_0_5;shared_house_or_numeric_tokens
still_missed_at_k50	S1-255836450	S2-118524608	S2	Wade Enterprises L.L.C.	#WADEENTERPRISES	165 Welsh Black Circle, San Tan Valley, AZ	AZ, 165  WELSH BLACK CIR, QUEEN CREEK	us	us	wade enterprises llc	wadeenterprises	wade enterprises	wadeenterprises			weak_or_no_token_overlap_jaccard_lt_0_2;short_or_generic_name_le_one_core_token;shared_house_or_numeric_tokens
still_missed_at_k50	S1-602999641	S2-114829856	S2	Mivue Inc	GILDSOL	33 Pinner Road, Pitcairn, NY	33 PINNER ROAD, PITCAIRN, NY	us	us	mivue inc	gildsol	mivue	gildsol			weak_or_no_token_overlap_jaccard_lt_0_2;heavy_character_difference_ratio_lt_60;short_or_generic_name_le_one_core_token;useful_address_token_overlap_jaccard_ge_0_5;shared_house_or_numeric_tokens
still_missed_at_k50	S1-770006120	S2-429642058	S2	Twisted Ice Cream!	Twisted Ice Créam!	215 Arthur Lane, Jefferson, NC	0215 ARTHUR LN, JEFFERSON, NC	us	us	twisted ice cream	twisted ice créam	twisted ice cream	twisted ice créam			strong_token_overlap_jaccard_ge_0_5;conflicting_numeric_tokens
still_missed_at_k50	S1-181901467	S3-417146569	S3	XE Municipals Inc.	... xemunicipals.com	3410 Forest Park Avenue, Baltimore, MD	Baltimore, 410 Forest Park Avenue, Maryland	us	us	xe municipals inc	xemunicipals com	xe municipals	xemunicipals com			weak_or_no_token_overlap_jaccard_lt_0_2;useful_address_token_overlap_jaccard_ge_0_5;conflicting_numeric_tokens
still_missed_at_k50	S1-546442515	S2-183412656	S2	#4 Semiconductor	4semiconductor.com	35032 Lewis Loop, Champion, NY	35032 LEWIS LOPO, CRATHAGE CITY, NY	us	us	4 semiconductor	4semiconductor com	4 semiconductor	4semiconductor com			weak_or_no_token_overlap_jaccard_lt_0_2;shared_house_or_numeric_tokens;shared_postal_candidate
still_missed_at_k50	S1-702216094	S3-440663753	S3	Bharat Technologies Private Limited	Umbraumbra formerly Bharat Technologies Private Limited	Ward No- 4, H/O Anil Kumar Beside D. M. Road, Po & Ps- Jagdishpur, Arrah, Bhojpur, Bihar	Bhojpur, Ward No- 4, H/O Anil Kumar Beside D. M. Road, Po & Ps- Jagdishpur, Arrah, Bihar	india	india	bharat technologies private limited	umbraumbra formerly bharat technologies private limited	bharat technologies	umbraumbra formerly bharat technologies			strong_token_overlap_jaccard_ge_0_5;useful_address_token_overlap_jaccard_ge_0_5;shared_house_or_numeric_tokens
still_missed_at_k50	S1-387602170	S3-989617353	S3	Consultants Indranil Services Partners	consultantsindranilservices.com	Room No. 301, Om Kartik Society Building G Near Ziprya Arcade, Subhash Road, Dombiv, Li West, Thane, Maharashtra	Room No. 301, Om Kartik Society Building G Near Ziprya Arcade, Subhash Road, Dombiv, Li West, MH, Thane	india	india	consultants indranil services partners	consultantsindranilservices com	consultants indranil services partners	consultantsindranilservices com			weak_or_no_token_overlap_jaccard_lt_0_2;useful_address_token_overlap_jaccard_ge_0_5;shared_house_or_numeric_tokens
still_missed_at_k50	S1-236449928	S3-741528140	S3	Cure Cleaning Service	Cure Cleaning Service (Partners)	5536 Chia Avenue, CA, Twentynine Palms	536 Chia Avenue, Twentynine Palms, California	us	us	cure cleaning service	cure cleaning service partners	cure cleaning service	cure cleaning service partners			strong_token_overlap_jaccard_ge_0_5;useful_address_token_overlap_jaccard_ge_0_5;conflicting_numeric_tokens
still_missed_at_k50	S1-447065095	S2-927518209	S2	Kottayam Infra LLP	@kottayaminfra	Kottayam, Kerala, 205/Xii Elanjickal Building, Aymanam Po	NO 205/XII ELANJICKAL BUILDING, AYMANAM PO, KOTTAYAM, കേരളം	india	india	kottayam infra llp	kottayaminfra	kottayam infra	kottayaminfra			weak_or_no_token_overlap_jaccard_lt_0_2;short_or_generic_name_le_one_core_token;useful_address_token_overlap_jaccard_ge_0_5;shared_house_or_numeric_tokens
still_missed_at_k50	S1-215231656	S2-422453362	S2	Kalyan Krishi Private Limited	Kalyan Kbinsih Private Limited	273, Main Road, Seethanjeri, Uthukottai Taluk, Katchur, Uttukottai, Tiruvallur, Tamil Nadu	0273, MAIN ROAD, SEETHANJERI, UTHUKOTTAI TALUK, KATCHUR, UTTUKOTTAI, தமிழ்நாடு	india	india	kalyan krishi private limited	kalyan kbinsih private limited	kalyan krishi	kalyan kbinsih			useful_address_token_overlap_jaccard_ge_0_5;conflicting_numeric_tokens
still_missed_at_k50	S1-6395672	S3-386747403	S3	Division of Veterans Affairs	Division of Veterans Afsfgais	3329 Tekoa Mountain Way, Sevierville, TN	003329 Tekoa Mountain Way, <NULL>, Sevierville, Tennessee	us	us	division of veterans affairs	division of veterans afsfgais	division of veterans affairs	division of veterans afsfgais			strong_token_overlap_jaccard_ge_0_5;conflicting_numeric_tokens
still_missed_at_k50	S1-837275268	S3-724315991	S3	Elite Resource, L.L.C.	The Elite Resource, L.L.C.	111 Francis Ave, Louisville, KY		us	us	elite resource llc	the elite resource llc	elite resource	the elite resource			strong_token_overlap_jaccard_ge_0_5;blank_target_address
still_missed_at_k50	S1-488982719	S2-309007728	S2	Rivera Continental Energy	Rivera C0ntinental Énergy	118 Tyler Drive, Walbridge, OH	OH, WALBRIDG ECITY, 11 TYLER DR, <NULL>	us	us	rivera continental energy	rivera c0ntinental énergy	rivera continental energy	rivera c0ntinental énergy			conflicting_numeric_tokens
still_missed_at_k50	S1-566881743	S3-848927525	S3	Heritage Service Co	Heritage Service Có	8990 Main Street, Adeline, IL	Main St, Leaf River, Illinois	us	us	heritage service co	heritage service có	heritage service	heritage service có			strong_token_overlap_jaccard_ge_0_5
still_missed_at_k50	S1-780716950	S3-7752340	S3	Applied Mills Private Limited	M/s Appliedmillsprivate.Com	H. No 1A/1A, Plot No. 11, Thite Wasti, Flat No. 402, Gracia, Pune, S. No 13, Pune, Maharashtra	S. No 13, Pune, महाराष्ट्र	india	india	applied mills private limited	m s appliedmillsprivate com	applied mills	m s appliedmillsprivate com			weak_or_no_token_overlap_jaccard_lt_0_2;shared_house_or_numeric_tokens
still_missed_at_k50	S1-204144226	S3-961124953	S3	North Ventures Private Limited	Private North Ventures Limited	247 Park, 13Th Floor, Vikhroli Corporate Park, Hindustan C. Bus Stop, Lal Bahadur Shastri Rd, Gandhi Nagar, Vikhroli West, Mumbai, Maharashtra	H.no 248 Park, 13Th Floor, Vikhroli Corporate Park, Hindustan C. Bus Stop, Lal Bahadur Shastri Rd, Gandhi Nagar, Vikhroli West, Mumbai, MH	india	india	north ventures private limited	private north ventures limited	north ventures	private north ventures			strong_token_overlap_jaccard_ge_0_5;useful_address_token_overlap_jaccard_ge_0_5;shared_house_or_numeric_tokens
still_missed_at_k50	S1-510191331	S2-877860030	S2	Creative Foundation Pvt Ltd	ക്രിയേറ്റീവ് ഫൗണ്ടേഷൻ പ്രൈവറ്റ് ലിമിറ്റഡ്	317/C, Thalamunda, Ponani, Malappuram, Malapuram, Kerala	317/C, THALAMUNDA, PONANI, MALAPPURAM, MALAPURAM, Kerala	india	india	creative foundation pvt ltd	ക്രിയേറ്റീവ് ഫൗണ്ടേഷൻ പ്രൈവറ്റ് ലിമിറ്റഡ്	creative foundation	ക്രിയേറ്റീവ് ഫൗണ്ടേഷൻ പ്രൈവറ്റ് ലിമിറ്റഡ്			weak_or_no_token_overlap_jaccard_lt_0_2;heavy_character_difference_ratio_lt_60;different_script_possible_transliteration;useful_address_token_overlap_jaccard_ge_0_5;shared_house_or_numeric_tokens
still_missed_at_k50	S1-567343381	S2-318322489	S2	Delhi Gas Pvt Ltd	Delhi Gás Pvt Ltd	9, Block A, Wazirpur Industrial Area, Delhi, North West, Delhi	PLOT 806 9, BLOCK A, WAZIRPUR INDUSTRIAL AREA, DELHI, दिल्ली	india	india	delhi gas pvt ltd	delhi gás pvt ltd	delhi gas	delhi gás			useful_address_token_overlap_jaccard_ge_0_5;shared_house_or_numeric_tokens
still_missed_at_k50	S1-742103293	S3-566541237	S3	Prime Innovative Investment Private Limited	પ્રાઇમ ઇનોવેટિવ ઇન્વેસ્ટમેન્ટ પ્રાઇવેટ લિમિટેડ	Shop No.- C-228, Monarch, Opp Nakshatra Heights, Chorasi, Surat, Gujarat	Shop No.- C-228, Monarch, Opp Nakshatra Heights, Chorasi, Surat, ગુજરાત	india	india	prime innovative investment private limited	પ્રાઇમ ઇનોવેટિવ ઇન્વેસ્ટમેન્ટ પ્રાઇવેટ લિમિટેડ	prime innovative investment	પ્રાઇમ ઇનોવેટિવ ઇન્વેસ્ટમેન્ટ પ્રાઇવેટ લિમિટેડ			weak_or_no_token_overlap_jaccard_lt_0_2;heavy_character_difference_ratio_lt_60;different_script_possible_transliteration;useful_address_token_overlap_jaccard_ge_0_5;shared_house_or_numeric_tokens
still_missed_at_k50	S1-171406422	S3-691173812	S3	Hitech Media Private Limited	Hitech Media Private Ltd Trading	Cabin-3, Office No. 1221-A, Devika Tower, 12Th Floor, 6, Nehru Place, New Delhi, Delhi		india	india	hitech media private limited	hitech media private ltd trading	hitech media	hitech media private ltd trading			blank_target_address
still_missed_at_k50	S1-833234084	S3-309316789	S3	Technologies Real Investment Pvt. Ltd.	Technologies Pvt. Investment Real Ltd.	Swapnlok, Kishanganj Gram Santer, Tehsil Mhow, Mhow, Indore, Madhya Pradesh	Swapnlok, Mhow, Indore, MP	india	india	technologies real investment pvt ltd	technologies pvt investment real ltd	technologies real investment	technologies pvt investment real			strong_token_overlap_jaccard_ge_0_5
still_missed_at_k50	S1-679620713	S3-706076091	S3	Realty Recovery Private Limited	Realty Recotery Private Limited	C/O Asha Prakash Lakhani, S No 144/49 Hb 3/2 Shop 4, Pune City, Pune, Maharashtra		india	india	realty recovery private limited	realty recotery private limited	realty recovery	realty recotery			blank_target_address
still_missed_at_k50	S1-207205635	S3-732396591	S3	Ji Lubricants Limited	Ji Limited-Services	B-129, Krishna Enclave, West Model Town, Ghaziabad, Uttar Pradesh	B-129, null, Ghaziabad, उत्तर प्रदेश	india	india	ji lubricants limited	ji limited services	ji lubricants	ji limited services			heavy_character_difference_ratio_lt_60;shared_house_or_numeric_tokens
still_missed_at_k50	S1-818505100	S3-225778438	S3	Value Consultants LLC	#valueconsultants	2601 34th Avenue, Unit APT 6, Anchorage, AK	260 34th Avenue, Unit APT 6, Anchorage, Alaska	us	us	value consultants llc	valueconsultants	value consultants	valueconsultants			weak_or_no_token_overlap_jaccard_lt_0_2;short_or_generic_name_le_one_core_token;useful_address_token_overlap_jaccard_ge_0_5;shared_house_or_numeric_tokens
still_missed_at_k50	S1-27833945	S3-639438610	S3	Blue Consultancy Private Limited	ब्लू कंसल्टेंसी प्राइवेट लिमिटेड	4A/35 Basement, Old Rajender Nagar, New Delhi, Delhi	4A/3 Basement, Old Rajender Nagar, New Delhi, DL	india	india	blue consultancy private limited	ब्लू कंसल्टेंसी प्राइवेट लिमिटेड	blue consultancy	ब्लू कंसल्टेंसी प्राइवेट लिमिटेड			weak_or_no_token_overlap_jaccard_lt_0_2;heavy_character_difference_ratio_lt_60;different_script_possible_transliteration;useful_address_token_overlap_jaccard_ge_0_5;shared_house_or_numeric_tokens
still_missed_at_k50	S1-616933575	S2-920643501	S2	Rev It Up Barbershop	Rev It Úp Barbershop	220 Shortcut Road, Cochecton, NY	592 SHORTCUT ROAD, COCHECTON, NY	us	us	rev it up barbershop	rev it úp barbershop	rev it up barbershop	rev it úp barbershop			strong_token_overlap_jaccard_ge_0_5;useful_address_token_overlap_jaccard_ge_0_5;conflicting_numeric_tokens
still_missed_at_k50	S1-788491043	S3-455026423	S3	Z K & W Amplify	Z K + W Ampliyf	55 Bremer Street, Unit 4, Worcester, MA	55 Bremer Street, Unit 4, Worcester, Massachusetts	us	us	z k and w amplify	z k w ampliyf	z k and w amplify	z k w ampliyf			strong_token_overlap_jaccard_ge_0_5;useful_address_token_overlap_jaccard_ge_0_5;shared_house_or_numeric_tokens
still_missed_at_k50	S1-461674926	S2-177365750	S2	Shyam Consultancy Pvt Ltd	Ltd Shyam Pvt Center	No.17, Jayaram Street Old Washermanpet, Chennai, Tamil Nadu	NO.#17, MADRAS, Tamil Nadu	india	india	shyam consultancy pvt ltd	ltd shyam pvt center	shyam consultancy	ltd shyam pvt center			heavy_character_difference_ratio_lt_60;shared_house_or_numeric_tokens
still_missed_at_k50	S1-895614581	S3-957926810	S3	Empire Imperial P.C.	Empireimperial.Com	1024 18th Avenue, Lewiston, ID	1024 18th Avence, Lewisston, Idaho	us	us	empire imperial pc	empireimperial com	empire imperial	empireimperial com			weak_or_no_token_overlap_jaccard_lt_0_2;shared_house_or_numeric_tokens
still_missed_at_k50	S1-440000367	S2-678037247	S2	Regional Logistics Products LLC	Regional Logistics Prodcts LLC	OH, 2436 66th Street, Cleveland		us	us	regional logistics products llc	regional logistics prodcts llc	regional logistics products	regional logistics prodcts			strong_token_overlap_jaccard_ge_0_5;blank_target_address
still_missed_at_k50	S1-160589955	S2-314530391	S2	Creative Consultancy Private Limited	क्रिएटिव कंसल्टेंसी प्राइवेट लिमिटेड	C/O Nitin Sanjay Jadhav, Madhav Twin Bunglow2 Mane, Nashik, Maharashtra	C/O NITIN SANJAY JADHAV, NASHIK, महाराष्ट्र	india	india	creative consultancy private limited	क्रिएटिव कंसल्टेंसी प्राइवेट लिमिटेड	creative consultancy	क्रिएटिव कंसल्टेंसी प्राइवेट लिमिटेड			weak_or_no_token_overlap_jaccard_lt_0_2;heavy_character_difference_ratio_lt_60;different_script_possible_transliteration;useful_address_token_overlap_jaccard_ge_0_5
still_missed_at_k50	S1-107698214	S2-733385982	S2	Gujarat Healthcare Private Limited	ಗುಜರಾತ್ ಹೆಲ್ತ್‌ಕೇರ್ ಪ್ರೈವೇಟ್ ಲಿಮಿಟೆಡ್	#150/5, Ground Floor, Swathanthra, 3Rd Cross 10Th Main, Neethravathi Extension, Malle, Shpalya, Bangalore, Karnataka	Karnataka, 150/5, BANGALORE	india	india	gujarat healthcare private limited	ಗುಜರಾತ್ ಹೆಲ್ತ್‌ಕೇರ್ ಪ್ರೈವೇಟ್ ಲಿಮಿಟೆಡ್	gujarat healthcare	ಗುಜರಾತ್ ಹೆಲ್ತ್‌ಕೇರ್ ಪ್ರೈವೇಟ್ ಲಿಮಿಟೆಡ್			weak_or_no_token_overlap_jaccard_lt_0_2;heavy_character_difference_ratio_lt_60;different_script_possible_transliteration;shared_house_or_numeric_tokens
still_missed_at_k50	S1-574717548	S2-766483875	S2	Fraga Two LLC	Ffea Two LLC LLC	1321 Fairmont Street, Unit 401, Washington, DC	FAIRMONT STREET, WASHINGTON, DC	us	us	fraga two llc	ffea two llc llc	fraga two	ffea two			useful_address_token_overlap_jaccard_ge_0_5
still_missed_at_k50	S1-702998885	S2-565885374	S2	Krishna Developers Pvt Ltd	కృష్ణా డెవలపర్స్ ప్రైవేట్ లిమిటెడ్	Comfort Residency, Room No: 02, Mangamur Road, Ismail Biryani Point, Ongole, Prakasam, Andhra Pradesh	COMFORT RESIDENCY, PRAKASAM, Andhra Pradesh	india	india	krishna developers pvt ltd	కృష్ణా డెవలపర్స్ ప్రైవేట్ లిమిటెడ్	krishna developers	కృష్ణా డెవలపర్స్ ప్రైవేట్ లిమిటెడ్			weak_or_no_token_overlap_jaccard_lt_0_2;heavy_character_difference_ratio_lt_60;different_script_possible_transliteration
still_missed_at_k50	S1-970288061	S3-781659858	S3	Ram Finance Pvt Ltd	Ram Pvt Ltd  Center	Maharashtra, Parbhani, Gangakhed, C/O Prakash Dhondiba Dube Chate Colony	C/o Prakash Dhondiba Dube Chate Colony, Gangakhed, Parbhani, MH	india	india	ram finance pvt ltd	ram pvt ltd center	ram finance	ram pvt ltd center			heavy_character_difference_ratio_lt_60;useful_address_token_overlap_jaccard_ge_0_5
still_missed_at_k50	S1-945839874	S2-743465465	S2	Smart International Private Limited	स्मार्ट इंटरनेशनल प्राइवेट लिमिटेड	39/17, 2Nd Floor Shakti Nagar Shakti Nagar, Delhi, North Delhi, Delhi	39/17, 2ND FLOOR SHAKTI NAGAR SHAKTI NAGAR, DELHI, NORTH DELHI, Delhi	india	india	smart international private limited	स्मार्ट इंटरनेशनल प्राइवेट लिमिटेड	smart international	स्मार्ट इंटरनेशनल प्राइवेट लिमिटेड			weak_or_no_token_overlap_jaccard_lt_0_2;heavy_character_difference_ratio_lt_60;different_script_possible_transliteration;useful_address_token_overlap_jaccard_ge_0_5;shared_house_or_numeric_tokens
still_missed_at_k50	S1-360596907	S2-43135412	S2	Green & Co	Gredn & Co	New Delhi, South Delhi, C-90, Delhi, 3Rd Floor, Dda Shed, Okhla Industrial Area, Ph-1	Delhi, C-90, 3RD FLOOR, DDA SHED, OKHLA INDUSTRIAL AREA, PH-1, NEW DELHI	india	india	green and co	gredn and co	green and	gredn and			useful_address_token_overlap_jaccard_ge_0_5;shared_house_or_numeric_tokens
still_missed_at_k50	S1-627814765	S2-158067213	S2	Mountain Program	PMOUNTAIN.COM	AL, 2528 Tanglewood Circle, Mobile	02528 TANGLEWOOD CIRCLE, MOBILE, AL	us	us	mountain program	pmountain com	mountain program	pmountain com			weak_or_no_token_overlap_jaccard_lt_0_2;useful_address_token_overlap_jaccard_ge_0_5;conflicting_numeric_tokens
still_missed_at_k50	S1-707525340	S3-787734568	S3	Helios Corp	Hbeieo Corp	510 Canary Lane, Red Oak, TX	10 Canary Lane, Red Ak, Texas	us	us	helios corp	hbeieo corp	helios	hbeieo			weak_or_no_token_overlap_jaccard_lt_0_2;short_or_generic_name_le_one_core_token;conflicting_numeric_tokens
still_missed_at_k50	S1-150394340	S2-327768382	S2	Green Diamond Biologics	Green Diamond Partners	5386 Poplarwood Road, Columbus, OH	386 POPLARWOOD ROAD, OH, COLUMBUS	us	us	green diamond biologics	green diamond partners	green diamond biologics	green diamond partners			strong_token_overlap_jaccard_ge_0_5;useful_address_token_overlap_jaccard_ge_0_5;conflicting_numeric_tokens
still_missed_at_k50	S1-140983249	S3-767447671	S3	Mumbai Technical Company	(Co) Mumbai Technical	1/2, Santoshi Nagar, Village Road Bhandup West, Mumbai, Maharashtra	महाराष्ट्र, Mumbai, 1/2, Mumbai	india	india	mumbai technical company	co mumbai technical	mumbai technical	co mumbai technical			strong_token_overlap_jaccard_ge_0_5;shared_house_or_numeric_tokens
still_missed_at_k50	S1-787817970	S2-81210762	S2	Bharat Good Estate Pvt Ltd	bharatgoodestate.com	411, Hind Rajasthan Building, 95, Dadasaheb Road, Near Dadar Station (C.Rly), Mumbai, Maharashtra	411, HIND RAJASTHAN BUILDING, 95, DADASAHEB ROAD, NEAR DADAR STATION (C.RLY), MUMBAI, Maharashtra	india	india	bharat good estate pvt ltd	bharatgoodestate com	bharat good estate	bharatgoodestate com			weak_or_no_token_overlap_jaccard_lt_0_2;useful_address_token_overlap_jaccard_ge_0_5;shared_house_or_numeric_tokens
still_missed_at_k50	S1-72335391	S2-320868968	S2	Best Producer Private Limited	बेस्ट प्रोड्यूसर प्राइवेट लिमिटेड	205 Imran Building, Baradari, Kote Qila, Azamgarh, Uttar Pradesh	205 IMRAN BUILDING, BARADARI, KOTE QILA, AZAMGARH, उत्तर प्रदेश	india	india	best producer private limited	बेस्ट प्रोड्यूसर प्राइवेट लिमिटेड	best producer	बेस्ट प्रोड्यूसर प्राइवेट लिमिटेड			weak_or_no_token_overlap_jaccard_lt_0_2;heavy_character_difference_ratio_lt_60;different_script_possible_transliteration;useful_address_token_overlap_jaccard_ge_0_5;shared_house_or_numeric_tokens
still_missed_at_k50	S1-534628580	S2-214321102	S2	Integrated Cloud Services Inc	lntegrated Cloud Services	16 Blossom Lane, Lakewood, WA	016 BLOSSOM LANE, LAKEWOOD, WA	us	us	integrated cloud services inc	lntegrated cloud services	integrated cloud services	lntegrated cloud services			strong_token_overlap_jaccard_ge_0_5;useful_address_token_overlap_jaccard_ge_0_5;conflicting_numeric_tokens
still_missed_at_k50	S1-853616728	S2-161669875	S2	Baba Business Private Limited	ബാബ ബിസിനസ് പ്രൈവറ്റ് ലിമിറ്റഡ്	1St Floor, Maas Commercial Building Trikkav, Po - Ponnani, Malappuram-Dt, Malappuram, Malappuram, Malapuram, Kerala	DOOR NO 1ST/1 FLOOR, MAAS COMMERCIAL BUILDING TRIKKAV, PO - PONNANI, MALAPPURAM-DT, MALAPPURAM, MALAPURAM, MALAPPURAM, Kerala	india	india	baba business private limited	ബാബ ബിസിനസ് പ്രൈവറ്റ് ലിമിറ്റഡ്	baba business	ബാബ ബിസിനസ് പ്രൈവറ്റ് ലിമിറ്റഡ്			weak_or_no_token_overlap_jaccard_lt_0_2;heavy_character_difference_ratio_lt_60;different_script_possible_transliteration;useful_address_token_overlap_jaccard_ge_0_5;shared_house_or_numeric_tokens
still_missed_at_k50	S1-350380644	S2-886247559	S2	Economic Development Ministries	Deve1opment Economic Ministries	5588 Victorian Lane, Springfield, OH	VICTORIAN LANE, SPRINGFIELD, OH	us	us	economic development ministries	deve1opment economic ministries	economic development ministries	deve1opment economic ministries			strong_token_overlap_jaccard_ge_0_5;useful_address_token_overlap_jaccard_ge_0_5
still_missed_at_k50	S1-61875543	S2-156091869	S2	Metro Program	metroprogram.com	3 Florence Avenue, Arlington, MA	3 Florence Ave, MA, ARLINGTON	us	us	metro program	metroprogram com	metro program	metroprogram com			weak_or_no_token_overlap_jaccard_lt_0_2;useful_address_token_overlap_jaccard_ge_0_5;shared_house_or_numeric_tokens
still_missed_at_k50	S1-951160344	S2-534883922	S2	One It Limited	वन आईटी लिमिटेड	C/O Ml Sahagal, Madhya Pradesh, Shajapur, Vijay Nagar	C/O ML SAHAGAL, UJJAIN, SHAJAPUR, Madhya Pradesh	india	india	one it limited	वन आईटी लिमिटेड	one it	वन आईटी लिमिटेड			weak_or_no_token_overlap_jaccard_lt_0_2;heavy_character_difference_ratio_lt_60;different_script_possible_transliteration;useful_address_token_overlap_jaccard_ge_0_5
still_missed_at_k50	S1-261086004	S2-708181910	S2	Bangalore North Kuries Private Limited	Limited Bangalore North Private Services	No. 22, 23, 24/28, Flat No. C404 Munnekolal, Bangalore North, Bangalore, Karnataka	NO. 22, BANGALORE NORTH, BANGALORE, Karnataka	india	india	bangalore north kuries private limited	limited bangalore north private services	bangalore north kuries	limited bangalore north private services			shared_house_or_numeric_tokens
still_missed_at_k50	S1-535916106	S2-638882852	S2	QA Power	qapower.com	111/1/2, Gr Layout, Kodathi Gate, Bangalore South, Bangalore, Karnataka	111/1/2, NBG SOUTH, Karnataka	india	india	qa power	qapower com	qa power	qapower com			weak_or_no_token_overlap_jaccard_lt_0_2;shared_house_or_numeric_tokens
still_missed_at_k50	S1-713466839	S2-279954581	S2	Satya & Sons Private Limited	Satya & Shs Private Limited	Plot No 290 Blk-I Sec-4 Bawana Dsidc, New Delhi, North West, Delhi		india	india	satya and sons private limited	satya and shs private limited	satya and sons	satya and shs			strong_token_overlap_jaccard_ge_0_5;blank_target_address
still_missed_at_k50	S1-840282792	S3-394911972	S3	Nm Remedies Private Limited	Smt Nm Remedies Pirsvtgae Limited	S-8B Green Park, New Delhi, South Delhi, Delhi	S-#8b Green Pbrk, New Delhi, South Delhi, DL	india	india	nm remedies private limited	smt nm remedies pirsvtgae limited	nm remedies	smt nm remedies pirsvtgae			strong_token_overlap_jaccard_ge_0_5;useful_address_token_overlap_jaccard_ge_0_5;shared_house_or_numeric_tokens
still_missed_at_k50	S1-248472346	S2-681331712	S2	Great Royal Technology Limited	ग्रेट रॉयल टेक्नोलॉजी लिमिटेड	505, 5Th Flr, Sai Infotech, Patel Chowk, Ghatkopar (E), Mumbai, Maharashtra	PLOT 779 505, Maharashtra, MUMBAI, 5TH FLR, SAI INFOTECH, PATEL CHOWK, GHATKOPAR (E)	india	india	great royal technology limited	ग्रेट रॉयल टेक्नोलॉजी लिमिटेड	great royal technology	ग्रेट रॉयल टेक्नोलॉजी लिमिटेड			weak_or_no_token_overlap_jaccard_lt_0_2;heavy_character_difference_ratio_lt_60;different_script_possible_transliteration;useful_address_token_overlap_jaccard_ge_0_5;shared_house_or_numeric_tokens
still_missed_at_k50	S1-208246677	S2-839255251	S2	BH Kgaa LLC	BH KGÁA LLC	117 Ethan Court, Vine Grove, KY	117 ETHAN CT, VINE GROVE, KY	us	us	bh kgaa llc	bh kgáa llc	bh kgaa	bh kgáa			useful_address_token_overlap_jaccard_ge_0_5;shared_house_or_numeric_tokens
still_missed_at_k50	S1-850767168	S3-240297117	S3	Adel & Glen	adelglen.com	20 Half Mile Drive, Dickinson Township, PA	20 Half Mile Drive, Pennsylvania, Dickinson Township	us	us	adel and glen	adelglen com	adel and glen	adelglen com			weak_or_no_token_overlap_jaccard_lt_0_2;useful_address_token_overlap_jaccard_ge_0_5;shared_house_or_numeric_tokens
still_missed_at_k50	S1-28480353	S2-778761760	S2	Classic Infrastructure Private Limited	Gildorbi	Bengaluru, Bangalore, 80 Feet Road, Hal 3Rd Stage, Indiranagar, 30, Karnataka	30, BANGALORE, BENGALURU, Karnataka	india	india	classic infrastructure private limited	gildorbi	classic infrastructure	gildorbi			weak_or_no_token_overlap_jaccard_lt_0_2;heavy_character_difference_ratio_lt_60;short_or_generic_name_le_one_core_token;shared_house_or_numeric_tokens
still_missed_at_k50	S1-440414199	S3-826023667	S3	Falcon & Associates	Fa1con & Associates	C/O. K R Narashimhachars, Plot No 13, 1St Cross, Industrial Area, Mandya, Karnataka	Mandya, C/o. K R Narashimhachars, ಕರ್ನಾಟಕ	india	india	falcon and associates	fa1con and associates	falcon and associates	fa1con and associates			strong_token_overlap_jaccard_ge_0_5
still_missed_at_k50	S1-712193880	S2-396228267	S2	Dream Investment Pvt Ltd	ડ્રીમ ઇન્વેસ્ટમેન્ટ પ્રા. લિ.	802 Pinnacle Prahladnagar, Opp Royal Archade, Ahmadabad City, Ahmedabad, Gujarat	NO 802 PINNACLE PRAHLADNAGAR, OPP ROYAL ARCHADE, AHMADABAD CITY, KATHWADA, Gujarat	india	india	dream investment pvt ltd	ડ્રીમ ઇન્વેસ્ટમેન્ટ પ્રા લિ	dream investment	ડ્રીમ ઇન્વેસ્ટમેન્ટ પ્રા લિ			weak_or_no_token_overlap_jaccard_lt_0_2;heavy_character_difference_ratio_lt_60;different_script_possible_transliteration;useful_address_token_overlap_jaccard_ge_0_5;shared_house_or_numeric_tokens
still_missed_at_k50	S1-920396920	S2-506973844	S2	Shiv Premier Ventures Private Limited	शिव प्रीमियर वेंचर्स प्राइवेट लिमिटेड	H No C-1/1, Kh No 311, Ff Sanjay Enclave, Uttam Nagar, Newdelhi, West Delhi, Delhi	HN 246 H NO C-1/1, KH NO 311, FF SANJAY ENCLAVE, UTTAM NAGAR, WEST DELHI, दिल्ली	india	india	shiv premier ventures private limited	शिव प्रीमियर वेंचर्स प्राइवेट लिमिटेड	shiv premier ventures	शिव प्रीमियर वेंचर्स प्राइवेट लिमिटेड			weak_or_no_token_overlap_jaccard_lt_0_2;heavy_character_difference_ratio_lt_60;different_script_possible_transliteration;useful_address_token_overlap_jaccard_ge_0_5;shared_house_or_numeric_tokens
still_missed_at_k50	S1-653905871	S2-254770825	S2	Julien Star Brand Company	VANTAGEBELO	305 5th Street, Sedgwick, KS	5TH ST, SEDGWICK, KS	us	us	julien star brand company	vantagebelo	julien star brand	vantagebelo			weak_or_no_token_overlap_jaccard_lt_0_2;heavy_character_difference_ratio_lt_60;short_or_generic_name_le_one_core_token;useful_address_token_overlap_jaccard_ge_0_5;shared_house_or_numeric_tokens
still_missed_at_k50	S1-991446607	S3-486832608	S3	Sunrise Solutions Private Limited	सनराइज सॉल्यूशंस प्राइवेट लिमिटेड	Dr. R K Maurya 109/3A Nehru Nagar, Kanpur, Uttar Pradesh	Block G-643 Dr. R K Maurya 109/3A Nehru Nagar, Ramsari, Kanpur, UP	india	india	sunrise solutions private limited	सनराइज सॉल्यूशंस प्राइवेट लिमिटेड	sunrise solutions	सनराइज सॉल्यूशंस प्राइवेट लिमिटेड			weak_or_no_token_overlap_jaccard_lt_0_2;heavy_character_difference_ratio_lt_60;different_script_possible_transliteration;useful_address_token_overlap_jaccard_ge_0_5;shared_house_or_numeric_tokens
still_missed_at_k50	S1-634026414	S3-415867434	S3	US Compania Inc.	úscompania.com	160 Fairbank Road, Riverside, IL	160 Fairbank Rd, Riverside, Illinois	us	us	us compania inc	úscompania com	us compania	úscompania com			weak_or_no_token_overlap_jaccard_lt_0_2;shared_house_or_numeric_tokens
still_missed_at_k50	S1-932995161	S2-404886337	S2	Wood Innovative Urban	Wood Innovative	1633 Webster Street, Baltimore, MD	Webster Street, BALTIMORE, MD	us	us	wood innovative urban	wood innovative	wood innovative urban	wood innovative			strong_token_overlap_jaccard_ge_0_5;useful_address_token_overlap_jaccard_ge_0_5
still_missed_at_k50	S1-284155841	S3-278663852	S3	Black South Ventures Private Limited	Black-South Private Limited [Center]	No. 2, 1St Main, Dwarakanagar Hosakerehalli, Bsk 3Rd Stage, Bengaluru, Bangalore, Karnataka	Bangalore, 1St Main, Dwarakanagar Hosakerehalli, Bsk 3Rd Stage, ಕರ್ನಾಟಕ, Bangalore, Door No 2	india	india	black south ventures private limited	black south private limited center	black south ventures	black south private limited center			useful_address_token_overlap_jaccard_ge_0_5;shared_house_or_numeric_tokens
still_missed_at_k50	S1-384945998	S3-929428359	S3	Gurugram Estate Private Limited	Gurugram Estate Limited Center Center	Office No. 17, 5Th Floor, Emerald Plaza Sector 65, Gurugram, Gurgaon, Haryana	Plot 220 Office No. 17, Gurugram, Gurgaon, HR	india	india	gurugram estate private limited	gurugram estate limited center center	gurugram estate	gurugram estate limited center center			strong_token_overlap_jaccard_ge_0_5;shared_house_or_numeric_tokens
still_missed_at_k50	S1-398398665	S2-941058273	S2	Jain Constructions Private Limited	जैन कंस्ट्रक्शंस प्राइवेट लिमिटेड	80, Govind Khand Jhilmil Colony, New Delhi, East Delhi, Delhi	80, NEW DELHI, दिल्ली	india	india	jain constructions private limited	जैन कंस्ट्रक्शंस प्राइवेट लिमिटेड	jain constructions	जैन कंस्ट्रक्शंस प्राइवेट लिमिटेड			weak_or_no_token_overlap_jaccard_lt_0_2;heavy_character_difference_ratio_lt_60;different_script_possible_transliteration;shared_house_or_numeric_tokens
still_missed_at_k50	S1-743420928	S2-72170818	S2	Pediatric Dental Group LLC	Pediatric LLC Group Dental	Long Beach, NY, 336 Hudson Street	336 HUDSON STREET, NY, LONG BEACH	us	us	pediatric dental group llc	pediatric llc group dental	pediatric dental group	pediatric llc group dental			strong_token_overlap_jaccard_ge_0_5;useful_address_token_overlap_jaccard_ge_0_5;shared_house_or_numeric_tokens
still_missed_at_k50	S1-842386026	S3-325950347	S3	Big Laxmi Developers Private Limited	biglaxmidevelopers.com	S.No. 44/A, Fortune Plaza, Shop No. 35 Nr. Railway Gate, Sasane Nagar, Hadapsar, Pune, Maharashtra	S.no. 44, Pune, MH	india	india	big laxmi developers private limited	biglaxmidevelopers com	big laxmi developers	biglaxmidevelopers com			weak_or_no_token_overlap_jaccard_lt_0_2;shared_house_or_numeric_tokens
still_missed_at_k50	S1-86164003	S3-68695372	S3	VW Buildwell	VW Búildwell	Sr No-44/A, H No-2/1, Nr Bsnl Office Falt N-301, Pune, Maharashtra, Haveli		india	india	vw buildwell	vw búildwell	vw buildwell	vw búildwell			blank_target_address
still_missed_at_k50	S1-344173652	S2-203720062	S2	Sree Infotech Private Limited	श्री इंफोटेक प्राइवेट लिमिटेड	Ofice No 101-102 Lotus Court, First Flour, F.P477, Pune-Satara Road, Pune City, Pune, Maharashtra	OFICE NO B3/101-102 LOTUS COURT, PUNE CITY, PUNE, Maharashtra	india	india	sree infotech private limited	श्री इंफोटेक प्राइवेट लिमिटेड	sree infotech	श्री इंफोटेक प्राइवेट लिमिटेड			weak_or_no_token_overlap_jaccard_lt_0_2;heavy_character_difference_ratio_lt_60;different_script_possible_transliteration;useful_address_token_overlap_jaccard_ge_0_5;shared_house_or_numeric_tokens
still_missed_at_k50	S1-782629717	S3-69413720	S3	City Exports Private Limited	సిటీ ఎక్స్‌పోర్ట్స్ ప్రైవేట్ లిమిటెడ్	54-20/ 61, Dairy Officers Colony, Vijayawada, Krishna, Andhra Pradesh	54-20/ 61, Vijayawada, Krishna, AP	india	india	city exports private limited	సిటీ ఎక్స్‌పోర్ట్స్ ప్రైవేట్ లిమిటెడ్	city exports	సిటీ ఎక్స్‌పోర్ట్స్ ప్రైవేట్ లిమిటెడ్			weak_or_no_token_overlap_jaccard_lt_0_2;heavy_character_difference_ratio_lt_60;different_script_possible_transliteration;shared_house_or_numeric_tokens
still_missed_at_k50	S1-854297914	S2-190136260	S2	Surya Investment Pvt Ltd	ಸೂರ್ಯ ಇನ್ವೆಸ್ಟ್‌ಮೆಂಟ್ ಪ್ರೈವೇಟ್ ಲಿಮಿಟೆಡ್	No 188/32/1 4Th Floor, 13Th Cross Bashyam Circle Palace Upper Orchards, Bangalore North, Bangalore, Karnataka	NO 188/32/1 4TH FLOOR, 13TH CROSS BASHYAM CIRCLE PALACE UPPER ORCHARDS, BANGALORE NORTH, BANGALORE, Karnataka	india	india	surya investment pvt ltd	ಸೂರ್ಯ ಇನ್ವೆಸ್ಟ್‌ಮೆಂಟ್ ಪ್ರೈವೇಟ್ ಲಿಮಿಟೆಡ್	surya investment	ಸೂರ್ಯ ಇನ್ವೆಸ್ಟ್‌ಮೆಂಟ್ ಪ್ರೈವೇಟ್ ಲಿಮಿಟೆಡ್			weak_or_no_token_overlap_jaccard_lt_0_2;heavy_character_difference_ratio_lt_60;different_script_possible_transliteration;useful_address_token_overlap_jaccard_ge_0_5;shared_house_or_numeric_tokens
still_missed_at_k50	S1-186982603	S3-342002624	S3	East Surya Investment Pvt Ltd	ईस्ट सूर्य इन्वेस्टमेंट प्रा. लि.	56/1, Subhash Chowk, Pratapgarh, Chittorgarh, Rajasthan	5-6/1, Subhash Chowk, Pratapgarh, Chittorgarh, राजस्थान	india	india	east surya investment pvt ltd	ईस्ट सूर्य इन्वेस्टमेंट प्रा लि	east surya investment	ईस्ट सूर्य इन्वेस्टमेंट प्रा लि			weak_or_no_token_overlap_jaccard_lt_0_2;heavy_character_difference_ratio_lt_60;different_script_possible_transliteration;useful_address_token_overlap_jaccard_ge_0_5;shared_house_or_numeric_tokens
still_missed_at_k50	S1-48571591	S3-377424180	S3	E 6 T Biomedical	E 6 T-Biomidrla	416 Viewcrest Village, Maidsville, WV		us	us	e 6 t biomedical	e 6 t biomidrla	e 6 t biomedical	e 6 t biomidrla			strong_token_overlap_jaccard_ge_0_5;blank_target_address
still_missed_at_k50	S1-348129649	S3-335446085	S3	Pediatric Dental All Associates LLC	Pediatric	24233 48, Woodland, AL	Woodland, AL, 24233 48	us	us	pediatric dental all associates llc	pediatric	pediatric dental all associates	pediatric			heavy_character_difference_ratio_lt_60;short_or_generic_name_le_one_core_token;useful_address_token_overlap_jaccard_ge_0_5;shared_house_or_numeric_tokens;shared_postal_candidate
still_missed_at_k50	S1-324851087	S2-205480494	S2	Om Consultancy	M/s omconsultancy.com	255 Vill Mashjid Moth, New Delhi, South Delhi, Delhi	H.NO 255 VILL MASHJID MOTH, NEW DELHI, GURGAON, दिल्ली	india	india	om consultancy	m s omconsultancy com	om consultancy	m s omconsultancy com			weak_or_no_token_overlap_jaccard_lt_0_2;useful_address_token_overlap_jaccard_ge_0_5;shared_house_or_numeric_tokens
still_missed_at_k50	S1-175967414	S2-819308173	S2	Seven Solutions Private Limited	Seven S0lutions Limited Private	C/O Sas Tele Infrastructure Pvt Ltd, Vill & Po- Dimouli, Ps - Kharagpur Local, Paschim Medinipur, Midnapore, West Bengal	C/O SAS TELE INFRASTRUCTURE PVT LTD, VILL & PO- DIMOULI, PS - KHARAGPUR LOCAL, PASCHIM MEDINIPUR, West Bengal	india	india	seven solutions private limited	seven s0lutions limited private	seven solutions	seven s0lutions			useful_address_token_overlap_jaccard_ge_0_5
still_missed_at_k50	S1-118751489	S2-898875993	S2	Pk Gold Pvt Ltd	Sri Pk Gold Pvt	Sy No: 172/E/2, Proddutur, Shankarpally, Rangareddy, K.V.Rangareddy, Telangana	Andhra Pradesh, SY NO: 1-72/E/2, PRODDUTUR, SHANKARPALLS, RANGAREDDY	india	india	pk gold pvt ltd	sri pk gold pvt	pk gold	sri pk gold			strong_token_overlap_jaccard_ge_0_5;shared_house_or_numeric_tokens
still_missed_at_k50	S1-442018232	S3-530844953	S3	Durga & Sons Corp	Ectoorbiquo	701, Goregaon East, Maharashtra, 7Th Floor, Definity Building, Jai Prakash Road No.1, Mumbai	701, 7Th Floor, Definity Building, Jai Prakash Road No.1, Goregaon East, Mumbai, Maharashtra	india	india	durga and sons corp	ectoorbiquo	durga and sons	ectoorbiquo			weak_or_no_token_overlap_jaccard_lt_0_2;heavy_character_difference_ratio_lt_60;short_or_generic_name_le_one_core_token;useful_address_token_overlap_jaccard_ge_0_5;shared_house_or_numeric_tokens
still_missed_at_k50	S1-216147114	S2-925563944	S2	Shyam Trading Private Limited	Private Shyam Trading Limited	Gold Souk First Floor, Shop No 13 14 Hathikhana, Rajkot, Gujarat	GOLD SOUK FIRST FLOOR, SHOP NO 13 14 HATHIKHANA, RAJKOT, Gujarat	india	india	shyam trading private limited	private shyam trading limited	shyam trading	private shyam trading			strong_token_overlap_jaccard_ge_0_5;useful_address_token_overlap_jaccard_ge_0_5;shared_house_or_numeric_tokens
still_missed_at_k50	S1-529078813	S2-75305388	S2	Management Cj Enterprises Private Limited	managementcjenterprises.com	34 Raja Basanta Roy Road, Kolkata, Parganas South, West Bengal	34 RAJA BASANTA ROY ROAD, KOLKATA, পশ্চিমবঙ্গ	india	india	management cj enterprises private limited	managementcjenterprises com	management cj enterprises	managementcjenterprises com			weak_or_no_token_overlap_jaccard_lt_0_2;useful_address_token_overlap_jaccard_ge_0_5;shared_house_or_numeric_tokens
still_missed_at_k50	S1-514946673	S2-946756198	S2	D 4 Q Ares Co	D 4 Q ÁRES CO	6 Senna Terrace, Billerica, MA	6 SENNA TERRACE, BILLERICA, MA	us	us	d 4 q ares co	d 4 q áres co	d 4 q ares	d 4 q áres			strong_token_overlap_jaccard_ge_0_5;useful_address_token_overlap_jaccard_ge_0_5;shared_house_or_numeric_tokens
still_missed_at_k50	S1-137333650	S3-709055338	S3	Diamond Safe Tailwind Corp	Diamondsafetailwindcom	166 Miller Road, Timberlake, NC	00166 Miller Rd, Timberlake, North Carolina	us	us	diamond safe tailwind corp	diamondsafetailwindcom	diamond safe tailwind	diamondsafetailwindcom			weak_or_no_token_overlap_jaccard_lt_0_2;short_or_generic_name_le_one_core_token;conflicting_numeric_tokens
still_missed_at_k50	S1-66950950	S3-381810174	S3	Royal Management Pvt Ltd	M/s Royal Management Pvt Limited	9/1 Lower Row Don Street Ground Floor, Block B, Mani Mansion, Kolkata, Kolkata, Howrah, West Bengal	#9/1 Loger Row Don Street Ground Floor, Kolkata, Howrah, WB	india	india	royal management pvt ltd	m s royal management pvt limited	royal management	m s royal management			strong_token_overlap_jaccard_ge_0_5;useful_address_token_overlap_jaccard_ge_0_5;shared_house_or_numeric_tokens
still_missed_at_k50	S1-372815301	S2-408480646	S2	Ss Laxmi It Private Limited	एसएस लक्ष्मी आईटी प्राइवेट लिमिटेड	Shop-1, Orchid Suburbia, Tower A, Off Mg Link Road, Kandivlai West, Mumbai, Maharashtra	NO. 7 SHOP-1, KANDIVLAI WEST, MUMBAI, महाराष्ट्र	india	india	ss laxmi it private limited	एसएस लक्ष्मी आईटी प्राइवेट लिमिटेड	ss laxmi it	एसएस लक्ष्मी आईटी प्राइवेट लिमिटेड			weak_or_no_token_overlap_jaccard_lt_0_2;heavy_character_difference_ratio_lt_60;different_script_possible_transliteration;shared_house_or_numeric_tokens
still_missed_at_k50	S1-111076486	S3-88415815	S3	Guru Surgical (India) Pvt Ltd	Mr Guru (India) Pvt Ltd Services	21/6, Kamini School Lane Salkia, Howrah, West Bengal	Plot 681 21/6, Kamini School Lane Salkia, Howrah, WB	india	india	guru surgical india pvt ltd	mr guru india pvt ltd services	guru surgical india	mr guru india pvt ltd services			useful_address_token_overlap_jaccard_ge_0_5;shared_house_or_numeric_tokens
still_missed_at_k50	S1-281546903	S2-249664727	S2	Perfect Care Pvt Ltd	परफेक्ट केयर प्रा. लि.	A-3, Mod Apartment, 61 Vasundhra Enclave, Delhi, East Delhi, Delhi	A-3/3, MOD APARTMENT, 61 VASUNDHRA ENCLAVE, DELHI, EAST DELHI, Delhi	india	india	perfect care pvt ltd	परफेक्ट केयर प्रा लि	perfect care	परफेक्ट केयर प्रा लि			weak_or_no_token_overlap_jaccard_lt_0_2;heavy_character_difference_ratio_lt_60;different_script_possible_transliteration;useful_address_token_overlap_jaccard_ge_0_5;shared_house_or_numeric_tokens
still_missed_at_k50	S1-338793276	S2-281319278	S2	Sai Builders Private Limited	साई बिल्डर्स प्राइवेट लिमिटेड	141 G/F, Surya Niketan, East Delhi, Delhi	141 G/F, EAST DELHI, Delhi	india	india	sai builders private limited	साई बिल्डर्स प्राइवेट लिमिटेड	sai builders	साई बिल्डर्स प्राइवेट लिमिटेड			weak_or_no_token_overlap_jaccard_lt_0_2;heavy_character_difference_ratio_lt_60;different_script_possible_transliteration;useful_address_token_overlap_jaccard_ge_0_5;shared_house_or_numeric_tokens
still_missed_at_k50	S1-63390817	S3-972468638	S3	W & S Precious Partners	W S Precious Partners (Center)	5014 Spring Road, Verona, NY	Verona, Spring Road, New York	us	us	w and s precious partners	w s precious partners center	w and s precious partners	w s precious partners center			strong_token_overlap_jaccard_ge_0_5
still_missed_at_k50	S1-247643095	S3-563705845	S3	Derma Holdings	Dreba Holdings	Level 5, Chennai City Corporation, Tamarai Tech Park, Sp.P16-19&20Athiruvika Ie, Tamil Nadu, Chennai	Level 5, Chennai, TN	india	india	derma holdings	dreba holdings	derma holdings	dreba holdings			shared_house_or_numeric_tokens
still_missed_at_k50	S1-617828176	S3-123085646	S3	Global Nuclear Inc	Global Núclear Inc	TX, Fort Worth, 8117 Ruse Springs Lane	811 Ruse Springs Lane, Fort Worth, Texas	us	us	global nuclear inc	global núclear inc	global nuclear	global núclear			useful_address_token_overlap_jaccard_ge_0_5;conflicting_numeric_tokens
still_missed_at_k50	S1-244837156	S3-138482776	S3	Stott Sterling Lightwave Group	stottsterlinglightwave.com	2615 H Street, Unit APT 3, Sacramento, CA	##2615 H Street, # APT 3, Sacramnto Township, California	us	us	stott sterling lightwave group	stottsterlinglightwave com	stott sterling lightwave group	stottsterlinglightwave com			weak_or_no_token_overlap_jaccard_lt_0_2;shared_house_or_numeric_tokens
still_missed_at_k50	S1-133200799	S3-640296198	S3	Yang Cambridge	Yang Cambrdge	10900 Roberts Lane, Fl 1, Centralia, MO	0010900 Roberts Ln, Fl 1, Centralia, Missouri	us	us	yang cambridge	yang cambrdge	yang cambridge	yang cambrdge			shared_house_or_numeric_tokens
still_missed_at_k50	S1-907503556	S2-392121026	S2	Red Software Limited	রেড সফটওয়্যার লিমিটেড	C/O Biswajit Pratihar, Chanditala Ghosh Para, Serampore, Hooghly, West Bengal	C/O BISWAJIT PRATIHAR, CHANDITALA GHOSH PARA, SERAMPORE, HOOGHLY, পশ্চিমবঙ্গ	india	india	red software limited	রেড সফটওয়্যার লিমিটেড	red software	রেড সফটওয়্যার লিমিটেড			weak_or_no_token_overlap_jaccard_lt_0_2;heavy_character_difference_ratio_lt_60;different_script_possible_transliteration;useful_address_token_overlap_jaccard_ge_0_5
still_missed_at_k50	S1-934489088	S3-699527848	S3	First Infotech LLP	फर्स्ट इंफोटेक एलएलपी	D-256, Assotech The Nest, Nh-24, Ghaziabad, Uttar Pradesh	D-256, Ghaziabad, UP	india	india	first infotech llp	फर्स्ट इंफोटेक एलएलपी	first infotech	फर्स्ट इंफोटेक एलएलपी			weak_or_no_token_overlap_jaccard_lt_0_2;heavy_character_difference_ratio_lt_60;different_script_possible_transliteration;shared_house_or_numeric_tokens
still_missed_at_k50	S1-895871598	S3-446523732	S3	Sai Global Pvt Ltd	साई ग्लोबल प्रा. लि.	B-35, G-F, Zalim Mohalla, Near Bhodiriya Public Sch, New Delhi, South Delhi, Delhi	Hn 680 B-35, G-f, Zalim Mohalla, Near Bhodiriya Public Sch, South Delhi, New Delhi, दिल्ली	india	india	sai global pvt ltd	साई ग्लोबल प्रा लि	sai global	साई ग्लोबल प्रा लि			weak_or_no_token_overlap_jaccard_lt_0_2;heavy_character_difference_ratio_lt_60;different_script_possible_transliteration;useful_address_token_overlap_jaccard_ge_0_5;shared_house_or_numeric_tokens
still_missed_at_k50	S1-46437994	S2-472977993	S2	Corley Optimal Post	optimalpost.com	6667 Segovia, Tucson, AZ	6667 SEGDVIA, AZ, TUCSON	us	us	corley optimal post	optimalpost com	corley optimal post	optimalpost com			weak_or_no_token_overlap_jaccard_lt_0_2;useful_address_token_overlap_jaccard_ge_0_5;shared_house_or_numeric_tokens
still_missed_at_k50	S1-308419456	S3-477646781	S3	Dream Products Private Limited	Dream प्रोडक्ट्स प्राइवेट लिमिटेड	4/155 Vibhav Khand, Gomti Nagar, Lucknow, Uttar Pradesh	4/15 Vibhav Khand, Lucknow, UP	india	india	dream products private limited	dream प्रोडक्ट्स प्राइवेट लिमिटेड	dream products	dream प्रोडक्ट्स प्राइवेट लिमिटेड			heavy_character_difference_ratio_lt_60;different_script_possible_transliteration;shared_house_or_numeric_tokens
still_missed_at_k50	S1-603512781	S3-783339136	S3	Open Oil Private Limited	openoil.com	Office No 601, Sixth Floor, North Avenue Plot No D-468, (A To F), Road No 9A Main, Sikar Road, Vkia Jaipur, Jaipur, Rajasthan	#534 Office No 601, Jaipur, Vkia Jaipur, RJ	india	india	open oil private limited	openoil com	open oil	openoil com			weak_or_no_token_overlap_jaccard_lt_0_2;heavy_character_difference_ratio_lt_60;shared_house_or_numeric_tokens
still_missed_at_k50	S1-908139309	S2-510116943	S2	Sky Agro Private Limited	स्काई एग्रो प्राइवेट लिमिटेड	163, First Floor Jhotwara Industrial Area, Jaipur, Rajasthan	BLOCK D-253 163, PRATAP NAGAR, Rajasthan	india	india	sky agro private limited	स्काई एग्रो प्राइवेट लिमिटेड	sky agro	स्काई एग्रो प्राइवेट लिमिटेड			weak_or_no_token_overlap_jaccard_lt_0_2;heavy_character_difference_ratio_lt_60;different_script_possible_transliteration;shared_house_or_numeric_tokens
still_missed_at_k50	S1-303481605	S3-148598037	S3	Lakshmi Raj Infrastructure Private Limited	લક્ષ્મી રાજ ઇન્ફ્રાસ્ટ્રક્ચર પ્રાઇવેટ લિમિટેડ	Ahmedabad, Opp. Rly Crossing, Maninagar, Ahmedabad, 2/A Shri Shrutikunj H Society 7 Amardeep Apartment, Gujarat	#2/A Shri Shrutikunj H Society 7 Amardeep Apartment, Opp. Rly Crossing, Maninagar, Ahmedabad, ગુજરાત	india	india	lakshmi raj infrastructure private limited	લક્ષ્મી રાજ ઇન્ફ્રાસ્ટ્રક્ચર પ્રાઇવેટ લિમિટેડ	lakshmi raj infrastructure	લક્ષ્મી રાજ ઇન્ફ્રાસ્ટ્રક્ચર પ્રાઇવેટ લિમિટેડ			weak_or_no_token_overlap_jaccard_lt_0_2;heavy_character_difference_ratio_lt_60;different_script_possible_transliteration;useful_address_token_overlap_jaccard_ge_0_5;shared_house_or_numeric_tokens
still_missed_at_k50	S1-981621066	S2-544358040	S2	Physical Therapy Clinic	Physica1 Clinic Therapy	Havelock, NC, 155 Dewey Road		us	us	physical therapy clinic	physica1 clinic therapy	physical therapy clinic	physica1 clinic therapy			strong_token_overlap_jaccard_ge_0_5;blank_target_address
still_missed_at_k50	S1-222791346	S3-858466595	S3	Omega Export Ltd	Omega Expot Ltd	11 Arpan Appt, Vallabhbhai Road, Opp. Municipal Market, Mumbai, Maharashtra	11 Arpan Appt, Mumbai, MH	india	india	omega export ltd	omega expot ltd	omega export	omega expot			shared_house_or_numeric_tokens
still_missed_at_k50	S1-665595896	S2-282412445	S2	Chiropractic Rapid Medicine	Chir0practic Rapid Medicine Corporation	23171 Birch Bay, Hampton, MN		us	us	chiropractic rapid medicine	chir0practic rapid medicine corporation	chiropractic rapid medicine	chir0practic rapid medicine			strong_token_overlap_jaccard_ge_0_5;blank_target_address
still_missed_at_k50	S1-360525172	S2-92522641	S2	Ellis Continental Hill LLC	Ellis Continental LLC Services	206 Marengo Drive, Richmond, KY	0206 MARENGO DR, MADISON COUNTY, KY	us	us	ellis continental hill llc	ellis continental llc services	ellis continental hill	ellis continental llc services			conflicting_numeric_tokens
still_missed_at_k50	S1-223110756	S2-963267603	S2	Om Marketing	ॐ मार्केटिंग	Lodipur, Chirand, Saran, Bihar	LODPIUR, CHIRAND, SARAN, Bihar	india	india	om marketing	ॐ मार्केटिंग	om marketing	ॐ मार्केटिंग			weak_or_no_token_overlap_jaccard_lt_0_2;heavy_character_difference_ratio_lt_60;different_script_possible_transliteration;useful_address_token_overlap_jaccard_ge_0_5
still_missed_at_k50	S1-62756620	S2-912933561	S2	Dream Ventures	ड्रीम वेंचर्स	Gat No 49 Vishalgad Roadamba Tal Shahuwadi, Kolhapur, Maharashtra	GAT NO 49. VISHALGAD ROADAMBA TAL SHAHUWADI, KOLHAPUR, Maharashtra	india	india	dream ventures	ड्रीम वेंचर्स	dream ventures	ड्रीम वेंचर्स			weak_or_no_token_overlap_jaccard_lt_0_2;heavy_character_difference_ratio_lt_60;different_script_possible_transliteration;useful_address_token_overlap_jaccard_ge_0_5;shared_house_or_numeric_tokens
still_missed_at_k50	S1-17968972	S3-558240532	S3	Golden Business Private Limited	गोल्डन बिजनेस प्राइवेट लिमिटेड	C/O Sandip Kumar, H. No.- Gn 014 0283 Ward No - 9 Ramdhanpur, Banglasthan Gaya Gaya Br 823, 001 In, Gaya, Bihar	C/o Sandip Kumar, Gaya, BR	india	india	golden business private limited	गोल्डन बिजनेस प्राइवेट लिमिटेड	golden business	गोल्डन बिजनेस प्राइवेट लिमिटेड			weak_or_no_token_overlap_jaccard_lt_0_2;heavy_character_difference_ratio_lt_60;different_script_possible_transliteration
still_missed_at_k50	S1-18068164	S3-991914778	S3	Ketti F. Rodriguez, DPM, PC	kettifrodriguez.com	520 Pennsylvania Avenue, Columbus, KS	Pennsylvania Avenue, Columbus, Kansas	us	us	ketti f rodriguez dpm pc	kettifrodriguez com	ketti f rodriguez dpm	kettifrodriguez com			weak_or_no_token_overlap_jaccard_lt_0_2;useful_address_token_overlap_jaccard_ge_0_5
still_missed_at_k50	S1-158914667	S2-503939784	S2	Robinson Freight	ROBINSONFREIGHT.COM	344 15th Street, New Albany, IN	15TH ST, NEW ALBANY, IN	us	us	robinson freight	robinsonfreight com	robinson freight	robinsonfreight com			weak_or_no_token_overlap_jaccard_lt_0_2;useful_address_token_overlap_jaccard_ge_0_5;shared_house_or_numeric_tokens
still_missed_at_k50	S1-43605961	S3-42944159	S3	Anderson Select L.L.C.	Anders0n Sélect L.L.C.	214 8th Street, Beckley, WV	214 1/2 8th St, Beckley, West Virginia	us	us	anderson select llc	anders0n sélect llc	anderson select	anders0n sélect			weak_or_no_token_overlap_jaccard_lt_0_2;shared_house_or_numeric_tokens
still_missed_at_k50	S1-571651576	S2-491227197	S2	Aditya Engineering Private Limited	adityaengineering.com	Plot No. S-24, 25 Kansana, Kata, Ind.Area Banmore, Morena, Madhya Pradesh	PLOT NO. S-24, 25 KANSANA, KATA, IND.AREA BANMORE, MORENA, Madhya Pradesh	india	india	aditya engineering private limited	adityaengineering com	aditya engineering	adityaengineering com			weak_or_no_token_overlap_jaccard_lt_0_2;useful_address_token_overlap_jaccard_ge_0_5;shared_house_or_numeric_tokens
still_missed_at_k50	S1-811462556	S2-345129872	S2	Bright Technology Private Limited	ब्राइट टेक्नोलॉजी प्राइवेट लिमिटेड	Vetalnagar Mothagaon Domb, Thane, 02 Vetal Prasad Chawl, Maharashtra, Kalyan	DOOR NO G-02 VETAL PRASAD CHAWL, VETALNAGAR MOTHAGAON DOMB, KALYAN, ULHASNAGAR, Maharashtra	india	india	bright technology private limited	ब्राइट टेक्नोलॉजी प्राइवेट लिमिटेड	bright technology	ब्राइट टेक्नोलॉजी प्राइवेट लिमिटेड			weak_or_no_token_overlap_jaccard_lt_0_2;heavy_character_difference_ratio_lt_60;different_script_possible_transliteration;useful_address_token_overlap_jaccard_ge_0_5;shared_house_or_numeric_tokens
still_missed_at_k50	S1-622729493	S3-525036941	S3	Chiropractic Associates	Chir0practic Associates	58 Studley Street, Rochester, NY	58 Studley Street, Rochester, New York	us	us	chiropractic associates	chir0practic associates	chiropractic associates	chir0practic associates			useful_address_token_overlap_jaccard_ge_0_5;shared_house_or_numeric_tokens
still_missed_at_k50	S1-36714640	S2-953433371	S2	New Sunrise Investment	নিউ সানরাইজ ইনভেস্টমেন্ট	18, Rabindra Sarani, Gate No. 2, 7Th Floor, Poddar Court, R No. 12, Kolkata, Kolkata, Howrah, West Bengal	18, RABINDRA SARANI, GATE NO. 2, 7TH FLOOR, PODDAR COURT, R NO. 12, KOLKATA, KOLKATA, HOWRAH, West Bengal	india	india	new sunrise investment	নিউ সানরাইজ ইনভেস্টমেন্ট	new sunrise investment	নিউ সানরাইজ ইনভেস্টমেন্ট			weak_or_no_token_overlap_jaccard_lt_0_2;heavy_character_difference_ratio_lt_60;different_script_possible_transliteration;useful_address_token_overlap_jaccard_ge_0_5;shared_house_or_numeric_tokens
still_missed_at_k50	S1-471366496	S2-11829165	S2	Arihant Eastern Tech Private Limited	అరిహంత్ ఈస్టర్న్ టెక్ ప్రైవేట్ లిమిటెడ్	Shop No.8, Club Complex Opp.Mro Office, Chowrastha, Jagtial, Karimnagar, Telangana	H.NO 8, CLUB COMPLEX OPP.MRO OFFICE, CHOWRASTHA, KARIMNAGAR, Telangana	india	india	arihant eastern tech private limited	అరిహంత్ ఈస్టర్న్ టెక్ ప్రైవేట్ లిమిటెడ్	arihant eastern tech	అరిహంత్ ఈస్టర్న్ టెక్ ప్రైవేట్ లిమిటెడ్			weak_or_no_token_overlap_jaccard_lt_0_2;heavy_character_difference_ratio_lt_60;different_script_possible_transliteration;useful_address_token_overlap_jaccard_ge_0_5;shared_house_or_numeric_tokens
still_missed_at_k50	S1-767902798	S2-440073811	S2	Blue Pub LLC	bluepub.com	2102 Empire Central, Dallas, TX	102 EMPIRE CENTRAL, DALLAS, TX	us	us	blue pub llc	bluepub com	blue pub	bluepub com			weak_or_no_token_overlap_jaccard_lt_0_2;useful_address_token_overlap_jaccard_ge_0_5;conflicting_numeric_tokens
still_missed_at_k50	S1-73812352	S2-298282250	S2	Value Premier Super	Value Premier Súper	2608 Chevalier Drive, Mobile, AL		us	us	value premier super	value premier súper	value premier super	value premier súper			strong_token_overlap_jaccard_ge_0_5;blank_target_address
still_missed_at_k50	S1-287370427	S3-238877667	S3	Dynamic Consultancy Private Limited	ડાયનેમિક કન્સલ્ટન્સી પ્રાઇવેટ લિમિટેડ	D-201, Sadbhav Residency, B/H Raspan Party Plot Nr Gokulesh Residency, Opp Parth Residen, Cy, Nikol, Ahmedabad, Gujarat	D-201, Ahmedabad, ગુજરાત	india	india	dynamic consultancy private limited	ડાયનેમિક કન્સલ્ટન્સી પ્રાઇવેટ લિમિટેડ	dynamic consultancy	ડાયનેમિક કન્સલ્ટન્સી પ્રાઇવેટ લિમિટેડ			weak_or_no_token_overlap_jaccard_lt_0_2;heavy_character_difference_ratio_lt_60;different_script_possible_transliteration;shared_house_or_numeric_tokens
still_missed_at_k50	S1-113255590	S3-733478933	S3	New Arihant Producer Private Limited	নিউ অরিহন্ত প্রডিউসার প্রাইভেট লিমিটেড	7/A, Dakshinpara Road Ground Floor, Room-D, Kolkata, Kolkata, Howrah, West Bengal	7/A, Kolkata, Howrah, WB	india	india	new arihant producer private limited	নিউ অরিহন্ত প্রডিউসার প্রাইভেট লিমিটেড	new arihant producer	নিউ অরিহন্ত প্রডিউসার প্রাইভেট লিমিটেড			weak_or_no_token_overlap_jaccard_lt_0_2;heavy_character_difference_ratio_lt_60;different_script_possible_transliteration;shared_house_or_numeric_tokens
still_missed_at_k50	S1-84554925	S3-773431191	S3	Elite Labs	Elite Partners Partners	11438 Fulton Avenue, Tulsa, OK	11505- Fulton Avenue, Tulsa, Oklahoma	us	us	elite labs	elite partners partners	elite labs	elite partners partners			heavy_character_difference_ratio_lt_60;conflicting_numeric_tokens;conflicting_postal_candidates
still_missed_at_k50	S1-171475917	S2-574262431	S2	First Management Pvt Ltd	ફર્સ્ટ મેનેજમેન્ટ પ્રા. લિ.	3 Vibrant Vimal Society, Bhnd Sindhu Bhavan, Ahmadabad City, Ahmedabad, Gujarat	DOOR NO 3 VIBRANT VIMAL SOCIETY, AHMEDABAD, AHMADABAD CITY, ગુજરાત	india	india	first management pvt ltd	ફર્સ્ટ મેનેજમેન્ટ પ્રા લિ	first management	ફર્સ્ટ મેનેજમેન્ટ પ્રા લિ			weak_or_no_token_overlap_jaccard_lt_0_2;heavy_character_difference_ratio_lt_60;different_script_possible_transliteration;useful_address_token_overlap_jaccard_ge_0_5;shared_house_or_numeric_tokens
still_missed_at_k50	S1-171060166	S3-261085311	S3	Premier Trading Private Limited	প্রিমিয়ার ট্রেডিং প্রাইভেট লিমিটেড	194 S P Mukherjee Road, Kolkata, Calcutta, West Bengal	#194 S P Mukherjee Road, Calcutta, <NULL>, WB	india	india	premier trading private limited	প্রিমিয়ার ট্রেডিং প্রাইভেট লিমিটেড	premier trading	প্রিমিয়ার ট্রেডিং প্রাইভেট লিমিটেড			weak_or_no_token_overlap_jaccard_lt_0_2;heavy_character_difference_ratio_lt_60;different_script_possible_transliteration;useful_address_token_overlap_jaccard_ge_0_5;shared_house_or_numeric_tokens
still_missed_at_k50	S1-70354399	S3-957972044	S3	Custom Equity Digital LLC	Custom Équity Digital LLC	300 Lynwood Drive, Houma, LA	Lynwood Dr, Houma, Louisiana	us	us	custom equity digital llc	custom équity digital llc	custom equity digital	custom équity digital			strong_token_overlap_jaccard_ge_0_5
still_missed_at_k50	S1-229222893	S3-807705387	S3	City Agro Private Limited	City Agro Prívate Limited	Dattatray Rd Santacruz W Nr Smashan Bhoomi, Mumbai, Mumbai City, Maharashtra	Hn 908 Dattatray Rd Santacruz W Nr Smashan Bhoomi, Bombay, Mumbai City, महाराष्ट्र	india	india	city agro private limited	city agro prívate limited	city agro	city agro prívate			strong_token_overlap_jaccard_ge_0_5;useful_address_token_overlap_jaccard_ge_0_5
still_missed_at_k50	S1-18153444	S3-283129337	S3	Pacific Pacific Wellness	Pacific Pacifric Wellness	5 Fogg Road, Scarborough, ME		us	us	pacific pacific wellness	pacific pacifric wellness	pacific pacific wellness	pacific pacifric wellness			strong_token_overlap_jaccard_ge_0_5;blank_target_address
still_missed_at_k50	S1-897521221	S2-357172668	S2	Urban Producer Limited	अर्बन प्रोड्यूसर लिमिटेड	E-11/22, Dlf City, Phase-I, Gurgaon, Haryana	E-11/22, GURGAON, GURGAONMG, हरियाणा	india	india	urban producer limited	अर्बन प्रोड्यूसर लिमिटेड	urban producer	अर्बन प्रोड्यूसर लिमिटेड			weak_or_no_token_overlap_jaccard_lt_0_2;heavy_character_difference_ratio_lt_60;different_script_possible_transliteration;shared_house_or_numeric_tokens
still_missed_at_k50	S1-605695936	S2-517336801	S2	Black Logistics	ब्लैक लॉजिस्टिक्स	194 - H/10, Ravi Kiran Chs Ltd, Lokmanya Tilak Road, Gorai Road, Near Fire Brigade, Borivali West, Mumbai, Maharashtra	194 - H/10, RAVI KIRAN CHS LTD, LOKMANYA TILAK ROAD, GORAI ROAD, NEAR FIRE BRIGADE, MUMBAI REGION, BORIVALI WEST, Maharashtra	india	india	black logistics	ब्लैक लॉजिस्टिक्स	black logistics	ब्लैक लॉजिस्टिक्स			weak_or_no_token_overlap_jaccard_lt_0_2;heavy_character_difference_ratio_lt_60;different_script_possible_transliteration;useful_address_token_overlap_jaccard_ge_0_5;shared_house_or_numeric_tokens
still_missed_at_k50	S1-476301766	S3-924657600	S3	Lindo Equitable LLC	LE	113 Country Place, Grafton, OH	OH, Grafton, 113 Country Place	us	us	lindo equitable llc	le	lindo equitable	le			weak_or_no_token_overlap_jaccard_lt_0_2;heavy_character_difference_ratio_lt_60;short_or_generic_name_le_one_core_token;useful_address_token_overlap_jaccard_ge_0_5;shared_house_or_numeric_tokens
still_missed_at_k50	S1-72181103	S3-493096725	S3	Bazar Real Private Limited	BR	A-53, Madhuban Society, L J Gupta Marg Deonar Chembur, Mumbai, Maharashtra	Mumbai, A-53, Mumbai, Madhuban Society, L J Gupta Marg Deonar Chembur, Maharashtra	india	india	bazar real private limited	br	bazar real	br			weak_or_no_token_overlap_jaccard_lt_0_2;heavy_character_difference_ratio_lt_60;short_or_generic_name_le_one_core_token;useful_address_token_overlap_jaccard_ge_0_5;shared_house_or_numeric_tokens
still_missed_at_k50	S1-991446607	S2-237352103	S2	Sunrise Solutions Private Limited	सनराइज सॉल्यूशंस प्राइवेट लिमिटेड	Dr. R K Maurya 109/3A Nehru Nagar, Kanpur, Uttar Pradesh	Uttar Pradesh, KANPUR, DR. R K MAURYA 109/3A NEHRU NAGAR	india	india	sunrise solutions private limited	सनराइज सॉल्यूशंस प्राइवेट लिमिटेड	sunrise solutions	सनराइज सॉल्यूशंस प्राइवेट लिमिटेड			weak_or_no_token_overlap_jaccard_lt_0_2;heavy_character_difference_ratio_lt_60;different_script_possible_transliteration;useful_address_token_overlap_jaccard_ge_0_5;shared_house_or_numeric_tokens
still_missed_at_k50	S1-536122173	S2-709208469	S2	Pioneer Agro Private Limited	পায়োনিয়ার অ্যাগ্রো প্রাইভেট লিমিটেড	77 N S Rd4Th Fl., Kolkata, Calcutta, West Bengal	#77 N S RDT4H FL., KOLKATA REGION, CALCUTTA, West Bengal	india	india	pioneer agro private limited	পায়োনিয়ার অ্যাগ্রো প্রাইভেট লিমিটেড	pioneer agro	পায়োনিয়ার অ্যাগ্রো প্রাইভেট লিমিটেড			weak_or_no_token_overlap_jaccard_lt_0_2;heavy_character_difference_ratio_lt_60;different_script_possible_transliteration;useful_address_token_overlap_jaccard_ge_0_5;shared_house_or_numeric_tokens
still_missed_at_k50	S1-500088894	S2-151090198	S2	Gulf Ameren	6ulf Almrn	3682 Haig Street, Portland, OR	PORTLAND, PO BOX 9107, 682 HAIG STREET, OR	us	us	gulf ameren	6ulf almrn	gulf ameren	6ulf almrn			weak_or_no_token_overlap_jaccard_lt_0_2;conflicting_numeric_tokens
still_missed_at_k50	S1-432318884	S2-893216496	S2	Cardiology Health PLLC	@cardiologyhealth	107 Frank Parker Road, Rockingham, NC	##107 FRANK PARKER RD, ROCKIGHAM CITY, NC	us	us	cardiology health pllc	cardiologyhealth	cardiology health pllc	cardiologyhealth			weak_or_no_token_overlap_jaccard_lt_0_2;short_or_generic_name_le_one_core_token;shared_house_or_numeric_tokens
still_missed_at_k50	S1-626019489	S2-725986385	S2	Alpha International Private Limited	આલ્ફા ઇન્ટરનેશનલ પ્રાઇવેટ લિમિટેડ	605 Aditya, Mithakhali Sixroads Ellisbridge, Ahmedabad, Gujarat	AHMEDABAD, NO 605 ADITYA, AHMEDABAD, Gujarat	india	india	alpha international private limited	આલ્ફા ઇન્ટરનેશનલ પ્રાઇવેટ લિમિટેડ	alpha international	આલ્ફા ઇન્ટરનેશનલ પ્રાઇવેટ લિમિટેડ			weak_or_no_token_overlap_jaccard_lt_0_2;heavy_character_difference_ratio_lt_60;different_script_possible_transliteration;useful_address_token_overlap_jaccard_ge_0_5;shared_house_or_numeric_tokens
still_missed_at_k50	S1-491341973	S2-622296308	S2	Pioneer Global Private Limited	M/s Pioneer Global Private	22, Polock Street 5Th Floor, Kolkata, Howrah, West Bengal	2-2, POLOCK STREET 5TH FLOOR, KOLKATA, West Bengal	india	india	pioneer global private limited	m s pioneer global private	pioneer global	m s pioneer global			strong_token_overlap_jaccard_ge_0_5;useful_address_token_overlap_jaccard_ge_0_5;shared_house_or_numeric_tokens
still_missed_at_k50	S1-139137387	S3-291130769	S3	Laxmi East Industries LLP	लक्ष्मी ईस्ट इंडस्ट्रीज एलएलपी	House No. 3167 Ward No. 3 Rajiv Nagar Hingna Road, Hingna, Nagpur, Maharashtra	House No. 316 Ward No. 3 Rajiv Nagar Hingna Road, Nagpur Region, महाराष्ट्र	india	india	laxmi east industries llp	लक्ष्मी ईस्ट इंडस्ट्रीज एलएलपी	laxmi east industries	लक्ष्मी ईस्ट इंडस्ट्रीज एलएलपी			weak_or_no_token_overlap_jaccard_lt_0_2;heavy_character_difference_ratio_lt_60;different_script_possible_transliteration;useful_address_token_overlap_jaccard_ge_0_5;shared_house_or_numeric_tokens
still_missed_at_k50	S1-928384544	S2-468088757	S2	New It Private Limited	New New lt Pdrivaet Limited	No 351 Salarpuria Tower-1 Hosur Road Near Forum, Bengaluru, Bangalore, Karnataka	#447 SALARPURIA TOWER-1 HOSUR ROAD NEAR FORUM, BENGALURU, Karnataka	india	india	new it private limited	new new lt pdrivaet limited	new it	new new lt pdrivaet			useful_address_token_overlap_jaccard_ge_0_5;shared_house_or_numeric_tokens
still_missed_at_k50	S1-60299340	S3-788118392	S3	Digital Southern Management Private Limited	ડિજિટલ સધર્ન મેનેજમેન્ટ પ્રાઇવેટ લિમિટેડ	Suraj Palace, Kaveri Pase Vir Savrkar Road, Porbandar, Gujarat	Porbandar, Kaveri Pase Vir Savrkar Road, Porbandar, Suraj Palace, GJ	india	india	digital southern management private limited	ડિજિટલ સધર્ન મેનેજમેન્ટ પ્રાઇવેટ લિમિટેડ	digital southern management	ડિજિટલ સધર્ન મેનેજમેન્ટ પ્રાઇવેટ લિમિટેડ			weak_or_no_token_overlap_jaccard_lt_0_2;heavy_character_difference_ratio_lt_60;different_script_possible_transliteration;useful_address_token_overlap_jaccard_ge_0_5
still_missed_at_k50	S1-660440012	S2-823194459	S2	Wildlife League	Wildlife Léagfe	618 14th Street, Jamestown, ND	18 FOURTEENTH STREET, JAMESTOWN, ND	us	us	wildlife league	wildlife léagfe	wildlife league	wildlife léagfe			conflicting_numeric_tokens
still_missed_at_k50	S1-774957804	S2-937521899	S2	Pd Trading Private Limited	Mr pdtradingcom	Plot No B 166 Gf Sector 122, Noida, Gautam Buddha Nagar, Uttar Pradesh	PLOT NO B 166 GF SECTOR 122, GAUTAM BUDDHA NAGAR, NOIDA, Uttar Pradesh	india	india	pd trading private limited	mr pdtradingcom	pd trading	mr pdtradingcom			weak_or_no_token_overlap_jaccard_lt_0_2;heavy_character_difference_ratio_lt_60;useful_address_token_overlap_jaccard_ge_0_5;shared_house_or_numeric_tokens
still_missed_at_k50	S1-815325732	S3-203901892	S3	Bright Investment Private Limited	Belokor	Plot No 70 And 71 S & P Residency, Rajan Kuppam, Chennai, Tamil Nadu	Plot No 70 And 71 S & P Residency, Rajan Kuppam, Chennai, Tamil Nadu	india	india	bright investment private limited	belokor	bright investment	belokor			weak_or_no_token_overlap_jaccard_lt_0_2;heavy_character_difference_ratio_lt_60;short_or_generic_name_le_one_core_token;useful_address_token_overlap_jaccard_ge_0_5;shared_house_or_numeric_tokens
still_missed_at_k50	S1-25706535	S3-592487399	S3	International Systems Private Limited	ઇન્ટરનેશનલ સિસ્ટમ્સ પ્રાઇવેટ લિમિટેડ	703, Shivalik Highstreet, Nr. Keshavbaug, Vastrapur, Ahmedabad, Gujarat	Ahmedabad, Shivalik Highstreet, Nr. Keshavbaug, Vastrapur, Ahmedabad, GJ, 703	india	india	international systems private limited	ઇન્ટરનેશનલ સિસ્ટમ્સ પ્રાઇવેટ લિમિટેડ	international systems	ઇન્ટરનેશનલ સિસ્ટમ્સ પ્રાઇવેટ લિમિટેડ			weak_or_no_token_overlap_jaccard_lt_0_2;heavy_character_difference_ratio_lt_60;different_script_possible_transliteration;useful_address_token_overlap_jaccard_ge_0_5;shared_house_or_numeric_tokens
still_missed_at_k50	S1-760074546	S3-65326403	S3	Vasquez Atlantic Blueport, LLC	Abvasquez.Com	106 Weatherman Drive, Wentzville, MO	Wentzville, Missouri, 106 Weathrman Dr	us	us	vasquez atlantic blueport llc	abvasquez com	vasquez atlantic blueport	abvasquez com			weak_or_no_token_overlap_jaccard_lt_0_2;heavy_character_difference_ratio_lt_60;shared_house_or_numeric_tokens
still_missed_at_k50	S1-474604022	S3-794567887	S3	Pioneer Finance Private Limited	Pioneerfinancecom	B-201, Shreeji Ville, Opp. Nitin Co., Dr. Almeda Rd, Panchpakhadi, Thane (West, ), Thane, Maharashtra	Thane, महाराष्ट्र, Thane, B-201, Shreeji Ville, Opp. Nitin Co., Dr. Almeda Rd, Panchpakhadi, Thane (West, )	india	india	pioneer finance private limited	pioneerfinancecom	pioneer finance	pioneerfinancecom			weak_or_no_token_overlap_jaccard_lt_0_2;short_or_generic_name_le_one_core_token;useful_address_token_overlap_jaccard_ge_0_5;shared_house_or_numeric_tokens
still_missed_at_k50	S1-594363950	S2-70371595	S2	Mountain Association	mountainassociation.com	687 Maple Grove Way, Apex, NC	87 MAPLE GROVE WAY, APEX, NC	us	us	mountain association	mountainassociation com	mountain association	mountainassociation com			weak_or_no_token_overlap_jaccard_lt_0_2;useful_address_token_overlap_jaccard_ge_0_5;conflicting_numeric_tokens
still_missed_at_k50	S1-862878284	S3-835936107	S3	Jayraj Environment Private Limited	privateenvironmentjayraj.com	S-160 Second Floorpanchshila Park, New Delhi, South Delhi, Delhi	S-160. Second Floorpanchshila Park, New Delhi, Delhi, DL	india	india	jayraj environment private limited	privateenvironmentjayraj com	jayraj environment	privateenvironmentjayraj com			weak_or_no_token_overlap_jaccard_lt_0_2;heavy_character_difference_ratio_lt_60;useful_address_token_overlap_jaccard_ge_0_5;shared_house_or_numeric_tokens
still_missed_at_k50	S1-956505388	S2-273596410	S2	Heritage Cargo Enterprises	heritagecargoenterprises.com	Unit Unit F, 2201 12th Street, Fargo, ND	2201 12ND ST, FARGO, ND	us	us	heritage cargo enterprises	heritagecargoenterprises com	heritage cargo enterprises	heritagecargoenterprises com			weak_or_no_token_overlap_jaccard_lt_0_2;shared_house_or_numeric_tokens
still_missed_at_k50	S1-449872677	S3-443154683	S3	Superior Imaging Corp	superiorimaging.com	11209 Ghost Ridge Drive, Venus, TX	11192 Ghost Ridge Drive, Venus, Texas	us	us	superior imaging corp	superiorimaging com	superior imaging	superiorimaging com			weak_or_no_token_overlap_jaccard_lt_0_2;useful_address_token_overlap_jaccard_ge_0_5;conflicting_numeric_tokens;conflicting_postal_candidates
still_missed_at_k50	S1-456157470	S3-490753526	S3	Odessa Hui, DPM	Huiodessa.Com	702 Oak Street, Unit Apt 1A, Rogers, AR	702 Oak Street, Unit Apt 1A, Rogers, Arkansas	us	us	odessa hui dpm	huiodessa com	odessa hui dpm	huiodessa com			weak_or_no_token_overlap_jaccard_lt_0_2;heavy_character_difference_ratio_lt_60;useful_address_token_overlap_jaccard_ge_0_5;shared_house_or_numeric_tokens
still_missed_at_k50	S1-670921322	S2-792998289	S2	Swastik Enterprises Private Limited	स्वस्तिक एंटरप्राइजेज प्राइवेट लिमिटेड	Maharashtra, Jagannath Shankarsheth, Mumbai, 47A Flr 5 05A Kumar Vilas	#47A FLR 5 05A KUMAR VILAS, JAGANNATH SHANKARSHETH, MUMBAI, Maharashtra	india	india	swastik enterprises private limited	स्वस्तिक एंटरप्राइजेज प्राइवेट लिमिटेड	swastik enterprises	स्वस्तिक एंटरप्राइजेज प्राइवेट लिमिटेड			weak_or_no_token_overlap_jaccard_lt_0_2;heavy_character_difference_ratio_lt_60;different_script_possible_transliteration;useful_address_token_overlap_jaccard_ge_0_5;shared_house_or_numeric_tokens
still_missed_at_k50	S1-105860164	S2-526372236	S2	Shree Digital (India) Private Limited	Shree Digital (India)-Plivoie Limited	Delhi, West Delhi, Bg 6/12B, 1St Floor, Janta Flats Paschim Vihar New Delhi	BG #6/12B, 1ST FLOOR, JANTA FLATS PASCHIM VIHAR NEW DELHI, DELHI, दिल्ली	india	india	shree digital india private limited	shree digital india plivoie limited	shree digital india	shree digital india plivoie			strong_token_overlap_jaccard_ge_0_5;useful_address_token_overlap_jaccard_ge_0_5;shared_house_or_numeric_tokens
still_missed_at_k50	S1-152211117	S3-547459564	S3	One Food Private Limited	One Food Poroei Limited	10, Alipur Road Civil Lines, New Delhi, Delhi	Block C-244 10, Alipur Road Civil Lines, DL	india	india	one food private limited	one food poroei limited	one food	one food poroei			strong_token_overlap_jaccard_ge_0_5;shared_house_or_numeric_tokens
still_missed_at_k50	S1-680230109	S2-742689414	S2	Mideast & Co	Arcdrex	Delhi, C/O Kapil Khanna, R-578 First Floor, New Rajinder Nagar, North Delhi	C/O KAPIL KHANNA, NORTH DELHI, DELHI	india	india	mideast and co	arcdrex	mideast and	arcdrex			weak_or_no_token_overlap_jaccard_lt_0_2;heavy_character_difference_ratio_lt_60;short_or_generic_name_le_one_core_token
still_missed_at_k50	S1-649600527	S3-6193289	S3	Rapid Aerospace Associates LP	rápidaerospaceassociates.com	98 1500, Springville, UT	98 1500, Springville, Utah	us	us	rapid aerospace associates lp	rápidaerospaceassociates com	rapid aerospace associates	rápidaerospaceassociates com			weak_or_no_token_overlap_jaccard_lt_0_2;useful_address_token_overlap_jaccard_ge_0_5;shared_house_or_numeric_tokens
still_missed_at_k50	S1-785733509	S2-649179661	S2	Om Software Private Limited	ॐ सॉफ्टवेयर Private Limited	F-81-B, Laxmi Nagar, Delhi	F-81-B, NULL, DELHI, LAXMI NAGAR, Delhi	india	india	om software private limited	ॐ सॉफ्टवेयर private limited	om software	ॐ सॉफ्टवेयर			weak_or_no_token_overlap_jaccard_lt_0_2;different_script_possible_transliteration;useful_address_token_overlap_jaccard_ge_0_5;shared_house_or_numeric_tokens
still_missed_at_k50	S1-258178816	S2-123050119	S2	Innovative Exports Private Limited	Sri Innovative Exports Limited Private	3Rd Floor, Lava Kusha Building, Beratena Agrahara Begur Hobli, Karnataka, Bangalore, Bangalore South, 6/2	7/2, 3RD FLOOR, LAVA KUSHA BUILDING, BERATENA AGRAHARA BEGUR HOBLI, BANGALORE SOUTH, ಕರ್ನಾಟಕ	india	india	innovative exports private limited	sri innovative exports limited private	innovative exports	sri innovative exports			strong_token_overlap_jaccard_ge_0_5;useful_address_token_overlap_jaccard_ge_0_5;shared_house_or_numeric_tokens
still_missed_at_k50	S1-764377087	S2-439891309	S2	Indian Krishna Infrastructure Private Limited	Indian Koosna Infrastructure Private Limited	3/1, Pattanam Main Road Ondipudur(Via), Pattanam, Coimbatore, Tamil Nadu	##3/1, PATTANAM MAIN ROAD ONDIPUDUR(VIA), PATTANAM, COIMBATORE, தமிழ்நாடு	india	india	indian krishna infrastructure private limited	indian koosna infrastructure private limited	indian krishna infrastructure	indian koosna infrastructure			strong_token_overlap_jaccard_ge_0_5;useful_address_token_overlap_jaccard_ge_0_5;shared_house_or_numeric_tokens
still_missed_at_k50	S1-384653840	S3-505428004	S3	Royal Laxmi Products Private Limited	ராயல் லக்ஷ்மி புராடக்ட்ஸ் பிரைவேட் லிமிடெட்	No.17/2, 48Th Street, Ashok Nagar, Chennai, Tamil Nadu	Door No 17, 48Th Street, Ashok Nagar, Madras, Chennai, தமிழ்நாடு	india	india	royal laxmi products private limited	ராயல் லக்ஷ்மி புராடக்ட்ஸ் பிரைவேட் லிமிடெட்	royal laxmi products	ராயல் லக்ஷ்மி புராடக்ட்ஸ் பிரைவேட் லிமிடெட்			weak_or_no_token_overlap_jaccard_lt_0_2;heavy_character_difference_ratio_lt_60;different_script_possible_transliteration;useful_address_token_overlap_jaccard_ge_0_5;shared_house_or_numeric_tokens
still_missed_at_k50	S1-634551980	S3-793795439	S3	Heritage Engineering Associates LLC	Heritageenggassoc.Com	220 Main Street, Mulberry, AR	##220 Main St, Mulberry, Arkansas	us	us	heritage engineering associates llc	heritageenggassoc com	heritage engineering associates	heritageenggassoc com			weak_or_no_token_overlap_jaccard_lt_0_2;shared_house_or_numeric_tokens
still_missed_at_k50	S1-110444105	S2-455923181	S2	Ss Software Private Limited	एसएस सॉफ्टवेयर प्राइवेट लिमिटेड	Axis Bank, 3/ 203 Behram Baug Parsi Colony, Oshiwara, Joge, Shwari (W), Mumbai, Mumbai City, Maharashtra	BLOCK B-544 AXIS BANK, 3/ 203 BEHRAM BAUG PARSI COLONY, OSHIWARA, JOGE, SHWARI (W), MUMBAI, MUMBAI CITY, Maharashtra	india	india	ss software private limited	एसएस सॉफ्टवेयर प्राइवेट लिमिटेड	ss software	एसएस सॉफ्टवेयर प्राइवेट लिमिटेड			weak_or_no_token_overlap_jaccard_lt_0_2;heavy_character_difference_ratio_lt_60;different_script_possible_transliteration;useful_address_token_overlap_jaccard_ge_0_5;shared_house_or_numeric_tokens
still_missed_at_k50	S1-146462674	S3-317107833	S3	Green Innovative Impex Pvt Ltd	গ্রীন ইনোভেটিভ ইম্পেক্স প্রাইভেট লিমিটেড	C/O Partha Pratim Sarkar, Bachurdoba, Jhargram, Paschim Medinipur, Jhargram, Midnapore, West Bengal	C/o Partha Pratim Sarkra, Bachurdoba, Jhargram, Paschim Medinipur, Jhargram, WB	india	india	green innovative impex pvt ltd	গ্রীন ইনোভেটিভ ইম্পেক্স প্রাইভেট লিমিটেড	green innovative impex	গ্রীন ইনোভেটিভ ইম্পেক্স প্রাইভেট লিমিটেড			weak_or_no_token_overlap_jaccard_lt_0_2;heavy_character_difference_ratio_lt_60;different_script_possible_transliteration;useful_address_token_overlap_jaccard_ge_0_5
still_missed_at_k50	S1-948328113	S2-630638491	S2	NV World Private Limited	LUMZETA	Plot No.45/19, Door No.2, Ground Floor, Jubilee Road, West Mambalam, Chennai, Tamil Nadu	PLT NO.##45/19, DOOR NO.2, GROUND FLOOR, JUBILEE ROAD, WEST MAMBALAM, CHENNAI, MAMBALAAM, தமிழ்நாடு	india	india	nv world private limited	lumzeta	nv world	lumzeta			weak_or_no_token_overlap_jaccard_lt_0_2;heavy_character_difference_ratio_lt_60;short_or_generic_name_le_one_core_token;useful_address_token_overlap_jaccard_ge_0_5;shared_house_or_numeric_tokens
still_missed_at_k50	S1-83023938	S3-206021219	S3	Raj Best Producer Private Limited	राज बेस्ट प्रोड्यूसर प्राइवेट लिमिटेड	Flat No.A/104 Dream Ville, S.N.35/4/2 Near Indrayani Mangal Karyalay, Kalepadal, Hadapsar, Pune, Maharashtra	Hn 15 Flat No.a/104 Dream Ville, S.n.35/4/2 Near Indrayani Mangal Karyalay, Kalepadal, Hadapsar, Pune, MH	india	india	raj best producer private limited	राज बेस्ट प्रोड्यूसर प्राइवेट लिमिटेड	raj best producer	राज बेस्ट प्रोड्यूसर प्राइवेट लिमिटेड			weak_or_no_token_overlap_jaccard_lt_0_2;heavy_character_difference_ratio_lt_60;different_script_possible_transliteration;useful_address_token_overlap_jaccard_ge_0_5;shared_house_or_numeric_tokens
still_missed_at_k50	S1-669014877	S3-650410599	S3	Miers, Ollie N., MD	miersollien.com	22125 Princeton Circle, Frankfort, IL	2212 Princeton Circle, Incorporated, Illinois	us	us	miers ollie n md	miersollien com	miers ollie n md	miersollien com			weak_or_no_token_overlap_jaccard_lt_0_2;conflicting_numeric_tokens
still_missed_at_k50	S1-212983496	S3-699992059	S3	Galaxy Power Private Limited	गैलेक्सी पावर प्राइवेट लिमिटेड	C/O Chandan Kumar, Vill& Tola- Bedauli Panchayat - Sikandar Pur, Block - Bihta, Patna, Bihar	Vill& Tola- Bedauli Panchayat - Sikandar Pur, Block - Bihta, BR, C/o Chandan Kumar, Patna	india	india	galaxy power private limited	गैलेक्सी पावर प्राइवेट लिमिटेड	galaxy power	गैलेक्सी पावर प्राइवेट लिमिटेड			weak_or_no_token_overlap_jaccard_lt_0_2;heavy_character_difference_ratio_lt_60;different_script_possible_transliteration;useful_address_token_overlap_jaccard_ge_0_5
still_missed_at_k50	S1-936338354	S3-524453492	S3	Roth Precision Energy	Roth Precision Enceiigy	Absarokee, MT, 134 Tuttle Lane		us	us	roth precision energy	roth precision enceiigy	roth precision energy	roth precision enceiigy			strong_token_overlap_jaccard_ge_0_5;blank_target_address
still_missed_at_k50	S1-993667511	S3-345696843	S3	Baba Investment Private Limited	बाबा इन्वेस्टमेंट प्राइवेट लिमिटेड	206 Neco Chambers, Plot No. 48, Sector 11 Cbd Belapur, Navi Mumbai, Thane, Maharashtra	206 Neco Chmabers, Thane, Navi Mumbai, MH	india	india	baba investment private limited	बाबा इन्वेस्टमेंट प्राइवेट लिमिटेड	baba investment	बाबा इन्वेस्टमेंट प्राइवेट लिमिटेड			weak_or_no_token_overlap_jaccard_lt_0_2;heavy_character_difference_ratio_lt_60;different_script_possible_transliteration;shared_house_or_numeric_tokens
still_missed_at_k50	S1-515983184	S2-692289621	S2	Blanchard Biotechnologies	BLANCHARD BOTECHNOLOGIES	Saint Louis, 5809 Kerth Road, MO, Fl 0	005809 KERTH RD, SAINT LOUIS, MO	us	us	blanchard biotechnologies	blanchard botechnologies	blanchard biotechnologies	blanchard botechnologies			conflicting_numeric_tokens
still_missed_at_k50	S1-240902157	S3-372275679	S3	Choice Securities LLC	Choice Securtes LLC	11713 Nyanza Road, WA, Lakewood	011713 Nyanza Rd, Lakewood Tonwship, Washington	us	us	choice securities llc	choice securtes llc	choice securities	choice securtes			conflicting_numeric_tokens
still_missed_at_k50	S1-771228021	S3-120461232	S3	Basgaon Education Private Limited	Iriavizeph	C/O Abhishek Kumar, Mahaveer Chhapramahaveer, Basgaon, Gorakhpur, Uttar Pradesh	Block G-342 C/o Abhishek Kumar, Mahaveer Chhapramahaveer, Basgaon, Gorakhpur, उत्तर प्रदेश	india	india	basgaon education private limited	iriavizeph	basgaon education	iriavizeph			weak_or_no_token_overlap_jaccard_lt_0_2;heavy_character_difference_ratio_lt_60;short_or_generic_name_le_one_core_token;useful_address_token_overlap_jaccard_ge_0_5
still_missed_at_k50	S1-468656840	S3-338581348	S3	Classic New Systems Private Limited	C1assic Néw Systems Private Limited	H No:8-2-1/1/B, Bishan Apartment, G1 Panjagutta, Hyderabad, Telangana	H No:8-2-1/1/b, Hyderabad, TG	india	india	classic new systems private limited	c1assic néw systems private limited	classic new systems	c1assic néw systems			useful_address_token_overlap_jaccard_ge_0_5;shared_house_or_numeric_tokens
still_missed_at_k50	S1-212585594	S3-327033625	S3	Silver Learning Partners LLC	Kororbi	100 Rex Lane, Yuma, TN	100 Rex Ln, Yuma, Tennessee	us	us	silver learning partners llc	kororbi	silver learning partners	kororbi			weak_or_no_token_overlap_jaccard_lt_0_2;heavy_character_difference_ratio_lt_60;short_or_generic_name_le_one_core_token;shared_house_or_numeric_tokens
still_missed_at_k50	S1-971714205	S2-754451910	S2	Sun Media LLP	sunmedia.com	Ff-66, City Mall Ii, Navjivan Mill Compound, Kalol, Gandhi Nagar, Gujarat	FF-66, CITY MALL II, NAVJIVAN MILL COMPOUND, KAOL, ગુજરાત	india	india	sun media llp	sunmedia com	sun media	sunmedia com			weak_or_no_token_overlap_jaccard_lt_0_2;useful_address_token_overlap_jaccard_ge_0_5;shared_house_or_numeric_tokens
still_missed_at_k50	S1-291224718	S3-770084759	S3	Global Consumer Services, LLC	Global Cónsumer Services, LLC	166 Holbrook Road, Minot, ME	Holbrook Rd, Minot, Maine	us	us	global consumer services llc	global cónsumer services llc	global consumer services	global cónsumer services			strong_token_overlap_jaccard_ge_0_5
still_missed_at_k50	S1-113129165	S2-192233154	S2	Gujarat Care Private Limited	6ujarat Care Private Limited	7Th Floor, Pushpak, Khanpur, Ahmedabad, Gujarat	AHMEDABAD, NULL, ગુજરાત, 7TH FLOOR, AHMEDABAD	india	india	gujarat care private limited	6ujarat care private limited	gujarat care	6ujarat care			shared_house_or_numeric_tokens
still_missed_at_k50	S1-397137346	S2-531840037	S2	Dream Finance Pvt Ltd	Dream Pvt Ltd Services	12A Bharathiyar Street Jaihindupuram, Madurai, Tamil Nadu	NO 12A- BHARATHIYAR STREET JAIHINDUPURAM, MADURAI, Tamil Nadu	india	india	dream finance pvt ltd	dream pvt ltd services	dream finance	dream pvt ltd services			useful_address_token_overlap_jaccard_ge_0_5;shared_house_or_numeric_tokens
still_missed_at_k50	S1-74053100	S2-421779961	S2	East Marketing Private Limited	ईस्ट मार्केटिंग प्राइवेट लिमिटेड	C/O Ishu Taygi, Shop No.118, Na Bay Pass Road, Kaniya Sahab Chowk, Yamuna Nagar, Haryana	C/O ISHU TAYGI, YAMUNANAGAR, YAMUNA NAGAR, हरियाणा	india	india	east marketing private limited	ईस्ट मार्केटिंग प्राइवेट लिमिटेड	east marketing	ईस्ट मार्केटिंग प्राइवेट लिमिटेड			weak_or_no_token_overlap_jaccard_lt_0_2;heavy_character_difference_ratio_lt_60;different_script_possible_transliteration
still_missed_at_k50	S1-485193177	S2-21450832	S2	Duke Modern Israel PC	Duke Modern	5084 Cibola Drive, Topock, AZ	CIBOLA DRIVE, AZ, TOPOCK	us	us	duke modern israel pc	duke modern	duke modern israel	duke modern			strong_token_overlap_jaccard_ge_0_5;useful_address_token_overlap_jaccard_ge_0_5
still_missed_at_k50	S1-365309502	S2-325230880	S2	Royal India Ltd	Royal Ltd Services	Unit No 3 2Nd Flr G Wingtex Centre Chandivali Road Sakinaka Andheri East, Mumbai, Maharashtra	UNIT NO 3 2ND FLR G WINGTEX CENTRE CHANDIVALI ROAD SAKINAKA ANDHERI EAST, MUMBAI, Maharashtra	india	india	royal india ltd	royal ltd services	royal india	royal ltd services			heavy_character_difference_ratio_lt_60;useful_address_token_overlap_jaccard_ge_0_5;shared_house_or_numeric_tokens
still_missed_at_k50	S1-48433847	S3-137210455	S3	Foot & Ankle Care	Quoonyxkelo	22 Trolley Line Drive, Madison, ME	22 Trolley Line Dr, Maine, Madison	us	us	foot and ankle care	quoonyxkelo	foot and ankle care	quoonyxkelo			weak_or_no_token_overlap_jaccard_lt_0_2;heavy_character_difference_ratio_lt_60;short_or_generic_name_le_one_core_token;useful_address_token_overlap_jaccard_ge_0_5;shared_house_or_numeric_tokens
still_missed_at_k50	S1-562698649	S2-922167243	S2	Ritu Management Limited	ritumanagement.com	27/1 Xii Avenueashok Nagar, Chennai, Tamil Nadu	27/1 XII AVENUEASHOK NAGAR, CHENNAI, தமிழ்நாடு	india	india	ritu management limited	ritumanagement com	ritu management	ritumanagement com			weak_or_no_token_overlap_jaccard_lt_0_2;useful_address_token_overlap_jaccard_ge_0_5;shared_house_or_numeric_tokens
still_missed_at_k50	S1-672170746	S2-993036787	S2	Jai (India) It Pvt Ltd	Ltd Jai Ít Pvt Partners	6/1 Nager Bazar Road, Kolkata, Howrah, West Bengal	6/1 NAGER BAZAR ROAD, KOLKATA, HOWRAH, West Bengal	india	india	jai india it pvt ltd	ltd jai ít pvt partners	jai india it	ltd jai ít pvt partners			weak_or_no_token_overlap_jaccard_lt_0_2;heavy_character_difference_ratio_lt_60;useful_address_token_overlap_jaccard_ge_0_5;shared_house_or_numeric_tokens
still_missed_at_k50	S1-428157195	S3-328628161	S3	Shyam Logistics Private Limited	श्याम लॉजिस्टिक्स प्राइवेट लिमिटेड	A-201, Dilbahar Society, Pm Cross Road, Santacruz West, Mumbai, Mumbai City, Maharashtra	A-201, Mumbai, Mumbai City, MH	india	india	shyam logistics private limited	श्याम लॉजिस्टिक्स प्राइवेट लिमिटेड	shyam logistics	श्याम लॉजिस्टिक्स प्राइवेट लिमिटेड			weak_or_no_token_overlap_jaccard_lt_0_2;heavy_character_difference_ratio_lt_60;different_script_possible_transliteration;shared_house_or_numeric_tokens
still_missed_at_k50	S1-286916997	S2-690217408	S2	Classic Life Agro Private Limited	क्लासिक लाइफ एग्रो प्राइवेट लिमिटेड	Office No. 501, Ratan Gallaxie Arya Mandir Hall, J N Road, Mulund (W), Mumbai, Mumbai City, Maharashtra	OFFICE NO. 501, MUMBAI CITY, BOMBAY, महाराष्ट्र	india	india	classic life agro private limited	क्लासिक लाइफ एग्रो प्राइवेट लिमिटेड	classic life agro	क्लासिक लाइफ एग्रो प्राइवेट लिमिटेड			weak_or_no_token_overlap_jaccard_lt_0_2;heavy_character_difference_ratio_lt_60;different_script_possible_transliteration;shared_house_or_numeric_tokens
still_missed_at_k50	S1-281962897	S2-738938999	S2	Balaji International Private Limited	बालाजी इंटरनेशनल प्राइवेट लिमिटेड	C/O Shri Pawar Vilas Ambajirao H.No.406, Balapur.Tq Dharmabad, Nanded, Maharashtra	<NULL>, REGIONAL OFFICE AURANGABAD, C/O SHRI PAWAR VILAS AMBAJIRAO H.NO.##406, Maharashtra	india	india	balaji international private limited	बालाजी इंटरनेशनल प्राइवेट लिमिटेड	balaji international	बालाजी इंटरनेशनल प्राइवेट लिमिटेड			weak_or_no_token_overlap_jaccard_lt_0_2;heavy_character_difference_ratio_lt_60;different_script_possible_transliteration;useful_address_token_overlap_jaccard_ge_0_5;shared_house_or_numeric_tokens
still_missed_at_k50	S1-399387100	S2-15592925	S2	Universal Properties LLP	யுனிவர்சல் புராப்பர்ட்டீஸ் எல்எல்பி	149 Velachery Tambaram Main Road, Pallikaranai, Tambaram, Kanchipuram, Tamil Nadu	149 VELACHERY TAMBARAM MAIN ROAD, KANCHIPURAM, TAMBARAM, Tamil Nadu	india	india	universal properties llp	யுனிவர்சல் புராப்பர்ட்டீஸ் எல்எல்பி	universal properties	யுனிவர்சல் புராப்பர்ட்டீஸ் எல்எல்பி			weak_or_no_token_overlap_jaccard_lt_0_2;heavy_character_difference_ratio_lt_60;different_script_possible_transliteration;useful_address_token_overlap_jaccard_ge_0_5;shared_house_or_numeric_tokens
still_missed_at_k50	S1-651514306	S3-935953213	S3	Sai Properties Limited	சாய் புராப்பர்ட்டீஸ் லிமிடெட்	Plot 257, Burma Colony Perungudi, Chennai, Tamil Nadu	Burma Colony Perungudi, Chennai, TN, Plot 257, Chennai	india	india	sai properties limited	சாய் புராப்பர்ட்டீஸ் லிமிடெட்	sai properties	சாய் புராப்பர்ட்டீஸ் லிமிடெட்			weak_or_no_token_overlap_jaccard_lt_0_2;heavy_character_difference_ratio_lt_60;different_script_possible_transliteration;useful_address_token_overlap_jaccard_ge_0_5;shared_house_or_numeric_tokens
still_missed_at_k50	S1-363252960	S3-224964432	S3	Tomlinson Square LLC	T0mlinson LLC Square - 4643746720	4960 Rockton Road, South Beloit, IL	South Beloit, 960 Rockton Rd, Illinois	us	us	tomlinson square llc	t0mlinson llc square 4643746720	tomlinson square	t0mlinson llc square 4643746720			conflicting_numeric_tokens
still_missed_at_k50	S1-884143450	S3-898317010	S3	Hunter Bitcoin LLC	Hunter Bictsoin LLC	2225 Shalom Avenue, Warren, OH	Shalom Ave, Warren, Ohio	us	us	hunter bitcoin llc	hunter bictsoin llc	hunter bitcoin	hunter bictsoin			
still_missed_at_k50	S1-260232316	S3-760351746	S3	Brigade Developers Private Limited	brigadedevelopersprivate.com	Room No 22/4, Unit 12W2, 12Th Floor, Mani Casadona, New Town, Action Area Iif/04, Street No 372, North 24 Parganas, West Bengal	Room No 22/4/3, North 24 Parganas, WB	india	india	brigade developers private limited	brigadedevelopersprivate com	brigade developers	brigadedevelopersprivate com			weak_or_no_token_overlap_jaccard_lt_0_2;shared_house_or_numeric_tokens
still_missed_at_k50	S1-387054477	S2-423959613	S2	Smart Developers Limited	SMART-LIMITED PARTNERS	Lekh No. 700/Paiki, Nr. Ppw Office, Nazarbaug Road, Morbi, Rajkot, Gujarat	Gujarat, LEKH NO. 0700/PAIKI, NR. PPW OFFICE, NAZARBAUG ROAD, MORBI	india	india	smart developers limited	smart limited partners	smart developers	smart limited partners			heavy_character_difference_ratio_lt_60;useful_address_token_overlap_jaccard_ge_0_5;conflicting_numeric_tokens
still_missed_at_k50	S1-891743364	S3-93576330	S3	S+ Neighborhood	S+ Ngehobrhbod	2105 Bloomingdale Road, Glendale Heights, IL		us	us	s neighborhood	s ngehobrhbod	s neighborhood	s ngehobrhbod			blank_target_address
still_missed_at_k50	S1-782745403	S2-8311849	S2	Black Ventures Private Limited	ब्लैक वेंचर्स प्राइवेट लिमिटेड	H. No. B-20, F/F Nehru Vihar, Civil Lines, New Delhi, North Delhi, Delhi	H. NO. B-020, F/F NEHRU VIHAR, CIVIL LINES, NEW DELHI, NORTH DELHI, Delhi	india	india	black ventures private limited	ब्लैक वेंचर्स प्राइवेट लिमिटेड	black ventures	ब्लैक वेंचर्स प्राइवेट लिमिटेड			weak_or_no_token_overlap_jaccard_lt_0_2;heavy_character_difference_ratio_lt_60;different_script_possible_transliteration;useful_address_token_overlap_jaccard_ge_0_5;conflicting_numeric_tokens
still_missed_at_k50	S1-308683858	S3-545617773	S3	Vtc Naman Pvt Ltd	vtcnamancom	Flat No 5 2Nd Floorsagar Apartment 6 Tilak Marg, New Delhi, Central Delhi, Delhi	Flat No C-5 2Nd Floorsagar Apartment 6 Tilak Marg, Central, Central Delhi, DL	india	india	vtc naman pvt ltd	vtcnamancom	vtc naman	vtcnamancom			weak_or_no_token_overlap_jaccard_lt_0_2;heavy_character_difference_ratio_lt_60;short_or_generic_name_le_one_core_token;useful_address_token_overlap_jaccard_ge_0_5;shared_house_or_numeric_tokens
still_missed_at_k50	S1-668701603	S2-805931708	S2	Shiva Media LLP	शिवा मीडिया एलएलपी	Uttar Pradesh, Nagla Padi, Ganesh Nagar, Khandari, Agra, Kh No. 262, Agra	KH NO. 262., NAGLA PADI, GANESH NAGAR, KHANDARI, Uttar Pradesh, AGRA	india	india	shiva media llp	शिवा मीडिया एलएलपी	shiva media	शिवा मीडिया एलएलपी			weak_or_no_token_overlap_jaccard_lt_0_2;heavy_character_difference_ratio_lt_60;different_script_possible_transliteration;useful_address_token_overlap_jaccard_ge_0_5;shared_house_or_numeric_tokens
still_missed_at_k50	S1-990244205	S2-836494230	S2	Silver Transit Associates	SILVER TRANSIT SERVICES	3955 Bower Road, Roanoke County, VA	BOWER RD, ROANOKE COUNTY, VA	us	us	silver transit associates	silver transit services	silver transit associates	silver transit services			strong_token_overlap_jaccard_ge_0_5;useful_address_token_overlap_jaccard_ge_0_5
still_missed_at_k50	S1-644691673	S3-749127116	S3	Brown Holdings	Br0wn Hóldings	100-20 39 Avenue, Corona, NY	39 Avenue, Corona, New York	us	us	brown holdings	br0wn hóldings	brown holdings	br0wn hóldings			weak_or_no_token_overlap_jaccard_lt_0_2;shared_house_or_numeric_tokens
still_missed_at_k50	S1-40061094	S3-947301001	S3	A Cure 9 You	A Cúre	2626 John Road W, Mesquite, TX	John Rd W, Mesquite, Texas	us	us	a cure 9 you	a cúre	a cure 9 you	a cúre			heavy_character_difference_ratio_lt_60
still_missed_at_k50	S1-632411282	S3-967143506	S3	Seven Estate Private Limited	Kelolumsol	7Th Cross Chiranahalli, Badabane Udayagiri, Mandya, Karnataka	7Th Cross Chiranahalli, Badabane Udayagiri, Mandya, Karnataka	india	india	seven estate private limited	kelolumsol	seven estate	kelolumsol			weak_or_no_token_overlap_jaccard_lt_0_2;heavy_character_difference_ratio_lt_60;short_or_generic_name_le_one_core_token;useful_address_token_overlap_jaccard_ge_0_5;shared_house_or_numeric_tokens
still_missed_at_k50	S1-217953641	S2-738975894	S2	Cherry Reit LLC	cherryreit.com	10072 Torino Drive, Huntsville, AL	AL, TORINO DRIVE, HUNTSVILLE	us	us	cherry reit llc	cherryreit com	cherry reit	cherryreit com			weak_or_no_token_overlap_jaccard_lt_0_2;useful_address_token_overlap_jaccard_ge_0_5
still_missed_at_k50	S1-221835098	S2-202133018	S2	M&m Commotrade Private Limited	M&M CÓMMOTRADE PRIVATE LIMITED	71, Deepak Society Chunabhatti, Kolar Road, Bhopal, Madhya Pradesh	71, DEEPAK SOCIETY CHUNABHATTI, KOLAR ROAD, Madhya Pradesh	india	india	m and m commotrade private limited	m and m cómmotrade private limited	m and m commotrade	m and m cómmotrade			strong_token_overlap_jaccard_ge_0_5;useful_address_token_overlap_jaccard_ge_0_5;shared_house_or_numeric_tokens
still_missed_at_k50	S1-616088387	S3-935318986	S3	Colonial Pediatrics	Colonial Pédiatrics	4913 Oakwood Drive, Pleasant Hill, IA		us	us	colonial pediatrics	colonial pédiatrics	colonial pediatrics	colonial pédiatrics			blank_target_address
still_missed_at_k50	S1-622373881	S2-958474198	S2	Devin Holdings	VEOLYRA	Mumbai City, Mumbai, Sh65 Ground Floor, Maharashtra, Meter Cabin No.G3, Kohinoor Kirol Road, Kurla (West), Near Kohineer, City Mall	SH65 GROUND FLOOR, MUMBAI CITY, MUMBAI, Maharashtra	india	india	devin holdings	veolyra	devin holdings	veolyra			weak_or_no_token_overlap_jaccard_lt_0_2;heavy_character_difference_ratio_lt_60;short_or_generic_name_le_one_core_token;shared_house_or_numeric_tokens
still_missed_at_k50	S1-704199421	S2-716001453	S2	Baba Consulting Private Limited	babaconsultingprivate.com	27 P. C. Ghosh Road, Flat No. Gc, Groundfloor, Sreebhumi, North 24 Parganas, West Bengal	#27 P. C. GHOSH ROAD, FLAT NO. GC, GROUNDFLOOR, SREEBHUMI, West Bengal	india	india	baba consulting private limited	babaconsultingprivate com	baba consulting	babaconsultingprivate com			weak_or_no_token_overlap_jaccard_lt_0_2;useful_address_token_overlap_jaccard_ge_0_5;shared_house_or_numeric_tokens
still_missed_at_k50	S1-927221939	S3-182034459	S3	All Constructions	ऑल कंस्ट्रक्शंस	C/O Ashok Dadaji Dhobe At Shiwani Th Maregaon, Maregaon, Yavatmal, Maharashtra	C/o Ashok Dadaji Dhobe At Shiwani Th Maregaon, Maregaon, Yavatmal, MH	india	india	all constructions	ऑल कंस्ट्रक्शंस	all constructions	ऑल कंस्ट्रक्शंस			weak_or_no_token_overlap_jaccard_lt_0_2;heavy_character_difference_ratio_lt_60;different_script_possible_transliteration;useful_address_token_overlap_jaccard_ge_0_5
still_missed_at_k50	S1-710074459	S2-773663875	S2	Hotel Industries Private Limited	হোটেল ইন্ডাস্ট্রিজ প্রাইভেট লিমিটেড	E1/1 Purbachal Housingsociety Ltd Hatiara, Kolkata, Calcutta, West Bengal	#782/3 E1/1 PURBACHAL HOUSINGSOCIETY LTD HATIARA, KOLKATA, null, পশ্চিমবঙ্গ	india	india	hotel industries private limited	হোটেল ইন্ডাস্ট্রিজ প্রাইভেট লিমিটেড	hotel industries	হোটেল ইন্ডাস্ট্রিজ প্রাইভেট লিমিটেড			weak_or_no_token_overlap_jaccard_lt_0_2;heavy_character_difference_ratio_lt_60;different_script_possible_transliteration;useful_address_token_overlap_jaccard_ge_0_5;shared_house_or_numeric_tokens
still_missed_at_k50	S1-571446883	S3-428552210	S3	Sai Dream Engineering Private Limited	साईं ड्रीम इंजीनियरिंग प्राइवेट लिमिटेड	Delhi, East Delhi, Delhi, G-2/23 West Karval Nagar	दिल्ली, East Delhi, Delhi, G-2/23 West Karval Nagar	india	india	sai dream engineering private limited	साईं ड्रीम इंजीनियरिंग प्राइवेट लिमिटेड	sai dream engineering	साईं ड्रीम इंजीनियरिंग प्राइवेट लिमिटेड			weak_or_no_token_overlap_jaccard_lt_0_2;heavy_character_difference_ratio_lt_60;different_script_possible_transliteration;useful_address_token_overlap_jaccard_ge_0_5;shared_house_or_numeric_tokens
still_missed_at_k50	S1-275283091	S3-719354790	S3	Ashish Public School Private Limited	Ashish Public Public School Pvegaite Limited	3B, Lal Bazar Street Sir Rnm House, 4Th Floor, Kolkata, Kolkata, Howrah, West Bengal	Plot 75 3B, Lal Bazar Street Sir Rnm House, 4Th Floor, Kolkata, Kolkata, Howrah, WB	india	india	ashish public school private limited	ashish public public school pvegaite limited	ashish public school	ashish public public school pvegaite			strong_token_overlap_jaccard_ge_0_5;useful_address_token_overlap_jaccard_ge_0_5;shared_house_or_numeric_tokens
still_missed_at_k50	S1-701375192	S2-506209758	S2	Prime Waste LLC	PRIMEWASTE.COM	106 Carman Road, Huntington, NY	106 CARMAN ROAD, HUNTINGTON STAION, NY	us	us	prime waste llc	primewaste com	prime waste	primewaste com			weak_or_no_token_overlap_jaccard_lt_0_2;useful_address_token_overlap_jaccard_ge_0_5;shared_house_or_numeric_tokens
still_missed_at_k50	S1-500838070	S2-841333856	S2	Dream Management Private Limited	ड्रीम मैनेजमेंट प्राइवेट लिमिटेड	21 A Wing Naperol Tower, R A Kidwai Road, Mumbai, Maharashtra	महाराष्ट्र, 21 A WING NAPEROL TOWER, MUMBAI, N/A, MUMBAI	india	india	dream management private limited	ड्रीम मैनेजमेंट प्राइवेट लिमिटेड	dream management	ड्रीम मैनेजमेंट प्राइवेट लिमिटेड			weak_or_no_token_overlap_jaccard_lt_0_2;heavy_character_difference_ratio_lt_60;different_script_possible_transliteration;useful_address_token_overlap_jaccard_ge_0_5;shared_house_or_numeric_tokens
still_missed_at_k50	S1-834103659	S2-934550579	S2	Ridge Association	RIDGEASSOCIATION.COM	507 Lejeune Drive, Maryville, TN	MARYVILLE, TN, 507 LEJUENE DR	us	us	ridge association	ridgeassociation com	ridge association	ridgeassociation com			weak_or_no_token_overlap_jaccard_lt_0_2;shared_house_or_numeric_tokens
still_missed_at_k50	S1-482368309	S3-623934196	S3	Red Cafe PLLC	Red Ce PLLC	1 Sunrise Mall, Oyster Bay, NY	1 1/2 Sunrise Mall, Massapequa, New York	us	us	red cafe pllc	red ce pllc	red cafe pllc	red ce pllc			strong_token_overlap_jaccard_ge_0_5;shared_house_or_numeric_tokens
still_missed_at_k50	S1-885819489	S2-656711438	S2	Signature Blueport LLC	sbluep0rt.com	210 Carl Drive, Unit Apt E1, Hot Springs, AR	210- CARL DRIVE, HOT SPRINGS, AR	us	us	signature blueport llc	sbluep0rt com	signature blueport	sbluep0rt com			weak_or_no_token_overlap_jaccard_lt_0_2;heavy_character_difference_ratio_lt_60;useful_address_token_overlap_jaccard_ge_0_5;shared_house_or_numeric_tokens
still_missed_at_k50	S1-157760051	S2-675124592	S2	Garcia Physical Therapy Inc	The Garcia Physical Therapy Inc	VA, 9551 Old Creek Drive, Fairfax County	OLD CREEK DR, FAIRFAX COUNTY, VA	us	us	garcia physical therapy inc	the garcia physical therapy inc	garcia physical therapy	the garcia physical therapy			strong_token_overlap_jaccard_ge_0_5;useful_address_token_overlap_jaccard_ge_0_5
still_missed_at_k50	S1-682851914	S2-297440326	S2	Smith First Kimco	SMITHFIRSTKIMCO.COM	23 Highview Avenue, New Rochelle, NY	23 HIGHVIEW AVENUE, NEW ROCCHELLE, NY	us	us	smith first kimco	smithfirstkimco com	smith first kimco	smithfirstkimco com			weak_or_no_token_overlap_jaccard_lt_0_2;useful_address_token_overlap_jaccard_ge_0_5;shared_house_or_numeric_tokens
still_missed_at_k50	S1-544596367	S3-25044754	S3	Jai Consultancy Private Limited	जय कंसल्टेंसी प्राइवेट लिमिटेड	Ho. No. 1954/11, 2Nd Floor, Urmi Nivas, Gaytri Mandir Road, It Park, Parsodi, Nagpur, Maharashtra	824 Ho. No. 1954/11, Nagpur, MH	india	india	jai consultancy private limited	जय कंसल्टेंसी प्राइवेट लिमिटेड	jai consultancy	जय कंसल्टेंसी प्राइवेट लिमिटेड			weak_or_no_token_overlap_jaccard_lt_0_2;heavy_character_difference_ratio_lt_60;different_script_possible_transliteration;shared_house_or_numeric_tokens
still_missed_at_k50	S1-926220853	S3-962612281	S3	Shiv Investment Limited	शिव इन्वेस्टमेंट लिमिटेड	Madhya Pradesh, Indore, C/O Prayag Narayan Sangam, Indore, 13 Palasiya, M.Rd. Indore	C/o Prayag Narayan Sangam, Indore, MP	india	india	shiv investment limited	शिव इन्वेस्टमेंट लिमिटेड	shiv investment	शिव इन्वेस्टमेंट लिमिटेड			weak_or_no_token_overlap_jaccard_lt_0_2;heavy_character_difference_ratio_lt_60;different_script_possible_transliteration
still_missed_at_k50	S1-504552035	S2-94250483	S2	Global Energy Private Limited	ಗ್ಲೋಬಲ್ ಎನರ್ಜಿ ಪ್ರೈವೇಟ್ ಲಿಮಿಟೆಡ್	Bangalore North, Bangalore, Karnataka, 405 Sri Sai Delight Appt, 4Th Cross Alfa Gardends	#0405 SRI SAI DELIGHT APPT, 4TH CROSS ALFA GARDENDS, BANGALORE NORTH, Karnataka	india	india	global energy private limited	ಗ್ಲೋಬಲ್ ಎನರ್ಜಿ ಪ್ರೈವೇಟ್ ಲಿಮಿಟೆಡ್	global energy	ಗ್ಲೋಬಲ್ ಎನರ್ಜಿ ಪ್ರೈವೇಟ್ ಲಿಮಿಟೆಡ್			weak_or_no_token_overlap_jaccard_lt_0_2;heavy_character_difference_ratio_lt_60;different_script_possible_transliteration;useful_address_token_overlap_jaccard_ge_0_5;shared_house_or_numeric_tokens
still_missed_at_k50	S1-729968321	S2-724706720	S2	Valley Harbor Recruiting LLC	Valley Harb0r Recruiting	1521 Forest Ridge Drive, Stanley, NC	FOREST RIDGE DR, NC, STANLEY	us	us	valley harbor recruiting llc	valley harb0r recruiting	valley harbor recruiting	valley harb0r recruiting			strong_token_overlap_jaccard_ge_0_5;useful_address_token_overlap_jaccard_ge_0_5
still_missed_at_k50	S1-805251322	S2-519651722	S2	Marketing Veda Engineers Private Limited	Marketing Vad Engineers Private Limited	8-A Pkt Iv, Mayur Vihar Ph I, East Delhi, Delhi	DOOR NO #8-A PKT IV, MAYUR VIHAR PH I, EAST DELHI, Delhi	india	india	marketing veda engineers private limited	marketing vad engineers private limited	marketing veda engineers	marketing vad engineers			strong_token_overlap_jaccard_ge_0_5;useful_address_token_overlap_jaccard_ge_0_5;shared_house_or_numeric_tokens
still_missed_at_k50	S1-487438936	S3-779936444	S3	Sree Builders Pvt Ltd	श्री बिल्डर्स प्रा. लि.	H/O K.N.P Shrivastava, Basant - Vihar Haribatika Chowk, Bettiah, West Champaran, Bihar	H/o K.n.p Shrivastava, Basant - Vihar Haribatika Chowk, Bettiah, West Champaran, BR	india	india	sree builders pvt ltd	श्री बिल्डर्स प्रा लि	sree builders	श्री बिल्डर्स प्रा लि			weak_or_no_token_overlap_jaccard_lt_0_2;heavy_character_difference_ratio_lt_60;different_script_possible_transliteration;useful_address_token_overlap_jaccard_ge_0_5
still_missed_at_k50	S1-478293503	S3-665537491	S3	Prime Preferred Systems LLC	Prime Preferred	3 Ohioville Road, New Paltz, NY	Ohioville Road, New Paltz, New York	us	us	prime preferred systems llc	prime preferred	prime preferred systems	prime preferred			strong_token_overlap_jaccard_ge_0_5;useful_address_token_overlap_jaccard_ge_0_5
still_missed_at_k50	S1-802172516	S3-242641545	S3	Surya Impex Private Limited	Smt Surya-Impex Private Limited	Plot No 17 And 21, Market Yard Shrigonda, Shrigonda, Ahmed Nagar, Maharashtra		india	india	surya impex private limited	smt surya impex private limited	surya impex	smt surya impex			strong_token_overlap_jaccard_ge_0_5;blank_target_address
still_missed_at_k50	S1-362939450	S3-434202891	S3	Chetana Animation Pvt Ltd	canimation.com	Plot No.97, Saheed Nagar, Po/Ps- Saheed Nagar, Near Water Tank, Bhubaneswar, Khordha, Orissa	No 97, Saheed Nagar, Po/ps- Saheed Nagar, Near Water Tank, Bhubaneswar, Khordha, OD	india	india	chetana animation pvt ltd	canimation com	chetana animation	canimation com			weak_or_no_token_overlap_jaccard_lt_0_2;heavy_character_difference_ratio_lt_60;useful_address_token_overlap_jaccard_ge_0_5;shared_house_or_numeric_tokens
still_missed_at_k50	S1-474059639	S2-398853734	S2	Halcyon LLC	Halcyon  LLC Services	401 Central Park Boulevard, Chicago, IL	CENTRAL PARK BLVD, CHICAGO, IL	us	us	halcyon llc	halcyon llc services	halcyon	halcyon llc services			short_or_generic_name_le_one_core_token;useful_address_token_overlap_jaccard_ge_0_5
still_missed_at_k50	S1-78934621	S3-496570300	S3	Software Nirmal Technologies Private Limited	Software Nirmal Private Limited Service	Shop No.1, Vishwanath Dham, Niwaru Road, Jhotwara, Jaipur, Rajasthan	Door No 1., Jhotwara, Jaipur, RJ	india	india	software nirmal technologies private limited	software nirmal private limited service	software nirmal technologies	software nirmal private limited service			shared_house_or_numeric_tokens
still_missed_at_k50	S1-919520951	S3-268070647	S3	Unique & Co	CO & UNIQUE	Kanpur, Uttar Pradesh, 15 5Th Floor Kalpana Plazabirhana Road Kanpur, Uttar Pradesh	No 15 5Th Floor Kalpana Plazabirhana Road Kanupr, Kanpur, Uttar Pradesh, UP	india	india	unique and co	co and unique	unique and	co and unique			strong_token_overlap_jaccard_ge_0_5;heavy_character_difference_ratio_lt_60;useful_address_token_overlap_jaccard_ge_0_5;shared_house_or_numeric_tokens
still_missed_at_k50	S1-298013935	S2-437143897	S2	Surya Technologies Limited	സൂര്യ Technologies ലിമിറ്റഡ്	8 C Sfs Skyline Symphony Nr All India Radio Vazhuthacaud P O, Thiruvananthapuram, Trivandrum, Kerala	DOOR NO 8  C SFS SKYLINE SYMPHONY NR ALL INDIA RADIO VAZHUTHACAUD P O, THIRUVANANTHAPURAM, TRIVANDRUM, കേരളം	india	india	surya technologies limited	സൂര്യ technologies ലിമിറ്റഡ്	surya technologies	സൂര്യ technologies ലിമിറ്റഡ്			heavy_character_difference_ratio_lt_60;different_script_possible_transliteration;useful_address_token_overlap_jaccard_ge_0_5;shared_house_or_numeric_tokens
still_missed_at_k50	S1-28226419	S3-490746112	S3	Geo Clinic	Geo  Ciliic	Maji Villa Bunglow Dattaniparkwestern Express Highway, Andheri East, Mumbai, Maharashtra	No. 195 Maji Villa Bunglow Dattaniparkwestern Express Highway, Mumbai, Andheri East, MH	india	india	geo clinic	geo ciliic	geo clinic	geo ciliic			useful_address_token_overlap_jaccard_ge_0_5
still_missed_at_k50	S1-263009705	S3-753595155	S3	Innovative Consultants Pvt Ltd	इनोवेटिव कंसल्टेंट्स प्रा. लि.	Flat No. 202, A8 S/F Priya Darshani Vihar, Delhi, New Delhi, Delhi	Flat No. 202, New Delhi, Delhi, दिल्ली	india	india	innovative consultants pvt ltd	इनोवेटिव कंसल्टेंट्स प्रा लि	innovative consultants	इनोवेटिव कंसल्टेंट्स प्रा लि			weak_or_no_token_overlap_jaccard_lt_0_2;heavy_character_difference_ratio_lt_60;different_script_possible_transliteration;shared_house_or_numeric_tokens
still_missed_at_k50	S1-213904823	S2-817691118	S2	Badal Two Public Limited	BADALTWOPUBLIC.COM	No.15 Thirukkulam Street, Mamallapuram, Kancheepuram, Tamil Nadu	H.NO 15 THIRUKKULAM STREET, MAMALLAPURAM, KANCHEEPURAM, Tamil Nadu	india	india	badal two public limited	badaltwopublic com	badal two public	badaltwopublic com			weak_or_no_token_overlap_jaccard_lt_0_2;useful_address_token_overlap_jaccard_ge_0_5;shared_house_or_numeric_tokens
still_missed_at_k50	S1-277770794	S3-842280521	S3	Super Infra Private Limited	സൂപ്പർ ഇൻഫ്ര പ്രൈവറ്റ് ലിമിറ്റഡ്	Door No:14/27, Sy No.375/2, Njonginiyil, Kottayam, Kerala, Kottayam	Door No:14/2, Kottayam, KL	india	india	super infra private limited	സൂപ്പർ ഇൻഫ്ര പ്രൈവറ്റ് ലിമിറ്റഡ്	super infra	സൂപ്പർ ഇൻഫ്ര പ്രൈവറ്റ് ലിമിറ്റഡ്			weak_or_no_token_overlap_jaccard_lt_0_2;heavy_character_difference_ratio_lt_60;different_script_possible_transliteration;shared_house_or_numeric_tokens
still_missed_at_k50	S1-308607839	S3-879787256	S3	North Technology Private Limited	नॉर्थ टेक्नोलॉजी प्राइवेट लिमिटेड	695/3, Baghambari Gaddi, Allahpur, Allahabad, Uttar Pradesh	695/3, Allahabad, UP	india	india	north technology private limited	नॉर्थ टेक्नोलॉजी प्राइवेट लिमिटेड	north technology	नॉर्थ टेक्नोलॉजी प्राइवेट लिमिटेड			weak_or_no_token_overlap_jaccard_lt_0_2;heavy_character_difference_ratio_lt_60;different_script_possible_transliteration;shared_house_or_numeric_tokens
still_missed_at_k50	S1-649639448	S2-25791294	S2	Aditya Public School	Shri ADITYA PUBLIC SCHOOL COMPANY	330, Alok Nagar, Opposite Nexus Showroom Kanadiya Road, Indore, Indire, Indore, Madhya Pradesh	3-30, ALOK NAGAR, OPPOSITE NEXUS SHOWROOM KANADIYA ROAD, INDORE, INDIRE, Madhya Pradesh	india	india	aditya public school	shri aditya public school company	aditya public school	shri aditya public school			strong_token_overlap_jaccard_ge_0_5;useful_address_token_overlap_jaccard_ge_0_5;conflicting_numeric_tokens
still_missed_at_k50	S1-262768739	S3-772351966	S3	Golden Pub	goldenpub.com	314 Kim Road, Madison Village, OH	Kim Rd, Madison, Ohio	us	us	golden pub	goldenpub com	golden pub	goldenpub com			weak_or_no_token_overlap_jaccard_lt_0_2
still_missed_at_k50	S1-410440794	S2-739089556	S2	Cardiology Custom Medicine Inc	Cardiology Custom Medicine Ínc	80 Brennan Beach, Unit Site 614, Richland, NY		us	us	cardiology custom medicine inc	cardiology custom medicine ínc	cardiology custom medicine	cardiology custom medicine ínc			strong_token_overlap_jaccard_ge_0_5;blank_target_address
still_missed_at_k50	S1-956773347	S2-481976612	S2	United Express Company	Dr UNITED EXPRESS	F. No-1C, Pocket-B-7 Kondli Gharoli, Mayur Vihar-Iii, Delhi, East Delhi, Delhi	F. NO-D/1C, POCKET-B-7 KONDLI GHAROLI, MAYUR VIHAR-III, DELHI, Delhi	india	india	united express company	dr united express	united express	dr united express			strong_token_overlap_jaccard_ge_0_5;useful_address_token_overlap_jaccard_ge_0_5;shared_house_or_numeric_tokens
still_missed_at_k50	S1-445441255	S2-634390717	S2	Tirupati Consultants LLP	तिरुपति कंसल्टेंट्स एलएलपी	Prop No. A-7, Second Floor, Acharya Niketan, Mayur Vihar, Phase-1, Delhi, Delhi, East Delhi, Delhi	Delhi, PROP NO. A-7, EAST DELHI, DELHI	india	india	tirupati consultants llp	तिरुपति कंसल्टेंट्स एलएलपी	tirupati consultants	तिरुपति कंसल्टेंट्स एलएलपी			weak_or_no_token_overlap_jaccard_lt_0_2;heavy_character_difference_ratio_lt_60;different_script_possible_transliteration;shared_house_or_numeric_tokens
still_missed_at_k50	S1-311670261	S3-157510536	S3	Potential Marketingprivate Pvt. Ltd.	Cirasyn	36, Reve Pabbathi, South End Road, Basavanagudi, Bangalore, Karnataka	Plot A-632 36, Bangalore, Bengaluru, KA	india	india	potential marketingprivate pvt ltd	cirasyn	potential marketingprivate	cirasyn			weak_or_no_token_overlap_jaccard_lt_0_2;heavy_character_difference_ratio_lt_60;short_or_generic_name_le_one_core_token;shared_house_or_numeric_tokens
still_missed_at_k50	S1-301352949	S3-663781925	S3	Golden Services Pvt Ltd	M/s Golden Services  Pvt Ltd	#4-2/1, Poulami Estates, Tirumalagiri, Hyderabad, Telangana	#4-2/1, Poulami Estates, Ranga Reddy, Hyderabad, తెలంగాణ	india	india	golden services pvt ltd	m s golden services pvt ltd	golden services	m s golden services			strong_token_overlap_jaccard_ge_0_5;useful_address_token_overlap_jaccard_ge_0_5;shared_house_or_numeric_tokens
still_missed_at_k50	S1-327500080	S2-555765810	S2	White Solutions Private Limited	ହ୍ୱାଇଟ୍ ସଲ୍ୟୁସନ୍ସ୍ ପ୍ରାଇଭେଟ୍ ଲିମିଟେଡ୍	Khordha, A/122, Saheed Nagar, Orissa, Bhubaneswar	A/A-122, SAHEED NAGAR, KHORDHA, ଓଡ଼ିଶା	india	india	white solutions private limited	ହ୍ୱାଇଟ୍ ସଲ୍ୟୁସନ୍ସ୍ ପ୍ରାଇଭେଟ୍ ଲିମିଟେଡ୍	white solutions	ହ୍ୱାଇଟ୍ ସଲ୍ୟୁସନ୍ସ୍ ପ୍ରାଇଭେଟ୍ ଲିମିଟେଡ୍			weak_or_no_token_overlap_jaccard_lt_0_2;heavy_character_difference_ratio_lt_60;different_script_possible_transliteration;useful_address_token_overlap_jaccard_ge_0_5;shared_house_or_numeric_tokens
still_missed_at_k50	S1-258858859	S2-498308256	S2	Straight Edge Book Store!	Straight Edge  Book Store! Services	565 Deer Valley Circle, Findlay, OH	65 DEER VALLEY CIR, FINDLAY, OH	us	us	straight edge book store	straight edge book store services	straight edge book store	straight edge book store services			strong_token_overlap_jaccard_ge_0_5;useful_address_token_overlap_jaccard_ge_0_5;conflicting_numeric_tokens
still_missed_at_k50	S1-910152832	S2-471291514	S2	Clark and Swanson Inc	Clark and Swaneon Inc	486 Dennis Drive, Vacaville, CA		us	us	clark and swanson inc	clark and swaneon inc	clark and swanson	clark and swaneon			strong_token_overlap_jaccard_ge_0_5;blank_target_address
still_missed_at_k50	S1-202375527	S2-309896881	S2	Dream Infotech Private Limited	ड्रीम इंफोटेक प्राइवेट लिमिटेड	B-61, Ground Floor, Gulmohar Park, New Delhi, South Delhi, Delhi	B-61, दिल्ली, SOUTH DELHI	india	india	dream infotech private limited	ड्रीम इंफोटेक प्राइवेट लिमिटेड	dream infotech	ड्रीम इंफोटेक प्राइवेट लिमिटेड			weak_or_no_token_overlap_jaccard_lt_0_2;heavy_character_difference_ratio_lt_60;different_script_possible_transliteration;shared_house_or_numeric_tokens
still_missed_at_k50	S1-989231416	S2-151631366	S2	Fiona Wright Coastal Music	Wróindgt, Fi0na Coastal Music	4816 Crazy Horse Lane, Bldg 48, Columbus, OH	004816 CRAZY HORSE LANE, COLUMBUS, OH	us	us	fiona wright coastal music	wróindgt fi0na coastal music	fiona wright coastal music	wróindgt fi0na coastal music			useful_address_token_overlap_jaccard_ge_0_5;conflicting_numeric_tokens
still_missed_at_k50	S1-893826220	S2-747389785	S2	Macdonald Home Inc	Macdonald Hóme Inc	5400 Beecher Road, Harrison Twp, OH	BEECHER RD, GRANVILLE, OH	us	us	macdonald home inc	macdonald hóme inc	macdonald home	macdonald hóme			
still_missed_at_k50	S1-902870520	S3-86983187	S3	Office of Environmental Protection	Office of Environmental Services	87 Broad Street, Stonington, CT	Broad St, Stonington, Connecticut	us	us	office of environmental protection	office of environmental services	office of environmental protection	office of environmental services			strong_token_overlap_jaccard_ge_0_5
still_missed_at_k50	S1-31738649	S2-808721607	S2	United Academy	United Ácademy	OH, Springfield, 204 Ardmore Road	20 ARDMORE RD, SPRINGFIELD, OH	us	us	united academy	united ácademy	united academy	united ácademy			conflicting_numeric_tokens
still_missed_at_k50	S1-740807830	S2-415313514	S2	Noble & Brothers Associates	N0ble & Brothers Associates	Desk No. -18, 3Rd Floor, Plot No. 94 Pkt-10, Sec 13, Dwarka, Delhi, South West Delhi, Delhi	DELHI, DESK NO. -##18, Delhi, SOUTH WEST DELHI	india	india	noble and brothers associates	n0ble and brothers associates	noble and brothers associates	n0ble and brothers associates			strong_token_overlap_jaccard_ge_0_5;shared_house_or_numeric_tokens
still_missed_at_k50	S1-285722190	S2-496974902	S2	Healthcare Baba Interiors Private Limited	Healthcare Bbdoa Interiors Private [Limited]	Kencerz Tower, V Floor1, Ramakrishna Street North Usman Road, T Nagar, Chennai, Tamil Nadu	KENCERZ TOWER, V FLOOR1, RAMAKRISHNA STREET NORTH USMAN ROAD, T NAGAR, Tamil Nadu	india	india	healthcare baba interiors private limited	healthcare bbdoa interiors private limited	healthcare baba interiors	healthcare bbdoa interiors			strong_token_overlap_jaccard_ge_0_5;useful_address_token_overlap_jaccard_ge_0_5;shared_house_or_numeric_tokens
still_missed_at_k50	S1-255802466	S2-644961393	S2	Meridian	Méridian	2655 Ruiz Street, Brownsville, TX	RUIZ ST, BROWNSVILLE, TX	us	us	meridian	méridian	meridian	méridian			weak_or_no_token_overlap_jaccard_lt_0_2;short_or_generic_name_le_one_core_token;useful_address_token_overlap_jaccard_ge_0_5
still_missed_at_k50	S1-782597466	S3-812779381	S3	Peak Chemical Technologies, Inc	Peak Chemmiacl Technologies, Inc	4731 Fontana Beach Road, Town Of Polk, WI	4743 Fontana Beach Road, W .Bend, Wisconsin	us	us	peak chemical technologies inc	peak chemmiacl technologies inc	peak chemical technologies	peak chemmiacl technologies			strong_token_overlap_jaccard_ge_0_5;conflicting_numeric_tokens
still_missed_at_k50	S1-64618937	S3-510910864	S3	Auroma Minerals (India) Clinic	auromamineralsindia.com	Maharashtra, Unit No. 203-206, 2Nd Floor Wing A, Inspire Bkc, Bandra, Mumbai	Unit No. 203-206., Mumbai, महाराष्ट्र	india	india	auroma minerals india clinic	auromamineralsindia com	auroma minerals india clinic	auromamineralsindia com			weak_or_no_token_overlap_jaccard_lt_0_2;shared_house_or_numeric_tokens
still_missed_at_k50	S1-702502750	S3-900490650	S3	Ujjaora Trading Ltd	ujjaoratrading.com	2 Empress Cooperative Society Limited Yari Road Versova Andheri, Mumbai, Maharashtra	8-2 Empress Cooperative Society Limited Yari Road Versova Andheri, Mumbai, MH, Bombay	india	india	ujjaora trading ltd	ujjaoratrading com	ujjaora trading	ujjaoratrading com			weak_or_no_token_overlap_jaccard_lt_0_2;useful_address_token_overlap_jaccard_ge_0_5;shared_house_or_numeric_tokens
still_missed_at_k50	S1-496034054	S3-135240063	S3	One Trading Private Limited	0ne Trading Private  Limited	C/O Shri Giridhar Parshuramji Borkar At-Post-Jankapur Th Nagbhid Dist Chandra, Jankapur, Chandrapur, Maharashtra	C/o Shri Giridhar Parshuramji Borkar At-post-jankapur Th Nagbhid Dist Chandra, Jankapur, Chandrapur, MH	india	india	one trading private limited	0ne trading private limited	one trading	0ne trading			useful_address_token_overlap_jaccard_ge_0_5
still_missed_at_k50	S1-351280135	S3-405384322	S3	Modern Care Pvt Ltd	মডার্ন কেয়ার প্রাইভেট লিমিটেড	251 Sri Nagendra Nath Road, Kolkata, Calcutta, West Bengal	#251- Sri Nagendra Nath Road, <NULL>, Calcutta, Kolkata, পশ্চিমবঙ্গ	india	india	modern care pvt ltd	মডার্ন কেয়ার প্রাইভেট লিমিটেড	modern care	মডার্ন কেয়ার প্রাইভেট লিমিটেড			weak_or_no_token_overlap_jaccard_lt_0_2;heavy_character_difference_ratio_lt_60;different_script_possible_transliteration;useful_address_token_overlap_jaccard_ge_0_5;shared_house_or_numeric_tokens
still_missed_at_k50	S1-47783597	S3-780021183	S3	Innovative Food Private Limited	इनोवेटिव फूड प्राइवेट लिमिटेड	Shop No 11, Ground Floor, Nikita Villa Building Nikita Villa, Asade Golavali, Dombivli (, E), Thane, Maharashtra	11, Thane, MH	india	india	innovative food private limited	इनोवेटिव फूड प्राइवेट लिमिटेड	innovative food	इनोवेटिव फूड प्राइवेट लिमिटेड			weak_or_no_token_overlap_jaccard_lt_0_2;heavy_character_difference_ratio_lt_60;different_script_possible_transliteration;shared_house_or_numeric_tokens
still_missed_at_k50	S1-973595848	S2-209957402	S2	United Foods Private Limited	ಯುನೈಟೆಡ್ ಫುಡ್ಸ್ ಪ್ರೈವೇಟ್ ಲಿಮಿಟೆಡ್	A-101, Karnataka, Bangalore, Bengaluru, Sv Legacy, Channasandra Main Road, Whitefield	A-10, BANGALORE, Karnataka	india	india	united foods private limited	ಯುನೈಟೆಡ್ ಫುಡ್ಸ್ ಪ್ರೈವೇಟ್ ಲಿಮಿಟೆಡ್	united foods	ಯುನೈಟೆಡ್ ಫುಡ್ಸ್ ಪ್ರೈವೇಟ್ ಲಿಮಿಟೆಡ್			weak_or_no_token_overlap_jaccard_lt_0_2;heavy_character_difference_ratio_lt_60;different_script_possible_transliteration;conflicting_numeric_tokens
still_missed_at_k50	S1-733427449	S2-270744027	S2	Patriot Launchpad	Patriot Láúnchpad	3103 Woodburn Avenue, Cincinnati, OH	WOODBURN AVE, CINCINNATI, OH	us	us	patriot launchpad	patriot láúnchpad	patriot launchpad	patriot láúnchpad			useful_address_token_overlap_jaccard_ge_0_5
still_missed_at_k50	S1-778180316	S2-981025773	S2	Micro Sales (India) LLP	microsalesindia.com	00, Rajastreet, Mypadu, Nellore, Andhra Pradesh	00., RAJASTREET, MYPADU, Andhra Pradesh	india	india	micro sales india llp	microsalesindia com	micro sales india	microsalesindia com			weak_or_no_token_overlap_jaccard_lt_0_2;useful_address_token_overlap_jaccard_ge_0_5;shared_house_or_numeric_tokens
still_missed_at_k50	S1-897346037	S3-422032574	S3	Moral (India) Consultancy Private Limited	moralindiaconsultancy.com	C/O. Arokia Dass, 2 Floor 2168 7 Cross Bhavani Street, R.M Nagar, Bengaluru, Bangalore, Karnataka	C/o. Arokia Dass, Bangalore, Bengaluru, KA	india	india	moral india consultancy private limited	moralindiaconsultancy com	moral india consultancy	moralindiaconsultancy com			weak_or_no_token_overlap_jaccard_lt_0_2
still_missed_at_k50	S1-792351175	S3-613603290	S3	Varshita Engineering Pvt Ltd	VE	5-108, Kairalike, Kotekar, Beeri Road Deralakatte, Mangalore, Dakshina Kannada, Karnataka	Kairalike, Kotekar, Beeri Road Deralakatte, Mangalore, Dakshina Kannada, Karnataka, 5-108	india	india	varshita engineering pvt ltd	ve	varshita engineering	ve			weak_or_no_token_overlap_jaccard_lt_0_2;heavy_character_difference_ratio_lt_60;short_or_generic_name_le_one_core_token;useful_address_token_overlap_jaccard_ge_0_5;shared_house_or_numeric_tokens
still_missed_at_k50	S1-899403600	S3-313349985	S3	Sai Trading Private Limited	Mr 5ai Trading Private-Limited	22/625-B, Suit 007, Ideal Center, Kozhikode, Kerala	Keralam, Kozhikode, 22/625-B	india	india	sai trading private limited	mr 5ai trading private limited	sai trading	mr 5ai trading			shared_house_or_numeric_tokens
still_missed_at_k50	S1-708744114	S3-223736875	S3	QYC Diamonds Private Limited	QD	G2 Sarthi Apartment, Custom Colony Road, Pardi, Valsad, Gujarat	G2 Sarthi Apartment, Custom Colony Road, Pardi, Valsad, Gujarat	india	india	qyc diamonds private limited	qd	qyc diamonds	qd			weak_or_no_token_overlap_jaccard_lt_0_2;heavy_character_difference_ratio_lt_60;short_or_generic_name_le_one_core_token;useful_address_token_overlap_jaccard_ge_0_5;shared_house_or_numeric_tokens
still_missed_at_k50	S1-136288273	S3-590840039	S3	Dental Pacific Group	Dental Pacifc Group	3115 G Street, Rogers, AR	03115 G Street, Rogers, Arkansas	us	us	dental pacific group	dental pacifc group	dental pacific group	dental pacifc group			strong_token_overlap_jaccard_ge_0_5;conflicting_numeric_tokens
still_missed_at_k50	S1-840237298	S3-564905862	S3	Swastik International Private Limited	स्वस्तिक इंटरनेशनल प्राइवेट लिमिटेड	219 C A Apartments, Paschim Vihar, New Delhi, Delhi	219 C A Apartments, Paschim Vihar, New Delhi, DL	india	india	swastik international private limited	स्वस्तिक इंटरनेशनल प्राइवेट लिमिटेड	swastik international	स्वस्तिक इंटरनेशनल प्राइवेट लिमिटेड			weak_or_no_token_overlap_jaccard_lt_0_2;heavy_character_difference_ratio_lt_60;different_script_possible_transliteration;useful_address_token_overlap_jaccard_ge_0_5;shared_house_or_numeric_tokens
still_missed_at_k50	S1-685115174	S2-876565002	S2	Cunningham Octave PC	Cunningham PC Partners	Carrollton, OH, 4002 Mayham Road	MAYHAM ROAD, CARROLLTON, OH	us	us	cunningham octave pc	cunningham pc partners	cunningham octave	cunningham pc partners			useful_address_token_overlap_jaccard_ge_0_5
still_missed_at_k50	S1-394050021	S3-569390396	S3	United Consulting Private Limited	ಯುನೈಟೆಡ್ ಕನ್ಸಲ್ಟಿಂಗ್ ಪ್ರೈವೇಟ್ ಲಿಮಿಟೆಡ್	77/1, Outer Ring Road, Opp:- Bangalore Central Mall G.V.R Plaza, 2Nd Floor, Bellandur, Bangalore, Karnataka	77/1, Bangalore, KA	india	india	united consulting private limited	ಯುನೈಟೆಡ್ ಕನ್ಸಲ್ಟಿಂಗ್ ಪ್ರೈವೇಟ್ ಲಿಮಿಟೆಡ್	united consulting	ಯುನೈಟೆಡ್ ಕನ್ಸಲ್ಟಿಂಗ್ ಪ್ರೈವೇಟ್ ಲಿಮಿಟೆಡ್			weak_or_no_token_overlap_jaccard_lt_0_2;heavy_character_difference_ratio_lt_60;different_script_possible_transliteration;shared_house_or_numeric_tokens
still_missed_at_k50	S1-525911110	S3-593216185	S3	Crowley Midwest Municipals Inc	cmmunicipals.com	1001 Lynn Lane, Unit 24, Idabel, OK	1001 1/2 Lynn Lane, Idabel, Oklahoma	us	us	crowley midwest municipals inc	cmmunicipals com	crowley midwest municipals	cmmunicipals com			weak_or_no_token_overlap_jaccard_lt_0_2;shared_house_or_numeric_tokens
still_missed_at_k50	S1-437321117	S3-714345949	S3	Digital Exports Private Limited	डिजिटल एक्सपोर्ट्स प्राइवेट लिमिटेड	G 132, S No 11/1/1 Part, Pimple Nilakh, Pune City, Pune, Maharashtra	Hn 258 G 132, S No 11/1/1 Part, Pimple Nilakh, Pune Region, Pune, महाराष्ट्र	india	india	digital exports private limited	डिजिटल एक्सपोर्ट्स प्राइवेट लिमिटेड	digital exports	डिजिटल एक्सपोर्ट्स प्राइवेट लिमिटेड			weak_or_no_token_overlap_jaccard_lt_0_2;heavy_character_difference_ratio_lt_60;different_script_possible_transliteration;useful_address_token_overlap_jaccard_ge_0_5;shared_house_or_numeric_tokens
still_missed_at_k50	S1-900807922	S2-472155124	S2	Advanced Electronics Holdings	Advanced Advanced Holdings Electronics	1604 Osgood Drive, Logan Township, PA	PA, ALTOONA, OSGOOD DRIVE	us	us	advanced electronics holdings	advanced advanced holdings electronics	advanced electronics holdings	advanced advanced holdings electronics			strong_token_overlap_jaccard_ge_0_5;heavy_character_difference_ratio_lt_60
still_missed_at_k50	S1-218668871	S2-184438059	S2	Gujarat Power Private Limited	Gujarat Pówer Private Limited	6, Dayanand Society, Gopal Nagar, Lane No.1, Dombivli, Maharashtra	6, DAYANAND SOCIETY, GOPAL NAGAR, LANE NO.1, Maharashtra	india	india	gujarat power private limited	gujarat pówer private limited	gujarat power	gujarat pówer			useful_address_token_overlap_jaccard_ge_0_5;shared_house_or_numeric_tokens
still_missed_at_k50	S1-376473937	S2-714360790	S2	Sai Technologies Pvt Ltd	ସାଇ ଟେକ୍ନୋଲୋଜିସ୍ ପ୍ରାଇଭେଟ୍ ଲିମିଟେଡ୍	Flat No-3/1, Block-A, Ridhi Sidhi Old Ice Factory Lane, Budheswari, Bhubaneswar, Khordha, Orissa	NULL, Odisha, KHORDHA, FLAT NO-3/1	india	india	sai technologies pvt ltd	ସାଇ ଟେକ୍ନୋଲୋଜିସ୍ ପ୍ରାଇଭେଟ୍ ଲିମିଟେଡ୍	sai technologies	ସାଇ ଟେକ୍ନୋଲୋଜିସ୍ ପ୍ରାଇଭେଟ୍ ଲିମିଟେଡ୍			weak_or_no_token_overlap_jaccard_lt_0_2;heavy_character_difference_ratio_lt_60;different_script_possible_transliteration;shared_house_or_numeric_tokens
still_missed_at_k50	S1-351645557	S3-903620371	S3	XL Platform Private Limited	Viopyraflux	Gut No 40, Plot No 10, At Karodi, Karodi, Aurangabad, Maharashtra	Gut No 40, Aurangabad, MH	india	india	xl platform private limited	viopyraflux	xl platform	viopyraflux			weak_or_no_token_overlap_jaccard_lt_0_2;heavy_character_difference_ratio_lt_60;short_or_generic_name_le_one_core_token;shared_house_or_numeric_tokens
still_missed_at_k50	S1-382687352	S3-689139149	S3	PYG Chits Private Limited	Rizavio	Ground Floor, Plot No. 2005-P, Sector 57, Sector -45, Gurgaon, Haryana	Ground Floor, Sector -45, Gurgaon, HR	india	india	pyg chits private limited	rizavio	pyg chits	rizavio			weak_or_no_token_overlap_jaccard_lt_0_2;heavy_character_difference_ratio_lt_60;short_or_generic_name_le_one_core_token;shared_house_or_numeric_tokens
still_missed_at_k50	S1-337619520	S3-727660967	S3	Royal Consultants LLP	ராயல் கன்சல்டன்ட்ஸ் எல்எல்பி	Chennai, No.20, South Street, Venkatesapuram Colony Ayanavaram, Tamil Nadu, Chennai	No.20, South Street, Venkatesapuram Colony Ayanavaram, Chennai, TN	india	india	royal consultants llp	ராயல் கன்சல்டன்ட்ஸ் எல்எல்பி	royal consultants	ராயல் கன்சல்டன்ட்ஸ் எல்எல்பி			weak_or_no_token_overlap_jaccard_lt_0_2;heavy_character_difference_ratio_lt_60;different_script_possible_transliteration;useful_address_token_overlap_jaccard_ge_0_5;shared_house_or_numeric_tokens
still_missed_at_k50	S1-219448767	S2-71758898	S2	Lakshmi Vision Enterprises Pvt Ltd	லக்ஷ்மி விஷன் எண்டர்பிரைசஸ் பிரைவேட் லிமிடெட்	Plot No.88, Nowbha Nagar, Adavathur, Pallakadu Post, Somarasampattai Via, Tiruchirappalli, Tamil Nadu	Tamil Nadu, PLOT NO.88, TIRUCHIRAPPALLI, SOMARASAMPATTAI VIA, NOWBHA NAGAR, ADAVATHUR, PALLAKADU POST	india	india	lakshmi vision enterprises pvt ltd	லக்ஷ்மி விஷன் எண்டர்பிரைசஸ் பிரைவேட் லிமிடெட்	lakshmi vision enterprises	லக்ஷ்மி விஷன் எண்டர்பிரைசஸ் பிரைவேட் லிமிடெட்			weak_or_no_token_overlap_jaccard_lt_0_2;heavy_character_difference_ratio_lt_60;different_script_possible_transliteration;useful_address_token_overlap_jaccard_ge_0_5;shared_house_or_numeric_tokens
still_missed_at_k50	S1-680557416	S3-45814943	S3	Anand Tech Private Limited	आनंद टेक प्राइवेट लिमिटेड	5 Sultanpurestate Mehrauli, New Delhi, South Delhi, Delhi	A-5 Sultanpurestate Mehrauli, Divreportingcircle, South Delhi, DL	india	india	anand tech private limited	आनंद टेक प्राइवेट लिमिटेड	anand tech	आनंद टेक प्राइवेट लिमिटेड			weak_or_no_token_overlap_jaccard_lt_0_2;heavy_character_difference_ratio_lt_60;different_script_possible_transliteration;useful_address_token_overlap_jaccard_ge_0_5;shared_house_or_numeric_tokens
still_missed_at_k50	S1-609903747	S2-824503930	S2	Eye Secure Group Inc.	EYE GROUP INC. CENTER #89804	1818 Evergreen Park Drive, Unit 26, Olympia, WA	181 EVERGREEN PARK DRIVE, OLYMPIA, WA	us	us	eye secure group inc	eye group inc center 89804	eye secure group	eye group inc center 89804			heavy_character_difference_ratio_lt_60;useful_address_token_overlap_jaccard_ge_0_5;conflicting_numeric_tokens
still_missed_at_k50	S1-162613307	S2-615001593	S2	Shyam Infrastructure Private Limited	শ্যাম ইনফ্রাস্ট্রাকচার প্রাইভেট লিমিটেড	Rup Chand Roy Street 3Rd Floor, Kolkata, 23, Howrah, Kolkata, West Bengal	23, RUP CHAND ROY STREET 3RD FLOOR, KOLKATA, KOLKATA, HOWRAH, West Bengal	india	india	shyam infrastructure private limited	শ্যাম ইনফ্রাস্ট্রাকচার প্রাইভেট লিমিটেড	shyam infrastructure	শ্যাম ইনফ্রাস্ট্রাকচার প্রাইভেট লিমিটেড			weak_or_no_token_overlap_jaccard_lt_0_2;heavy_character_difference_ratio_lt_60;different_script_possible_transliteration;useful_address_token_overlap_jaccard_ge_0_5;shared_house_or_numeric_tokens
still_missed_at_k50	S1-947566294	S3-438377159	S3	Standard International School	Stándardinternationalschool.Com	10/275, P And T Layout, Srigandhada Kavalu, Bangalore North, Bangalore, Karnataka	4-10/275, P And T Layout, Srigandhada Kavalu, Bangalore, Bangalore North, KA	india	india	standard international school	stándardinternationalschool com	standard international school	stándardinternationalschool com			weak_or_no_token_overlap_jaccard_lt_0_2;useful_address_token_overlap_jaccard_ge_0_5;shared_house_or_numeric_tokens
still_missed_at_k50	S1-620753722	S2-136201271	S2	Spm (india) Private Limited	indiaprivate.com	64/67 Khudiram Bose Sarni, Kolkata, Calcutta, West Bengal	#64/67 KHUDIRAM BOSE SARNI, KOLKATA REGION, CALCUTTA, পশ্চিমবঙ্গ	india	india	spm india private limited	indiaprivate com	spm india	indiaprivate com			weak_or_no_token_overlap_jaccard_lt_0_2;useful_address_token_overlap_jaccard_ge_0_5;shared_house_or_numeric_tokens
still_missed_at_k50	S1-844824166	S3-771205551	S3	Hitech Construction Private Limited	Dr Hitech Construction Limited Private	Dharapara Near Satimata Cold Store Guskara, Ausgram, Kolkata, Bardhaman, West Bengal	Dharapara Near Satimata Cold Store Guskara, Ausgram, Kolkata, Bardhaman, WB	india	india	hitech construction private limited	dr hitech construction limited private	hitech construction	dr hitech construction			strong_token_overlap_jaccard_ge_0_5;useful_address_token_overlap_jaccard_ge_0_5
still_missed_at_k50	S1-108967161	S3-674640748	S3	Ram India (India) Private Limited	Ram India (Índia) Private (Limited)	701, Seventh Floor, Heaven Seven Galleria, Vishala Residency, Vidhyanagar, Bhavnagar, Gujarat	01, Seventh Floor, Heaven Seven Galleria, Vishala Residency, Vidhyanagar, Bhavnagar, ગુજરાત	india	india	ram india india private limited	ram india índia private limited	ram india india	ram india índia			strong_token_overlap_jaccard_ge_0_5;useful_address_token_overlap_jaccard_ge_0_5;conflicting_numeric_tokens
still_missed_at_k50	S1-682691761	S2-817040656	S2	United Business Private Limited	यूनाइटेड बिजनेस प्राइवेट लिमिटेड	1204 Navjivan Societybuilding No 3 Lamington, Mumbai, Maharashtra	1202 NAVJIVAN SOCIETYBUILDING NO 3 LAMCNGTON, MUMBAI, महाराष्ट्र	india	india	united business private limited	यूनाइटेड बिजनेस प्राइवेट लिमिटेड	united business	यूनाइटेड बिजनेस प्राइवेट लिमिटेड			weak_or_no_token_overlap_jaccard_lt_0_2;heavy_character_difference_ratio_lt_60;different_script_possible_transliteration;shared_house_or_numeric_tokens
still_missed_at_k50	S1-696876579	S2-402384084	S2	WU Oriental	WU Óriental	26 800, Mapleton, UT	800, MAPLETON, UT	us	us	wu oriental	wu óriental	wu oriental	wu óriental			useful_address_token_overlap_jaccard_ge_0_5;shared_house_or_numeric_tokens
still_missed_at_k50	S1-680867261	S2-77779929	S2	Heartland Rapid Tavia	Heartland [Tavia] Rapid	121 Mighty Street, Gorham, ME	GORHAM, 107 MIGHTY ST, ME	us	us	heartland rapid tavia	heartland tavia rapid	heartland rapid tavia	heartland tavia rapid			strong_token_overlap_jaccard_ge_0_5;word_order_only_same_tokens;conflicting_numeric_tokens
still_missed_at_k50	S1-897078997	S3-384364652	S3	Jaipur India Group	Jaipur Group Service	S-7-S-8- Laxmi Nagar, Hariwat Colony, Jaipur, Rajasthan	S-7-s-8- Laxmi Nagar, Divreportingcircle, RJ	india	india	jaipur india group	jaipur group service	jaipur india group	jaipur group service			strong_token_overlap_jaccard_ge_0_5;shared_house_or_numeric_tokens
still_missed_at_k50	S1-600438147	S3-201059819	S3	Technologies Integrity Services LLP	technologiesintegrityservices.com	54/3 Debendra Chandra Dey Road, Kolkata, Calcutta, West Bengal	54/3 Debendra Chandra Dey Road, Calcutta, WB	india	india	technologies integrity services llp	technologiesintegrityservices com	technologies integrity services	technologiesintegrityservices com			weak_or_no_token_overlap_jaccard_lt_0_2;useful_address_token_overlap_jaccard_ge_0_5;shared_house_or_numeric_tokens
