source1_entity_id	true_target_id	target_source	source1_name	target_name	source1_address	target_address	source1_basic_name	target_basic_name	source1_core_name	target_core_name	source1_tokens	target_tokens	source1_country	target_country
S1-100011573	S2-772485930	S2	Seven Energy Private Limited	सेवन एनर्जी प्राइवेट लिमिटेड	Anya Hotel, 42 Golf Course Road, Dlf Phase 5, Sector-43, Dlf Qe, Gurgaon, Haryana	ANYA HOTEL, 42 GOLF COURSE ROAD, DLF PHASE 5, SECTOR-43, DLF QE, GURGAON, हरियाणा	seven energy private limited	सेवन एनर्जी प्राइवेट लिमिटेड	seven energy	सेवन एनर्जी प्राइवेट लिमिटेड	seven energy	सेवन एनर्जी प्राइवेट लिमिटेड	india	india
S1-100011573	S3-751889497	S3	Seven Energy Private Limited	सेवन एनर्जी प्राइवेट लिमिटेड	Anya Hotel, 42 Golf Course Road, Dlf Phase 5, Sector-43, Dlf Qe, Gurgaon, Haryana	Aya Hotel, 42 Golf Course Road, Dlf Phase 5, Sector-43, Dlf Qe, Gurgaon, HR	seven energy private limited	सेवन एनर्जी प्राइवेट लिमिटेड	seven energy	सेवन एनर्जी प्राइवेट लिमिटेड	seven energy	सेवन एनर्जी प्राइवेट लिमिटेड	india	india
S1-100023303	S3-831866999	S3	Swastik Care Private Limited	स्वस्तिक केयर प्राइवेट लिमिटेड	Maharashtra, G.No.-358/13, Shinde Khed, Khed, Pune	Khed, G.no.-358/13, Pune, MH	swastik care private limited	स्वस्तिक केयर प्राइवेट लिमिटेड	swastik care	स्वस्तिक केयर प्राइवेट लिमिटेड	swastik care	स्वस्तिक केयर प्राइवेट लिमिटेड	india	india
S1-100034634	S3-181606392	S3	One Systems LLP	वन सिस्टम्स एलएलपी	House No. 1689, G/F, Sector - 46, Gurugram, Sadar Bazar, Gurgaon, Haryana	House No. 01689, G/f, Sector - 46, Gurugram, Sadar Bazar, Gurgaon, हरियाणा	one systems llp	वन सिस्टम्स एलएलपी	one systems	वन सिस्टम्स एलएलपी	one systems	वन सिस्टम्स एलएलपी	india	india
S1-100074352	S3-198136359	S3	Heart Center	Heart Cénter	1314 Tarberry Road, Houston, TX	Tarberry Road, Texas, Houston	heart center	heart cénter	heart center	heart cénter	heart center	heart cénter	us	us
S1-10010336	S3-278428302	S3	Nagpur Wellness Pvt Ltd	Nagpur Wlelnregs Pvt Ltd	Plot No. 16, Kanchan Sarita, Near Lokmat Building, Lokmat Square, Wardha Road, Nagpur, Maharashtra	Plot No. 16, Nagpur, MH	nagpur wellness pvt ltd	nagpur wlelnregs pvt ltd	nagpur wellness	nagpur wlelnregs	nagpur wellness	nagpur wlelnregs	india	india
S1-100122317	S2-672079026	S2	New Delhi Apps Private Limited	newdelhiapps.com	South West Delhi, Wz 180 Ground Floor, Khasra 70/13/2 Village Palam, Delhi, New Delhi	WZ B3/180 GROUND FLOOR, KHASRA 70/13/2 VILLAGE PALAM, NEW DELHI, Delhi	new delhi apps private limited	newdelhiapps com	new delhi apps	newdelhiapps com	new delhi apps	newdelhiapps com	india	india
S1-100124296	S2-684749555	S2	Raj Finance Private Limited	রাজ ফাইন্যান্স প্রাইভেট লিমিটেড	16 India Exchange Place, Kolkata, Calcutta, West Bengal	16 INDIA EXCHANGE PLACE, CALCUTTA, West Bengal	raj finance private limited	রাজ ফাইন্যান্স প্রাইভেট লিমিটেড	raj finance	রাজ ফাইন্যান্স প্রাইভেট লিমিটেড	raj finance	রাজ ফাইন্যান্স প্রাইভেট লিমিটেড	india	india
S1-100124296	S3-420215217	S3	Raj Finance Private Limited	Raj Private Limited Services	16 India Exchange Place, Kolkata, Calcutta, West Bengal	4-16 India Exchange Place, Kolkata, Calcutta, WB	raj finance private limited	raj private limited services	raj finance	raj private limited services	raj finance	raj private limited services	india	india
S1-100124296	S3-471368389	S3	Raj Finance Private Limited	রাজ ফাইন্যান্স প্রাইভেট লিমিটেড	16 India Exchange Place, Kolkata, Calcutta, West Bengal	#4-16 India Exchange Place, Kolkata, Calcutta, WB	raj finance private limited	রাজ ফাইন্যান্স প্রাইভেট লিমিটেড	raj finance	রাজ ফাইন্যান্স প্রাইভেট লিমিটেড	raj finance	রাজ ফাইন্যান্স প্রাইভেট লিমিটেড	india	india
S1-100153999	S3-194272440	S3	Renault Realties Private Limited	renaultrealties.com	Pudupadathayil House, Villanoor Road, Karikkad P.O., Kunnamkulam (Via), Kottol, Kottol, Thrissur, Kerala	Pudupadathayil House, Villanoor Road, Karikkad P.o., Kunnamkulam (Via), Kottol, Thrissur, KL	renault realties private limited	renaultrealties com	renault realties	renaultrealties com	renault realties	renaultrealties com	india	india
S1-100168972	S2-413422760	S2	Balaji Projects Private Limited	ಬಾಲಾಜಿ ಪ್ರಾಜೆಕ್ಟ್ಸ್ ಪ್ರೈವೇಟ್ ಲಿಮಿಟೆಡ್	#235, 11Th Main, Ags Layout, Arehalli (V), Uttarahalli (H), Bangalore, Karnataka	BANGALORE, #235, BANGALORE, Karnataka, 11TH MAIN, AGS LAYOUT, AREHALLI (V), UTTARAHALLI (H)	balaji projects private limited	ಬಾಲಾಜಿ ಪ್ರಾಜೆಕ್ಟ್ಸ್ ಪ್ರೈವೇಟ್ ಲಿಮಿಟೆಡ್	balaji projects	ಬಾಲಾಜಿ ಪ್ರಾಜೆಕ್ಟ್ಸ್ ಪ್ರೈವೇಟ್ ಲಿಮಿಟೆಡ್	balaji projects	ಬಾಲಾಜಿ ಪ್ರಾಜೆಕ್ಟ್ಸ್ ಪ್ರೈವೇಟ್ ಲಿಮಿಟೆಡ್	india	india
S1-100168972	S3-308212066	S3	Balaji Projects Private Limited	ಬಾಲಾಜಿ ಪ್ರಾಜೆಕ್ಟ್ಸ್ ಪ್ರೈವೇಟ್ ಲಿಮಿಟೆಡ್	#235, 11Th Main, Ags Layout, Arehalli (V), Uttarahalli (H), Bangalore, Karnataka	KA, Bangalore, #235, 11Th Main, Ags Layout, Arehalli (V), Uttarahalli (H), Bangalore	balaji projects private limited	ಬಾಲಾಜಿ ಪ್ರಾಜೆಕ್ಟ್ಸ್ ಪ್ರೈವೇಟ್ ಲಿಮಿಟೆಡ್	balaji projects	ಬಾಲಾಜಿ ಪ್ರಾಜೆಕ್ಟ್ಸ್ ಪ್ರೈವೇಟ್ ಲಿಮಿಟೆಡ್	balaji projects	ಬಾಲಾಜಿ ಪ್ರಾಜೆಕ್ಟ್ಸ್ ಪ್ರೈವೇಟ್ ಲಿಮಿಟೆಡ್	india	india
S1-100184895	S2-970845133	S2	Bindal Life Private Limited	bindallife.com	20, East Delhi, Delhi, B-6Basement, Veer, Savarkar Block, Shakarpur, East Delhi	20, B-6BASEMENT, VEER, SAVARKAR BLOCK, SHAKARPUR, EAST DELHI, Delhi	bindal life private limited	bindallife com	bindal life	bindallife com	bindal life	bindallife com	india	india
S1-100195425	S3-320822026	S3	Ear Nose & Throat Clinic Inc	Ear Nóse & Throat Clinic Inc	Bellingham, 356 Theresa Road, MA		ear nose and throat clinic inc	ear nóse and throat clinic inc	ear nose and throat clinic	ear nóse and throat clinic	ear nose and throat clinic	ear nóse and throat clinic	us	us
S1-100197403	S2-486742933	S2	Bright International Private Limited	ब्राइट इंटरनेशनल प्राइवेट लिमिटेड	R-45, Shri City Colony, Mhow, Indore, Madhya Pradesh	INDORE, SHRI CITY COLONY, NEEMUCH, R-45, Madhya Pradesh	bright international private limited	ब्राइट इंटरनेशनल प्राइवेट लिमिटेड	bright international	ब्राइट इंटरनेशनल प्राइवेट लिमिटेड	bright international	ब्राइट इंटरनेशनल प्राइवेट लिमिटेड	india	india
S1-100197403	S3-320554582	S3	Bright International Private Limited	ब्राइट इंटरनेशनल प्राइवेट लिमिटेड	R-45, Shri City Colony, Mhow, Indore, Madhya Pradesh	R-#45, Mhow, Shajapur, मध्य प्रदेश	bright international private limited	ब्राइट इंटरनेशनल प्राइवेट लिमिटेड	bright international	ब्राइट इंटरनेशनल प्राइवेट लिमिटेड	bright international	ब्राइट इंटरनेशनल प्राइवेट लिमिटेड	india	india
S1-100207029	S2-50784643	S2	G S & F Berto-Eufaula	G S S & F	213 4th Street, Eufaula, OK	213 4ND ST, EUFAULA, OK	g s and f berto eufaula	g s s and f	g s and f berto eufaula	g s s and f	g s and f berto eufaula	g s s and f	us	us
S1-100207029	S3-840393579	S3	G S & F Berto-Eufaula	G S & F Berto-Eufau1a	213 4th Street, Eufaula, OK	Eufaula, Oklahoma, 00213 4th Saint	g s and f berto eufaula	g s and f berto eufau1a	g s and f berto eufaula	g s and f berto eufau1a	g s and f berto eufaula	g s and f berto eufau1a	us	us
S1-100216765	S2-761228883	S2	Guru Investments Private Limited	गुरु इन्वेस्टमेंट्स प्राइवेट लिमिटेड	T-19B, Windsor Court Dlf City, Phase-Iv, Gurgaon, Haryana	T-19B, PHASE-IV, GURGAON, हरियाणा	guru investments private limited	गुरु इन्वेस्टमेंट्स प्राइवेट लिमिटेड	guru investments	गुरु इन्वेस्टमेंट्स प्राइवेट लिमिटेड	guru investments	गुरु इन्वेस्टमेंट्स प्राइवेट लिमिटेड	india	india
S1-100218546	S2-49798315	S2	Hyderabad Solutions Pvt. Ltd.	hyderabadsolutions.com	Plot No. 44, 2Nd Floor Nagarjuna Hills, Panjagutta, Hyderabad, Rangareddy, Telangana	PLOT NO. 44, 2ND FLOOR NAGARJUNA HILLS, PANJAGUTTA, HYDERABAD, Telangana	hyderabad solutions pvt ltd	hyderabadsolutions com	hyderabad solutions	hyderabadsolutions com	hyderabad solutions	hyderabadsolutions com	india	india
S1-100218546	S3-211915175	S3	Hyderabad Solutions Pvt. Ltd.	Solutions	Plot No. 44, 2Nd Floor Nagarjuna Hills, Panjagutta, Hyderabad, Rangareddy, Telangana	Plot No. 44, 2Nd Floor Nagarjuna Hills, Panjagutta, Hyderabad, Rangareddy, Telangana	hyderabad solutions pvt ltd	solutions	hyderabad solutions	solutions	hyderabad solutions	solutions	india	india
S1-100228751	S3-50565818	S3	Commercial Learning Union	Commercial Union Center	7816 Coldbrooke Drive, Fl 0, Severn, MD		commercial learning union	commercial union center	commercial learning union	commercial union center	commercial learning union	commercial union center	us	us
S1-100263351	S2-766907184	S2	Indo South Business Private Limited	इंडो साउथ बिजनेस प्राइवेट लिमिटेड	Shop No.11 And Shop No.9, G/F Property No. Wz-186, New Delhi, West Delhi, Delhi	DOOR NO 11 AND SOHP NO.9, G/F PROPERTY NO. WZ-186, WEST DELHI, DELHI	indo south business private limited	इंडो साउथ बिजनेस प्राइवेट लिमिटेड	indo south business	इंडो साउथ बिजनेस प्राइवेट लिमिटेड	indo south business	इंडो साउथ बिजनेस प्राइवेट लिमिटेड	india	india
S1-100263351	S3-242303927	S3	Indo South Business Private Limited	इंडो साउथ बिजनेस प्राइवेट लिमिटेड	Shop No.11 And Shop No.9, G/F Property No. Wz-186, New Delhi, West Delhi, Delhi	Divreportingcircle, DL, West Delhi, And Shop No.9	indo south business private limited	इंडो साउथ बिजनेस प्राइवेट लिमिटेड	indo south business	इंडो साउथ बिजनेस प्राइवेट लिमिटेड	indo south business	इंडो साउथ बिजनेस प्राइवेट लिमिटेड	india	india
S1-10030932	S2-538255327	S2	Rainbow Shetkari Pvt. Ltd.	Rainbow Pvt. Ltd. Center	N.A. Chambers-1, 2Nd Floor, 3J, 3Rd Cross, 7Th C Main, 3Rd Block, Koramangala, Bangalore South, Bangalore, Karnataka	N.A. CHAMBERS-1, 2ND FLOOR, 3J, 3RD CROSS, 7TH C MAIN, 3RD BLOCN, KORAMANGALA, BANGALORE SOUTH, N/A, ಕರ್ನಾಟಕ	rainbow shetkari pvt ltd	rainbow pvt ltd center	rainbow shetkari	rainbow pvt ltd center	rainbow shetkari	rainbow pvt ltd center	india	india
S1-100310841	S2-41387382	S2	New Delhi Commercial Private Limited	Drexkor	38, 2Nd Floor, Sant Nagar, East Of Kailash, New Delhi- India, New Delhi, South Delhi, Delhi	2ND FLOOR, SANT NAGAR, EAST OF KAILASH, NEW DELHI- INDIA, NEW DELHI, SOUTH DELHI, Delhi, 38.	new delhi commercial private limited	drexkor	new delhi commercial	drexkor	new delhi commercial	drexkor	india	india
S1-100314133	S2-530294460	S2	Rev It Up Tavern Inc	revitupcom	22 Abigail Drive, Old Fort Area, NC	22- ABIGAIL DR, OLD FORT AREA, NC	rev it up tavern inc	revitupcom	rev it up tavern	revitupcom	rev it up tavern	revitupcom	us	us
S1-100333402	S2-72321242	S2	Innovative Intelligence Services LLC	Innovative Services LLC Services	OK, 2006 Nail Parkway, Moore		innovative intelligence services llc	innovative services llc services	innovative intelligence services	innovative services llc services	innovative intelligence services	innovative services llc services	us	us
S1-10033546	S2-92269769	S2	All Environmental Works Ltd	Ltd All Etvironmental Works	6401 Octagon Drive, Chesterfield County, VA	06401 OCTAGON DR, CHESTERFIELD COUNTY, VA	all environmental works ltd	ltd all etvironmental works	all environmental works	ltd all etvironmental works	all environmental works	ltd all etvironmental works	us	us
S1-100341672	S3-260978535	S3	Karwa & Co	Dr Kwa & Co	59/4, Mahajati Nagar, Block-2 Siddheswari Bazar, Birati, Kolkata, Kolkata, Howrah, West Bengal	North Twenty Four Parganas, Mahajati Nagar, Block-2 Siddheswari Bazar, Birati, Kolkata, Howrah, WB, 059/4	karwa and co	dr kwa and co	karwa and	dr kwa and	karwa and	dr kwa and	india	india
S1-10035276	S2-116573806	S2	All Environmental Ventures	allenvironmentalventures.com	1792 10, Jefferson, NY	01792 10, JEFFERSON, NY	all environmental ventures	allenvironmentalventures com	all environmental ventures	allenvironmentalventures com	all environmental ventures	allenvironmentalventures com	us	us
S1-100365402	S3-177658990	S3	Flint LLC	Flint	4177 State Street, Eastern Goleta Valley, CA	04177 State St, Eastern Goleta Valley, California	flint llc	flint	flint	flint	flint	flint	us	us
S1-100368052	S2-751672354	S2	Peak Printing Technologies Group	peakprintingtechnologies.com	702 Lincoln Street, Morrill, NE	702 LINCOLN ST, MORRILL, NE	peak printing technologies group	peakprintingtechnologies com	peak printing technologies group	peakprintingtechnologies com	peak printing technologies group	peakprintingtechnologies com	us	us
S1-100383942	S2-271535976	S2	Nichols's Highland Automotive Care	Nich0ls's Care Automotive Highland	2865 Scottwood Road, Columbus, OH	OH, COLUMBUS, 3074 SCOTTWOOD RD	nicholss highland automotive care	nich0lss care automotive highland	nicholss highland automotive care	nich0lss care automotive highland	nicholss highland automotive care	nich0lss care automotive highland	us	us
S1-100384562	S3-873326344	S3	Maa Seva Samiti	Maa Seva Soitaii	No. 11, 9Th Main Road, Brindavan Nagar Mathikere, Bangalore, Karnataka	No. 11, Bengaluru, Bangalore, KA	maa seva samiti	maa seva soitaii	maa seva samiti	maa seva soitaii	maa seva samiti	maa seva soitaii	india	india
S1-100416323	S2-464787388	S2	Ring Travel Inc	RINGTRAVEL.COM	33 Adams Avenue, Saugus, MA	33 ADAMS AVE, SAUGUS, MA	ring travel inc	ringtravel com	ring travel	ringtravel com	ring travel	ringtravel com	us	us
S1-100427548	S2-843319146	S2	Thompson Premier Big LP	THOMPSON PRÉMIER BIG LP	118 Racefield Drive, James City County, VA		thompson premier big lp	thompson prémier big lp	thompson premier big	thompson prémier big	thompson premier big	thompson prémier big	us	us
S1-100427548	S3-396225845	S3	Thompson Premier Big LP	Thompson Premier 8ig LLC	118 Racefield Drive, James City County, VA	Racefield Dr, null, James City County, Virginia	thompson premier big lp	thompson premier 8ig llc	thompson premier big	thompson premier 8ig	thompson premier big	thompson premier 8ig	us	us
S1-100434569	S2-939122975	S2	Am Services Pvt Ltd	Am Pvt Ltd Center	S.No-19/1/8B, Hingane Home Colony, Pune City, Pune, Maharashtra		am services pvt ltd	am pvt ltd center	am services	am pvt ltd center	am services	am pvt ltd center	india	india
S1-100434569	S3-167352871	S3	Am Services Pvt Ltd	Am Servieces Pvt-Ltd	S.No-19/1/8B, Hingane Home Colony, Pune City, Pune, Maharashtra	Block A-1-449 S.no-19/1/8b, Pune, Pune City, महाराष्ट्र	am services pvt ltd	am servieces pvt ltd	am services	am servieces	am services	am servieces	india	india
S1-100434569	S3-183673907	S3	Am Services Pvt Ltd	Mr Am Pvt Ltd Center	S.No-19/1/8B, Hingane Home Colony, Pune City, Pune, Maharashtra		am services pvt ltd	mr am pvt ltd center	am services	mr am pvt ltd center	am services	mr am pvt ltd center	india	india
S1-100434569	S3-73140309	S3	Am Services Pvt Ltd	Sri Am Services  Pvt Ltd	S.No-19/1/8B, Hingane Home Colony, Pune City, Pune, Maharashtra	MH, Pune, Hingane Home Colony, Block A-1-449 S.no-19/1/8b	am services pvt ltd	sri am services pvt ltd	am services	sri am services	am services	sri am services	india	india
S1-100452985	S3-671674843	S3	Associated Technical Consultants	associatedtechnicalconsultants.com	Henry, 879 1400 N, IL	#868 1400 N, Henry, Illinois	associated technical consultants	associatedtechnicalconsultants com	associated technical consultants	associatedtechnicalconsultants com	associated technical consultants	associatedtechnicalconsultants com	us	us
S1-100471351	S2-525074972	S2	Silverman Duke Care	Yumaavi	7708 Cobb Road, Harrisburg, NY	7708 COBB RD, LOWVILLE, NY	silverman duke care	yumaavi	silverman duke care	yumaavi	silverman duke care	yumaavi	us	us
S1-100488474	S2-855125138	S2	Gujarat Enterprises Private Limited	गुजरात एंटरप्राइजेज प्राइवेट लिमिटेड	205, Second Floor, Time Tower, M.G Road, Gurgaon, Haryana, Gurgaon, Haryana	B3/205, SECOND FLOOR, TIME TOWER, M.G ROAD, GURGAON, HARYANA, GURGAON, हरियाणा	gujarat enterprises private limited	गुजरात एंटरप्राइजेज प्राइवेट लिमिटेड	gujarat enterprises	गुजरात एंटरप्राइजेज प्राइवेट लिमिटेड	gujarat enterprises	गुजरात एंटरप्राइजेज प्राइवेट लिमिटेड	india	india
S1-100488474	S3-426111537	S3	Gujarat Enterprises Private Limited	गुजरात एंटरप्राइजेज प्राइवेट लिमिटेड	205, Second Floor, Time Tower, M.G Road, Gurgaon, Haryana, Gurgaon, Haryana	205, Second Floor, Time Tower, M.g Road, Gurgaon, Haryana, Gurgaon, हरियाणा	gujarat enterprises private limited	गुजरात एंटरप्राइजेज प्राइवेट लिमिटेड	gujarat enterprises	गुजरात एंटरप्राइजेज प्राइवेट लिमिटेड	gujarat enterprises	गुजरात एंटरप्राइजेज प्राइवेट लिमिटेड	india	india
S1-1005166	S2-530452602	S2	Good Logistics Private Limited	குட் லாஜிஸ்டிக்ஸ் பிரைவேட் லிமிடெட்	Chennai, Tamil Nadu, No 118 Karpagam Avenue 4Th Street Raja Annamalaipuram, Chennai	NO 118/5 KARPAGAM AVENUE 4TH STREET RAJA ANNAMALAIPURAM, MUMBAI, CHENNAI, Tamil Nadu	good logistics private limited	குட் லாஜிஸ்டிக்ஸ் பிரைவேட் லிமிடெட்	good logistics	குட் லாஜிஸ்டிக்ஸ் பிரைவேட் லிமிடெட்	good logistics	குட் லாஜிஸ்டிக்ஸ் பிரைவேட் லிமிடெட்	india	india
S1-1005166	S3-36671300	S3	Good Logistics Private Limited	goodlogisticscom	Chennai, Tamil Nadu, No 118 Karpagam Avenue 4Th Street Raja Annamalaipuram, Chennai	Door No 118/2 Karpagam Avenue 4Th Street Raja Annamalaipuram, Chennai, TN	good logistics private limited	goodlogisticscom	good logistics	goodlogisticscom	good logistics	goodlogisticscom	india	india
S1-100531158	S3-938772295	S3	Bihar Technologies Private Limited	Limited Bihar Technologies Center	3-4 Girikandra Socy, Waghodia Rd, Vadodara, Gujarat	Door No 3-4 Girikandra Socy, Waghodia Rd, Vadodara, GJ	bihar technologies private limited	limited bihar technologies center	bihar technologies	limited bihar technologies center	bihar technologies	limited bihar technologies center	india	india
S1-100537287	S2-401191485	S2	Urban Producer Private Limited	अर्बन प्रोड्यूसर प्राइवेट लिमिटेड	C-1/C, C Block Ground Floor, Mansarover Garden, New Delhi, West Delhi, Delhi	WEST DELHI, Delhi, C BLOCK GROUND FLOOR, MANSAROVER GARDEN, C-1/C, NEW DELHI	urban producer private limited	अर्बन प्रोड्यूसर प्राइवेट लिमिटेड	urban producer	अर्बन प्रोड्यूसर प्राइवेट लिमिटेड	urban producer	अर्बन प्रोड्यूसर प्राइवेट लिमिटेड	india	india
S1-100537287	S3-257038966	S3	Urban Producer Private Limited	अर्बन प्रोड्यूसर प्राइवेट लिमिटेड	C-1/C, C Block Ground Floor, Mansarover Garden, New Delhi, West Delhi, Delhi	C-1/c, New Delhi, West Delhi, DL	urban producer private limited	अर्बन प्रोड्यूसर प्राइवेट लिमिटेड	urban producer	अर्बन प्रोड्यूसर प्राइवेट लिमिटेड	urban producer	अर्बन प्रोड्यूसर प्राइवेट लिमिटेड	india	india
S1-100545513	S3-535486706	S3	XY Mitra Pvt Ltd	XY  Mmctr Pvt Ltd	B-6/80, First Floor Sector-8, Rohini, Delhi, West Delhi, Delhi	B-6/80, Delhi, West Delhi, DL	xy mitra pvt ltd	xy mmctr pvt ltd	xy mitra	xy mmctr	xy mitra	xy mmctr	india	india
S1-100545513	S3-644630107	S3	XY Mitra Pvt Ltd	xymitra.com	B-6/80, First Floor Sector-8, Rohini, Delhi, West Delhi, Delhi	B-6/80, West Delhi, Delhi, दिल्ली	xy mitra pvt ltd	xymitra com	xy mitra	xymitra com	xy mitra	xymitra com	india	india
S1-100557400	S2-383606656	S2	Habra Consultancy Pvt Ltd	habraconsultancy.com	Lajpat Nagar, Basement, New Delhi, L-89, New Delhi, Delhi, South Delhi	Delhi, L-C-89, LAJPAT NAGAR, BASEMENT, NEW DELHI, NEW DELHI	habra consultancy pvt ltd	habraconsultancy com	habra consultancy	habraconsultancy com	habra consultancy	habraconsultancy com	india	india
S1-100560975	S2-300948777	S2	Fadaque Meridian Inc	FADAQUEMERIDIAN.COM	35 Mansfield Street, Unit 1, Somerville, MA	MANSFIELD STREET, SOMERVILLE, MA	fadaque meridian inc	fadaquemeridian com	fadaque meridian	fadaquemeridian com	fadaque meridian	fadaquemeridian com	us	us
S1-100562436	S3-102313709	S3	Custom Research Industries Partners	Fayetavoxy1o	435 Madison Avenue, Weston, WV	435 Madison Ave, Weston, West Virginia	custom research industries partners	fayetavoxy1o	custom research industries partners	fayetavoxy1o	custom research industries partners	fayetavoxy1o	us	us
S1-10056867	S2-889386745	S2	Delhi Sports Private Limited	DELHI SPORTS LIMITED CENTER	8, Pocket D Mayur Vihar Phase-Ii, Delhi, East Delhi, Delhi	PHOT 151 8, POCKET D MAYUR VIHAR PHASE-II, DELHI, दिल्ली	delhi sports private limited	delhi sports limited center	delhi sports	delhi sports limited center	delhi sports	delhi sports limited center	india	india
S1-10056867	S2-994744670	S2	Delhi Sports Private Limited	DELHI SPÓRTS PRIVATE LIMITED	8, Pocket D Mayur Vihar Phase-Ii, Delhi, East Delhi, Delhi	PLOT 151 8, POCKET D MAYUR VIHAR PHASE-II, DELHI, Delhi	delhi sports private limited	delhi spórts private limited	delhi sports	delhi spórts	delhi sports	delhi spórts	india	india
S1-10056867	S3-93107823	S3	Delhi Sports Private Limited	Delhi Sports Pcisate Limited	8, Pocket D Mayur Vihar Phase-Ii, Delhi, East Delhi, Delhi	8, Delhi, East Delhi, DL	delhi sports private limited	delhi sports pcisate limited	delhi sports	delhi sports pcisate	delhi sports	delhi sports pcisate	india	india
S1-100571851	S2-141306240	S2	Sree Infra Private Limited	ஸ்ரீ இன்ஃப்ரா பிரைவேட் லிமிடெட்	6/14, West Street, Sekkipatti, Melur, Madurai, Tamil Nadu	6/14, WEST STREET, SEKKIPATTI, MELUR, MADURAI, Tamil Nadu	sree infra private limited	ஸ்ரீ இன்ஃப்ரா பிரைவேட் லிமிடெட்	sree infra	ஸ்ரீ இன்ஃப்ரா பிரைவேட் லிமிடெட்	sree infra	ஸ்ரீ இன்ஃப்ரா பிரைவேட் லிமிடெட்	india	india
S1-100572047	S2-999881006	S2	Advanced Midwest Chain, Inc	The Advanced Midwest Chain Inc	AR, Lincoln, 11103 Wedington Blacktop		advanced midwest chain inc	the advanced midwest chain inc	advanced midwest chain	the advanced midwest chain	advanced midwest chain	the advanced midwest chain	us	us
S1-100572971	S3-56368705	S3	Fair Law Chambers	Smt Lumlum	D-43/44, Sector-6, Noida, Gautam Buddha Nagar, Uttar Pradesh	उत्तर प्रदेश, Sector-6, Gautam Buddha Nagar, Noida, D-43/44	fair law chambers	smt lumlum	fair law chambers	smt lumlum	fair law chambers	smt lumlum	india	india
S1-100637200	S3-335674911	S3	Carpenter Couture	Carpenter Services	IN, 1230 Olive Street, Indianapolis	Olive St, PO Box 323, Inndianapolis, Indiana	carpenter couture	carpenter services	carpenter couture	carpenter services	carpenter couture	carpenter services	us	us
S1-100637200	S3-496130811	S3	Carpenter Couture	Carpenter Pártners	IN, 1230 Olive Street, Indianapolis	123 Olive St, Inndianapolis, Indiana	carpenter couture	carpenter pártners	carpenter couture	carpenter pártners	carpenter couture	carpenter pártners	us	us
S1-100654505	S2-328101401	S2	Sree Properties Private Limited	श्री प्रॉपर्टीज प्राइवेट लिमिटेड	Ugb-73, Phoenix Paragon Plaza, Off Lbs Marg, Kurla Kamani Junction, Kurla (W), Mumbai, Maharashtra	UGB-53, PHOENIX PARAGON PLAZA, OFF LBS MARG, KURLA KAMANI JUNCTION, KURLA (W), MUMBAI, Maharashtra	sree properties private limited	श्री प्रॉपर्टीज प्राइवेट लिमिटेड	sree properties	श्री प्रॉपर्टीज प्राइवेट लिमिटेड	sree properties	श्री प्रॉपर्टीज प्राइवेट लिमिटेड	india	india
S1-100654505	S3-528088457	S3	Sree Properties Private Limited	श्री प्रॉपर्टीज Private Limited	Ugb-73, Phoenix Paragon Plaza, Off Lbs Marg, Kurla Kamani Junction, Kurla (W), Mumbai, Maharashtra	MH, Plot 0475 Ugb-73, Greater Bombay, Phoenix Paragon Plaza, Off Lbs Marg, Kurla Kamani Junction, Kurla (W), Bombay	sree properties private limited	श्री प्रॉपर्टीज private limited	sree properties	श्री प्रॉपर्टीज	sree properties	श्री प्रॉपर्टीज	india	india
S1-100655008	S2-130607240	S2	Global Investments	ગ્લોબલ Investments	Ff 1, Nr Narayan Society, B/H Khadayata Colony, Law Garden, Ellis Bridge, Ahmadabad City, Ahmedabad, Gujarat	FF ##1, AHMEDABAD, Gujarat	global investments	ગ્લોબલ investments	global investments	ગ્લોબલ investments	global investments	ગ્લોબલ investments	india	india
S1-100655008	S2-303096874	S2	Global Investments	ગ્લોબલ ઇન્વેસ્ટમેન્ટ્સ	Ff 1, Nr Narayan Society, B/H Khadayata Colony, Law Garden, Ellis Bridge, Ahmadabad City, Ahmedabad, Gujarat	Gujarat, FF ##1, AHMADABAD CITY	global investments	ગ્લોબલ ઇન્વેસ્ટમેન્ટ્સ	global investments	ગ્લોબલ ઇન્વેસ્ટમેન્ટ્સ	global investments	ગ્લોબલ ઇન્વેસ્ટમેન્ટ્સ	india	india
S1-100655008	S2-85694521	S2	Global Investments	ગ્લોબલ ઇન્વેસ્ટમેન્ટ્સ	Ff 1, Nr Narayan Society, B/H Khadayata Colony, Law Garden, Ellis Bridge, Ahmadabad City, Ahmedabad, Gujarat	FF ##1, AHMADABAD CITY, Gujarat	global investments	ગ્લોબલ ઇન્વેસ્ટમેન્ટ્સ	global investments	ગ્લોબલ ઇન્વેસ્ટમેન્ટ્સ	global investments	ગ્લોબલ ઇન્વેસ્ટમેન્ટ્સ	india	india
S1-100655008	S3-322261489	S3	Global Investments	ગ્લોબલ ઇન્વેસ્ટમેન્ટ્સ	Ff 1, Nr Narayan Society, B/H Khadayata Colony, Law Garden, Ellis Bridge, Ahmadabad City, Ahmedabad, Gujarat	Ff 01, Ahmadabad City, Ahemdabad, GJ	global investments	ગ્લોબલ ઇન્વેસ્ટમેન્ટ્સ	global investments	ગ્લોબલ ઇન્વેસ્ટમેન્ટ્સ	global investments	ગ્લોબલ ઇન્વેસ્ટમેન્ટ્સ	india	india
S1-100655008	S3-480117537	S3	Global Investments	Global Investments Investments Company	Ff 1, Nr Narayan Society, B/H Khadayata Colony, Law Garden, Ellis Bridge, Ahmadabad City, Ahmedabad, Gujarat	Ff 01, Nr Narayan Society, B/h Khadayata Colony, Law Garden, Ellis Bridge, Ahmadabad City, Ahemdabad, ગુજરાત	global investments	global investments investments company	global investments	global investments investments	global investments	global investments investments	india	india
S1-100655008	S3-717926386	S3	Global Investments	Gl0bal Ínvestments Company	Ff 1, Nr Narayan Society, B/H Khadayata Colony, Law Garden, Ellis Bridge, Ahmadabad City, Ahmedabad, Gujarat	Ahmadabad City, Ff 01, GJ, Ahemdabad	global investments	gl0bal ínvestments company	global investments	gl0bal ínvestments	global investments	gl0bal ínvestments	india	india
S1-100665060	S3-194297561	S3	Golden Agro Private Limited	गोल्डन एग्रो प्राइवेट लिमिटेड	8A/6, 4Th Floor, Old Rajender Nagar, Delhi, Central Delhi, Delhi	8A/6, 4Th Floor, Old Rajender Nagar, Delhi, null, DL	golden agro private limited	गोल्डन एग्रो प्राइवेट लिमिटेड	golden agro	गोल्डन एग्रो प्राइवेट लिमिटेड	golden agro	गोल्डन एग्रो प्राइवेट लिमिटेड	india	india
S1-100675341	S3-122331029	S3	Direct Textile Networks	Direct Textile Nétworks Ltd	9110 Mandel Drive, Dayton, OH	Mandel Dr, Dayton, Ohio	direct textile networks	direct textile nétworks ltd	direct textile networks	direct textile nétworks	direct textile networks	direct textile nétworks	us	us
S1-100682188	S2-50757429	S2	Compass LP	Compass	2424 Wentworth Street, Raleigh, NC	WENTWORTH STREET, RALEIGH, NC	compass lp	compass	compass	compass	compass	compass	us	us
S1-100682188	S3-726513856	S3	Compass LP	Compass LP Trading	2424 Wentworth Street, Raleigh, NC		compass lp	compass lp trading	compass	compass lp trading	compass	compass lp trading	us	us
S1-100683072	S2-378810315	S2	Blue Power LLP	ಬ್ಲೂ ಪವರ್ ಎಲ್ಎಲ್‌ಪಿ	Wb-102, Shanthi -2, Sai Gardens, Seegehalli, Kadugodi Bangalore, Hosakote, Bangalore Rural, Karnataka	WB-102, HOSAKOTE, BANGALORE RURAL, Karnataka	blue power llp	ಬ್ಲೂ ಪವರ್ ಎಲ್ಎಲ್‌ಪಿ	blue power	ಬ್ಲೂ ಪವರ್ ಎಲ್ಎಲ್‌ಪಿ	blue power	ಬ್ಲೂ ಪವರ್ ಎಲ್ಎಲ್‌ಪಿ	india	india
S1-100683072	S3-81257746	S3	Blue Power LLP	ಬ್ಲೂ ಪವರ್ ಎಲ್ಎಲ್‌ಪಿ	Wb-102, Shanthi -2, Sai Gardens, Seegehalli, Kadugodi Bangalore, Hosakote, Bangalore Rural, Karnataka	Hosakote, Shanthi -2, Sai Gardens, Seegehalli, Kadugodi Bangalore, Wb-102., KA, Bangalore Rural	blue power llp	ಬ್ಲೂ ಪವರ್ ಎಲ್ಎಲ್‌ಪಿ	blue power	ಬ್ಲೂ ಪವರ್ ಎಲ್ಎಲ್‌ಪಿ	blue power	ಬ್ಲೂ ಪವರ್ ಎಲ್ಎಲ್‌ಪಿ	india	india
S1-100707600	S2-214644301	S2	Privilege Outsourcing Ltd	privilegeoutsourcing.com	A 149Main Vikas Marg Shakarpur, Delhi, East Delhi, Delhi	A 149MAIN VIKAS MARG SHAKARPUR, DELHI, Delhi	privilege outsourcing ltd	privilegeoutsourcing com	privilege outsourcing	privilegeoutsourcing com	privilege outsourcing	privilegeoutsourcing com	india	india
S1-10071224	S2-444840542	S2	Direct Clear Blueport	Direct Clear Blúeport	2924 Market Street, Unit 6, Hannibal, MO	292 MARKET ST, HANNIBAL, MO	direct clear blueport	direct clear blúeport	direct clear blueport	direct clear blúeport	direct clear blueport	direct clear blúeport	us	us
S1-10071224	S2-771337934	S2	Direct Clear Blueport	DIRECT CLÉAR BLUEPORT	2924 Market Street, Unit 6, Hannibal, MO	292 MARKET ST, HANNIBAL, MO	direct clear blueport	direct cléar blueport	direct clear blueport	direct cléar blueport	direct clear blueport	direct cléar blueport	us	us
S1-100737694	S3-730915214	S3	Harper & Farmer Inc.	harperfarmer.c0m	312 Avenida De La Vereda, Ojai, CA	Ojai, California, 312 Avenida De La Vereda	harper and farmer inc	harperfarmer c0m	harper and farmer	harperfarmer c0m	harper and farmer	harperfarmer c0m	us	us
S1-100748328	S2-839890599	S2	Martinez Medical	martinezmedical.com	37 Woodedge Drive, Huntington, NY	37  WOODEDGE DR, HUNTINGTON, NY	martinez medical	martinezmedical com	martinez medical	martinezmedical com	martinez medical	martinezmedical com	us	us
S1-100754232	S3-658343091	S3	Unica Joshi Private Limited	unicajoshi.com	2, Floor-1, Plot-82, Nagin Mahal, Veer Nariman Road, Mumbai, Maharashtra	No. 668 2, Floor-1, Plot-82, Nagin Mahal, Veer Nariman Road, Greater Bombay, महाराष्ट्र	unica joshi private limited	unicajoshi com	unica joshi	unicajoshi com	unica joshi	unicajoshi com	india	india
S1-100757651	S2-563430831	S2	Ear Nose & Throat Trusted Group	Ear Nose & Throat Trusted Inc	859 Wakefield Boulevard, Winchester, CT		ear nose and throat trusted group	ear nose and throat trusted inc	ear nose and throat trusted group	ear nose and throat trusted	ear nose and throat trusted group	ear nose and throat trusted	us	us
S1-10077851	S3-967518821	S3	EK Electromech Corporation	Korviox	61, Montieth Road, Egmore, Madras, Chennai, Tamil Nadu	61, Montieth Road, Egmore, Madras, Chennai, Tamil Nadu	ek electromech corporation	korviox	ek electromech	korviox	ek electromech	korviox	india	india
S1-100790473	S2-622137861	S2	Gold Consultancy Private Limited	गोल्ड कंसल्टेंसी प्राइवेट लिमिटेड	Maharashtra, Thane, Nagar Chs.Ltd. Sector 1, B-67/504 Moreshwar Shanti, Thane	B-D/67/504 MORESHWAR SHANTI, NAGAR CHS.LTD. SECTOR 1, THANE, MIRA BHAYANDAR, महाराष्ट्र	gold consultancy private limited	गोल्ड कंसल्टेंसी प्राइवेट लिमिटेड	gold consultancy	गोल्ड कंसल्टेंसी प्राइवेट लिमिटेड	gold consultancy	गोल्ड कंसल्टेंसी प्राइवेट लिमिटेड	india	india
S1-100790473	S2-646343068	S2	Gold Consultancy Private Limited	गोल्ड कंसल्टेंसी प्राइवेट लिमिटेड	Maharashtra, Thane, Nagar Chs.Ltd. Sector 1, B-67/504 Moreshwar Shanti, Thane	B-D/67/504 MORESHWAR SHANTI, NAGAR CHS.LTD. SECTOR 1, THANE, MIRA BHAYANDAR, महाराष्ट्र	gold consultancy private limited	गोल्ड कंसल्टेंसी प्राइवेट लिमिटेड	gold consultancy	गोल्ड कंसल्टेंसी प्राइवेट लिमिटेड	gold consultancy	गोल्ड कंसल्टेंसी प्राइवेट लिमिटेड	india	india
S1-100790473	S2-859621853	S2	Gold Consultancy Private Limited	गोल्ड कंसल्टेंसी प्राइवेट लिमिटेड	Maharashtra, Thane, Nagar Chs.Ltd. Sector 1, B-67/504 Moreshwar Shanti, Thane	B-D/67/504 MORESHWAR SHANTI, THANE, MIRA BHAYANDAR, Maharashtra	gold consultancy private limited	गोल्ड कंसल्टेंसी प्राइवेट लिमिटेड	gold consultancy	गोल्ड कंसल्टेंसी प्राइवेट लिमिटेड	gold consultancy	गोल्ड कंसल्टेंसी प्राइवेट लिमिटेड	india	india
S1-100790473	S3-806889704	S3	Gold Consultancy Private Limited	गोल्ड कंसल्टेंसी प्राइवेट लिमिटेड	Maharashtra, Thane, Nagar Chs.Ltd. Sector 1, B-67/504 Moreshwar Shanti, Thane	H.no 620 B-67/504 Moreshwar Shanti, Nagar Chs.ltd. Sector 1, Thane, MH	gold consultancy private limited	गोल्ड कंसल्टेंसी प्राइवेट लिमिटेड	gold consultancy	गोल्ड कंसल्टेंसी प्राइवेट लिमिटेड	gold consultancy	गोल्ड कंसल्टेंसी प्राइवेट लिमिटेड	india	india
S1-100804120	S3-322041032	S3	Rajat (India) Fresh Private Limited	Umbraxylo	Plot No. 48, H.No.30-253/2/24, Laxmi Nagar, Phase 1, Old Safilguda, Near Yashoda Krishna Apts, Po Rk Puram, Tirumalagiri, Hyderabad, Telangana	Plot No. 48, H.No.30-253/2/24, Laxmi Nagar, Phase 1, Old Safilguda, Near Yashoda Krishna Apts, Po Rk Puram, Tirumalagiri, Hyderabad, Telangana	rajat india fresh private limited	umbraxylo	rajat india fresh	umbraxylo	rajat india fresh	umbraxylo	india	india
S1-10081487	S3-556396610	S3	Cinder Winvest	Cinder Wínvest	34691 Main Street, Pittsville, MD	Main Saint, PMB 7401, Pittsville, Maryland	cinder winvest	cinder wínvest	cinder winvest	cinder wínvest	cinder winvest	cinder wínvest	us	us
S1-100831002	S2-967206427	S2	Mm Import Limited	Mm Limited Center	K-103, Aster Afnhb, Sector -20 Kharghar, Raigarh, Maharashtra	K-103, ASTER AFNHB, SECTOR -20 KHARGHAR, RAIGARH, Maharashtra	mm import limited	mm limited center	mm import	mm limited center	mm import	mm limited center	india	india
S1-100831002	S3-310060282	S3	Mm Import Limited	Mm Imp0rt Limited	K-103, Aster Afnhb, Sector -20 Kharghar, Raigarh, Maharashtra	N/A, महाराष्ट्र, Raigarh, No. 194 K-103, Raigarh	mm import limited	mm imp0rt limited	mm import	mm imp0rt	mm import	mm imp0rt	india	india
S1-100837650	S2-306340013	S2	Hall Platinum Bankshares	Hall Platinum	176 Jerusalem Road, Mecklenburg County, VA	0176 JERUSALEM ROAD, MECKLENBURG COUNTY, VA	hall platinum bankshares	hall platinum	hall platinum bankshares	hall platinum	hall platinum bankshares	hall platinum	us	us
S1-100845184	S2-71652072	S2	Hunger Creative Society	Hunger Creative Service	913 Miranda Drive, Mesquite, TX	MIRANDA DR, MESQUITE, TX	hunger creative society	hunger creative service	hunger creative society	hunger creative service	hunger creative society	hunger creative service	us	us
S1-100845184	S2-87095130	S2	Hunger Creative Society	Hunger Creative Socitey	913 Miranda Drive, Mesquite, TX	Miranda Dr, MESQUITE, TX	hunger creative society	hunger creative socitey	hunger creative society	hunger creative socitey	hunger creative society	hunger creative socitey	us	us
S1-100845882	S3-77473017	S3	Ahmed Projects Private Limited	@ahmedprojects	11-20-4/130, Surya Saroj Apartments, Huda Complex, Lb Nagar, Hyderabad, Telangana	TG, Hyderabad, Surya Saroj Apartments, Huda Complex, Lb Nagar, 11-20-4/130	ahmed projects private limited	ahmedprojects	ahmed projects	ahmedprojects	ahmed projects	ahmedprojects	india	india
S1-100848081	S2-39319994	S2	Urgent Care Best Physicians LLC	Urgent Best Physicians LLC Partners	1 Hidden Road, Andover, MA	1 HIDDEN RD, ANDOVER, MA	urgent care best physicians llc	urgent best physicians llc partners	urgent care best physicians	urgent best physicians llc partners	urgent care best physicians	urgent best physicians llc partners	us	us
S1-100848081	S3-280696191	S3	Urgent Care Best Physicians LLC	Urgent Cáre Best Physícians LLC	1 Hidden Road, Andover, MA	1 Hidden Rd, PMB 7874, Andover CITY, Massachusetts	urgent care best physicians llc	urgent cáre best physícians llc	urgent care best physicians	urgent cáre best physícians	urgent care best physicians	urgent cáre best physícians	us	us
S1-100848081	S3-723116534	S3	Urgent Care Best Physicians LLC	Urgent	1 Hidden Road, Andover, MA	1 Hidden Road, Andover, MA	urgent care best physicians llc	urgent	urgent care best physicians	urgent	urgent care best physicians	urgent	us	us
S1-10086335	S3-350834522	S3	WB Rithm	The WB Rithm Rithm	OH, Sidney, 17921 Sharp Road	Sharp Rd, Sidney, Ohio	wb rithm	the wb rithm rithm	wb rithm	the wb rithm rithm	wb rithm	the wb rithm rithm	us	us
S1-10086335	S3-893995862	S3	WB Rithm	WB Ríthm	OH, Sidney, 17921 Sharp Road	Sharp Rd, Sidney, Ohio	wb rithm	wb ríthm	wb rithm	wb ríthm	wb rithm	wb ríthm	us	us
S1-100873232	S2-914900115	S2	Royal Bharat It	ராயல் பாரத் ஐடி	No.6, 9Th Street, Thillai Ganga Nagar, Nanganallur, Chennai, Tamil Nadu	NO.6, CHENNAI, Tamil Nadu	royal bharat it	ராயல் பாரத் ஐடி	royal bharat it	ராயல் பாரத் ஐடி	royal bharat it	ராயல் பாரத் ஐடி	india	india
S1-100873232	S3-473094714	S3	Royal Bharat It	Royal-It Bharat	No.6, 9Th Street, Thillai Ganga Nagar, Nanganallur, Chennai, Tamil Nadu	Chennai, Door No 6, Kanchipuram, தமிழ்நாடு	royal bharat it	royal it bharat	royal bharat it	royal it bharat	royal bharat it	royal it bharat	india	india
S1-100890437	S3-405595629	S3	First Innovative Infrastructure Private Limited	फर्स्ट इनोवेटिव इंफ्रास्ट्रक्चर प्राइवेट लिमिटेड	C-43, Third Floor, Jhilmil Colony Shahdra, Delhi, East Delhi, Delhi	Door No 948 C-43, Third Floor, Jhilmil Colony Shahdra, Delhi, East Delhi, दिल्ली	first innovative infrastructure private limited	फर्स्ट इनोवेटिव इंफ्रास्ट्रक्चर प्राइवेट लिमिटेड	first innovative infrastructure	फर्स्ट इनोवेटिव इंफ्रास्ट्रक्चर प्राइवेट लिमिटेड	first innovative infrastructure	फर्स्ट इनोवेटिव इंफ्रास्ट्रक्चर प्राइवेट लिमिटेड	india	india
S1-100914897	S2-224138376	S2	Orthopedic Group	Orthopedic Group Center	1048 Tyre Road, Tyre, NY	01048 Tyre Rd, SENECA FALLS, NY	orthopedic group	orthopedic group center	orthopedic group	orthopedic group center	orthopedic group	orthopedic group center	us	us
S1-100914897	S2-941741111	S2	Orthopedic Group	Ortlhopedci Group	1048 Tyre Road, Tyre, NY	01048 TYRE ROAD, TYRE, NY	orthopedic group	ortlhopedci group	orthopedic group	ortlhopedci group	orthopedic group	ortlhopedci group	us	us
S1-100959516	S2-1662808	S2	East Builders Private Limited	ಈಸ್ಟ್ ಬಿಲ್ಡರ್ಸ್ ಪ್ರೈವೇಟ್ ಲಿಮಿಟೆಡ್	A-13, 3Rd Stage, Peenya Industrial Area, Bangalore North, Bangalore, Karnataka	A-13, BANGALORE NORTH, BANGALORE, Karnataka	east builders private limited	ಈಸ್ಟ್ ಬಿಲ್ಡರ್ಸ್ ಪ್ರೈವೇಟ್ ಲಿಮಿಟೆಡ್	east builders	ಈಸ್ಟ್ ಬಿಲ್ಡರ್ಸ್ ಪ್ರೈವೇಟ್ ಲಿಮಿಟೆಡ್	east builders	ಈಸ್ಟ್ ಬಿಲ್ಡರ್ಸ್ ಪ್ರೈವೇಟ್ ಲಿಮಿಟೆಡ್	india	india
S1-100967350	S2-458890368	S2	Melendez Star Duke	MELENDEZ [STAR]	610 Alma School Road, Unit 56, Chandler, AZ	0610 ALMA SCHOOL RD, ANDERSEN SPRINGS, AZ	melendez star duke	melendez star	melendez star duke	melendez star	melendez star duke	melendez star	us	us
S1-100969338	S2-286680806	S2	Shivam Services Private Limited	শিবম সার্ভিসেস প্রাইভেট লিমিটেড	Kashba Egra No Ward-6, East Midnapore, Egra, East Midnapore, West Bengal	DOOR NO 443/3 KASHBA EGRA NO WARD-6, EGRA, West Bengal	shivam services private limited	শিবম সার্ভিসেস প্রাইভেট লিমিটেড	shivam services	শিবম সার্ভিসেস প্রাইভেট লিমিটেড	shivam services	শিবম সার্ভিসেস প্রাইভেট লিমিটেড	india	india
S1-100970523	S2-635439985	S2	Dominguez Marshall	Dominguez Masoall	969 Charles St, Louisville, KY		dominguez marshall	dominguez masoall	dominguez marshall	dominguez masoall	dominguez marshall	dominguez masoall	us	us
S1-100971529	S2-776683677	S2	Gold Properties Private Limited	गोल्ड प्रॉपर्टीज प्राइवेट लिमिटेड	Plot No. 97, K 779/18 Shobhawato Ki Dhani, Jodhpur, Rajasthan	97, JODHPUR, राजस्थान	gold properties private limited	गोल्ड प्रॉपर्टीज प्राइवेट लिमिटेड	gold properties	गोल्ड प्रॉपर्टीज प्राइवेट लिमिटेड	gold properties	गोल्ड प्रॉपर्टीज प्राइवेट लिमिटेड	india	india
S1-100971529	S3-278283373	S3	Gold Properties Private Limited	Belotavo	Plot No. 97, K 779/18 Shobhawato Ki Dhani, Jodhpur, Rajasthan	#97, Jodhpur, RJ	gold properties private limited	belotavo	gold properties	belotavo	gold properties	belotavo	india	india
S1-100977364	S2-388401692	S2	Seven Indian Enterprises Private Limited	সেভেন ইন্ডিয়ান এন্টারপ্রাইজেস প্রাইভেট লিমিটেড	Infinity, Plot-A3, Block-Gp, Sector-Vsaltlake, Kolkata, Howrah, West Bengal	INFINITY, KOL, KOLKATA, পশ্চিমবঙ্গ	seven indian enterprises private limited	সেভেন ইন্ডিয়ান এন্টারপ্রাইজেস প্রাইভেট লিমিটেড	seven indian enterprises	সেভেন ইন্ডিয়ান এন্টারপ্রাইজেস প্রাইভেট লিমিটেড	seven indian enterprises	সেভেন ইন্ডিয়ান এন্টারপ্রাইজেস প্রাইভেট লিমিটেড	india	india
S1-100977364	S3-455206440	S3	Seven Indian Enterprises Private Limited	Seven	Infinity, Plot-A3, Block-Gp, Sector-Vsaltlake, Kolkata, Howrah, West Bengal	Plot-A3, Block-Gp, Sector-Vsaltlake, Howrah, West Bengal, Infinity, Kolkata	seven indian enterprises private limited	seven	seven indian enterprises	seven	seven indian enterprises	seven	india	india
S1-100977364	S3-742409810	S3	Seven Indian Enterprises Private Limited	সেভেন ইন্ডিয়ান এন্টারপ্রাইজেস প্রাইভেট লিমিটেড	Infinity, Plot-A3, Block-Gp, Sector-Vsaltlake, Kolkata, Howrah, West Bengal	Infinity, Kolkata, Howrah, WB	seven indian enterprises private limited	সেভেন ইন্ডিয়ান এন্টারপ্রাইজেস প্রাইভেট লিমিটেড	seven indian enterprises	সেভেন ইন্ডিয়ান এন্টারপ্রাইজেস প্রাইভেট লিমিটেড	seven indian enterprises	সেভেন ইন্ডিয়ান এন্টারপ্রাইজেস প্রাইভেট লিমিটেড	india	india
S1-100979361	S2-316551565	S2	Little Nails	Little Nails Center	9849 Voss Avenue, Keller, TX	VOSS AVE, KELLER, TX	little nails	little nails center	little nails	little nails center	little nails	little nails center	us	us
S1-101002740	S2-327552683	S2	Preferred Golden Group	PREFERRED  GOLEN GROUP	SD, 6213 Old Village Place, Sioux Falls	OLD VILLAGE PLACE, SIOUX FALLS, SD	preferred golden group	preferred golen group	preferred golden group	preferred golen group	preferred golden group	preferred golen group	us	us
S1-101008158	S2-144724349	S2	Gulf Learning Center Associates	gulflearningcenter.com	7369 1331, Taylor, TX	7369 1331, TAYLOR, TX	gulf learning center associates	gulflearningcenter com	gulf learning center associates	gulflearningcenter com	gulf learning center associates	gulflearningcenter com	us	us
S1-101008158	S3-714867552	S3	Gulf Learning Center Associates	gulflearningcenter.com	7369 1331, Taylor, TX	7369. 1331, Taylor, Texas	gulf learning center associates	gulflearningcenter com	gulf learning center associates	gulflearningcenter com	gulf learning center associates	gulflearningcenter com	us	us
S1-101025176	S2-268806687	S2	P 3 Integrated Idea Inc.	P 3 Itogaosrted Idea-Inc.	143 Louise Avenue, Unit 185, South Salt Lake City, UT	00143 LOUISE AVE, SALT LAKE CITTY, UT	p 3 integrated idea inc	p 3 itogaosrted idea inc	p 3 integrated idea	p 3 itogaosrted idea	p 3 integrated idea	p 3 itogaosrted idea	us	us
S1-101025176	S2-86626870	S2	P 3 Integrated Idea Inc.	Inc. P 3 Integrated Idea	143 Louise Avenue, Unit 185, South Salt Lake City, UT	00143 LOUISE AVENUE, SALT LAKE CITTY, UT	p 3 integrated idea inc	inc p 3 integrated idea	p 3 integrated idea	inc p 3 integrated idea	p 3 integrated idea	inc p 3 integrated idea	us	us
S1-101031354	S2-250955917	S2	Gold It Private Limited	গোল্ড আইটি প্রাইভেট লিমিটেড	C/O Lt Kazi Ekramulla, Balarambati, Near Station Singur, Chandannagar, Hooghly, West Bengal	C/O LT KAZI EKRAMULLA, CHANDANNAGAR, পশ্চিমবঙ্গ	gold it private limited	গোল্ড আইটি প্রাইভেট লিমিটেড	gold it	গোল্ড আইটি প্রাইভেট লিমিটেড	gold it	গোল্ড আইটি প্রাইভেট লিমিটেড	india	india
S1-101031354	S2-322835055	S2	Gold It Private Limited	গোল্ড আইটি প্রাইভেট লিমিটেড	C/O Lt Kazi Ekramulla, Balarambati, Near Station Singur, Chandannagar, Hooghly, West Bengal	C/O LT KAZI EKRAHULLA, CHANDANNAGAR, পশ্চিমবঙ্গ	gold it private limited	গোল্ড আইটি প্রাইভেট লিমিটেড	gold it	গোল্ড আইটি প্রাইভেট লিমিটেড	gold it	গোল্ড আইটি প্রাইভেট লিমিটেড	india	india
S1-101031354	S3-458407650	S3	Gold It Private Limited	Dr ... goldit.com	C/O Lt Kazi Ekramulla, Balarambati, Near Station Singur, Chandannagar, Hooghly, West Bengal	Balarambati, Near Station Singur, Chandannagar, Hooghly, #726 C/o Lt Kazi Ekramulla, WB	gold it private limited	dr goldit com	gold it	dr goldit com	gold it	dr goldit com	india	india
S1-101031354	S3-605704354	S3	Gold It Private Limited	Gold Private Limited Center	C/O Lt Kazi Ekramulla, Balarambati, Near Station Singur, Chandannagar, Hooghly, West Bengal	726 C/o Lt Kazi Ekramulla, Chandannagar, Hooghly, WB	gold it private limited	gold private limited center	gold it	gold private limited center	gold it	gold private limited center	india	india
S1-101031354	S3-842113463	S3	Gold It Private Limited	Dr Gold It Private Limited	C/O Lt Kazi Ekramulla, Balarambati, Near Station Singur, Chandannagar, Hooghly, West Bengal	Balarambati, Near Station Singur, Hooghly, WB, Door No 726 C/o Lt Kazi Ekramulla, Chandannagar	gold it private limited	dr gold it private limited	gold it	dr gold it	gold it	dr gold it	india	india
S1-101051328	S2-201724476	S2	WC Jewellers Company	jwcc0m	Plot No. 8, South Tukoganj, L.G. 2, Trade Center, Indore, Indore, Madhya Pradesh	#8, SOUTH TUKOGANJ, L.G. 2, TRADE CENTER, INDORE, INDORE, BURHANPUR, Madhya Pradesh	wc jewellers company	jwcc0m	wc jewellers	jwcc0m	wc jewellers	jwcc0m	india	india
S1-101051328	S2-551615897	S2	WC Jewellers Company	WC Jewellers Jewellers	Plot No. 8, South Tukoganj, L.G. 2, Trade Center, Indore, Indore, Madhya Pradesh	PLOT NO. 8- , SOUTH TUKOGANJ, L.G. 2, TRADE CENTER, INDORE, INDORE, Madhya Pradesh	wc jewellers company	wc jewellers jewellers	wc jewellers	wc jewellers jewellers	wc jewellers	wc jewellers jewellers	india	india
S1-101051328	S2-736777812	S2	WC Jewellers Company	WC Company Jewellers	Plot No. 8, South Tukoganj, L.G. 2, Trade Center, Indore, Indore, Madhya Pradesh	#8- , SOUTH TUKOGANJ, L.G. 2, TRADE CENTER, INDORE, INDORE, Madhya Pradesh	wc jewellers company	wc company jewellers	wc jewellers	wc company jewellers	wc jewellers	wc company jewellers	india	india
S1-101051328	S3-614940544	S3	WC Jewellers Company	Jwc.Com	Plot No. 8, South Tukoganj, L.G. 2, Trade Center, Indore, Indore, Madhya Pradesh	Plot No. 8, South Tukoganj, L.g. 2, Trade Center, Indore, Khargone, Indore, MP	wc jewellers company	jwc com	wc jewellers	jwc com	wc jewellers	jwc com	india	india
S1-10107530	S2-249466768	S2	Big Supreme Investment	बिग सुप्रीम इन्वेस्टमेंट	Delhi, C-52, East Delhi, C-Block, Ganesh Nagar Pandav Nagar Complex, Delhi	Delhi, C-52, DELHI, NEW DELHI	big supreme investment	बिग सुप्रीम इन्वेस्टमेंट	big supreme investment	बिग सुप्रीम इन्वेस्टमेंट	big supreme investment	बिग सुप्रीम इन्वेस्टमेंट	india	india
S1-10107530	S2-417209529	S2	Big Supreme Investment	#bigsupreme	Delhi, C-52, East Delhi, C-Block, Ganesh Nagar Pandav Nagar Complex, Delhi	C-52, C-BLOCK, GANESH NAGAR PANDAV NAGAR COMPLEX, DELHI, Delhi	big supreme investment	bigsupreme	big supreme investment	bigsupreme	big supreme investment	bigsupreme	india	india
S1-10107530	S2-953027176	S2	Big Supreme Investment	बिग सुप्रीम इन्वेस्टमेंट	Delhi, C-52, East Delhi, C-Block, Ganesh Nagar Pandav Nagar Complex, Delhi	C-52, DELHI, NEW DELHI, Delhi	big supreme investment	बिग सुप्रीम इन्वेस्टमेंट	big supreme investment	बिग सुप्रीम इन्वेस्टमेंट	big supreme investment	बिग सुप्रीम इन्वेस्टमेंट	india	india
S1-10107530	S3-647850713	S3	Big Supreme Investment	बिग सुप्रीम इन्वेस्टमेंट	Delhi, C-52, East Delhi, C-Block, Ganesh Nagar Pandav Nagar Complex, Delhi	Plot 19 C-52, East Delhi, Delhi, DL	big supreme investment	बिग सुप्रीम इन्वेस्टमेंट	big supreme investment	बिग सुप्रीम इन्वेस्टमेंट	big supreme investment	बिग सुप्रीम इन्वेस्टमेंट	india	india
S1-101112110	S2-628221355	S2	Super 50 Bike Shop Clinic	Super 50 Bike	7004 Schultz Road, Harvard, IL	SCHULTZ RD, HARVARD, IL	super 50 bike shop clinic	super 50 bike	super 50 bike shop clinic	super 50 bike	super 50 bike shop clinic	super 50 bike	us	us
S1-101112110	S3-676635288	S3	Super 50 Bike Shop Clinic	Super 50 Bíke Shop [Clinic]	7004 Schultz Road, Harvard, IL	7003 Schultz Rd, Harvard, Illinois	super 50 bike shop clinic	super 50 bíke shop clinic	super 50 bike shop clinic	super 50 bíke shop clinic	super 50 bike shop clinic	super 50 bíke shop clinic	us	us
S1-10112724	S3-753704	S3	Urgent Care Liberty Medicine Inc.	#Urgentcare	3 Wycomb Place, Brookhaven, NY	003 Wycomb Place, Brookhaven, New York	urgent care liberty medicine inc	urgentcare	urgent care liberty medicine	urgentcare	urgent care liberty medicine	urgentcare	us	us
S1-101133129	S2-131589477	S2	Hotel Solutions LLP	होटल सॉल्यूशंस एलएलपी	B-2, Sandeep Park Chsl, Sion Trombay Road, Opp Deonar Bus Depot, Deonar, Mumbai, Maharashtra	B-2, SANDEEP PARK CHSL, SION TROMBAY ROAD, OPP DEONAR BUS DEPOT, DEONAR, MUMBAI, Maharashtra	hotel solutions llp	होटल सॉल्यूशंस एलएलपी	hotel solutions	होटल सॉल्यूशंस एलएलपी	hotel solutions	होटल सॉल्यूशंस एलएलपी	india	india
S1-101139404	S2-941871697	S2	Baba Developers Private Limited	बाबा डेवलपर्स प्राइवेट लिमिटेड	P. N. W-57, Midc Ambad, Nashik, Maharashtra	P. N. W-5-57, NASHIK, Maharashtra	baba developers private limited	बाबा डेवलपर्स प्राइवेट लिमिटेड	baba developers	बाबा डेवलपर्स प्राइवेट लिमिटेड	baba developers	बाबा डेवलपर्स प्राइवेट लिमिटेड	india	india
S1-101164413	S2-39721310	S2	Crew Holdings	Cw Holdings	C/O Vijayababu. P, Parakkottil House, Ottapalam, Palakkad, Kerala	C/O VIJAYABABU. P, OTTAPALAM, PALAKKAD, Kerala	crew holdings	cw holdings	crew holdings	cw holdings	crew holdings	cw holdings	india	india
S1-101170709	S3-791050968	S3	Rank & Associates Private Limited	rankassociates.com	A 602, Om Narmada Chs Ltd, Stn Road, Near Noopur Palace, Mira Road(, E), Thane, Maharashtra	Door No 895 A 602, Om Narmada Chs Ltd, Stn Road, Near Noopur Palace, Mira Road(, E), Thane, MH	rank and associates private limited	rankassociates com	rank and associates	rankassociates com	rank and associates	rankassociates com	india	india
S1-101171510	S2-925453893	S2	North Management Private Limited	नॉर्थ मैनेजमेंट प्राइवेट लिमिटेड	Thane, Maharashtra, Palghar, A -Wing, Bldg. No.1, Mahalaxmi Nagar, Juchandra, Naigaon East, Shop No.5	SHOP NO.##5, PALGHAR, NAVI MUMABI, Maharashtra	north management private limited	नॉर्थ मैनेजमेंट प्राइवेट लिमिटेड	north management	नॉर्थ मैनेजमेंट प्राइवेट लिमिटेड	north management	नॉर्थ मैनेजमेंट प्राइवेट लिमिटेड	india	india
S1-101171510	S3-133430367	S3	North Management Private Limited	नॉर्थ मैनेजमेंट प्राइवेट लिमिटेड	Thane, Maharashtra, Palghar, A -Wing, Bldg. No.1, Mahalaxmi Nagar, Juchandra, Naigaon East, Shop No.5	#5, Thane, Palghar, MH	north management private limited	नॉर्थ मैनेजमेंट प्राइवेट लिमिटेड	north management	नॉर्थ मैनेजमेंट प्राइवेट लिमिटेड	north management	नॉर्थ मैनेजमेंट प्राइवेट लिमिटेड	india	india
S1-101171510	S3-292641495	S3	North Management Private Limited	Dr North Management Private	Thane, Maharashtra, Palghar, A -Wing, Bldg. No.1, Mahalaxmi Nagar, Juchandra, Naigaon East, Shop No.5	Door No 5, A -Wing, Bldg. No.1, Mahalaxmi Nagar, Juchandra, Naigaon East, Thane, Palghar, MH	north management private limited	dr north management private	north management	dr north management	north management	dr north management	india	india
S1-101171510	S3-825687987	S3	North Management Private Limited	नॉर्थ मैनेजमेंट प्राइवेट लिमिटेड	Thane, Maharashtra, Palghar, A -Wing, Bldg. No.1, Mahalaxmi Nagar, Juchandra, Naigaon East, Shop No.5	Shop No.5, A -Wing, Bldg. No.1, Mahalaxmi Nagar, Juchandra, Naigaon East, Thane, Palghar, महाराष्ट्र	north management private limited	नॉर्थ मैनेजमेंट प्राइवेट लिमिटेड	north management	नॉर्थ मैनेजमेंट प्राइवेट लिमिटेड	north management	नॉर्थ मैनेजमेंट प्राइवेट लिमिटेड	india	india
S1-101176053	S2-126498188	S2	Atlantic Clean Merger LLC	ATLANTIC CLEAN	295 Kelly Branch Road, London, KY	KELLY BRANCH RD, LONDON, KY	atlantic clean merger llc	atlantic clean	atlantic clean merger	atlantic clean	atlantic clean merger	atlantic clean	us	us
S1-101178233	S3-294993060	S3	Reilly Fuels LLC	The Rei1ly Fuels LLC	1626 Honey Trail, Monroe, NC	1680 1/2 Honey Trail, Monroe, North Carolina	reilly fuels llc	the rei1ly fuels llc	reilly fuels	the rei1ly fuels	reilly fuels	the rei1ly fuels	us	us
S1-101203203	S3-70578994	S3	India Marketing Private Limited	India Private Limited Services	C-16, 2Nd Floor, Gulmohar Park, New Delhi, Delhi	C-0016, New Delhi, Gulmohar Park, दिल्ली	india marketing private limited	india private limited services	india marketing	india private limited services	india marketing	india private limited services	india	india
S1-101214375	S3-941722252	S3	Blue Sachem LLC	Blue Sacehm [LLC]	100 Flintwood Court, Unit B2, Winston-salem, NC		blue sachem llc	blue sacehm llc	blue sachem	blue sacehm	blue sachem	blue sacehm	us	us
S1-101238278	S2-516526760	S2	H&h Industries Group	hhindustries.com	21/7 Mathura Road Navlu Colony, Ballabgarh, Faridabad, Haryana	हरियाणा, BALLABGARH, DROR NO 21/7 MATHURA ROAD NAVLU COLONY, FARIDABAD	h and h industries group	hhindustries com	h and h industries group	hhindustries com	h and h industries group	hhindustries com	india	india
S1-101238278	S3-702880963	S3	H&h Industries Group	Novimira Co aka H&h Industries Group	21/7 Mathura Road Navlu Colony, Ballabgarh, Faridabad, Haryana	Ballabgarh, Haryana, Faridabad, 21/7 Mathura Road Navlu Colony	h and h industries group	novimira co aka h and h industries group	h and h industries group	novimira co aka h and h industries group	h and h industries group	novimira co aka h and h industries group	india	india
S1-101238278	S3-910215893	S3	H&h Industries Group	Smt Solfluxonyx	21/7 Mathura Road Navlu Colony, Ballabgarh, Faridabad, Haryana	H.no 21/7 Mathura Road Navlu Colony, Faridabad, Ballabgarh, हरियाणा	h and h industries group	smt solfluxonyx	h and h industries group	smt solfluxonyx	h and h industries group	smt solfluxonyx	india	india
S1-101242050	S3-978583052	S3	Royal Foundation Private Limited	Royal Foundation Privaet Limited	Fl No 03 &01, Prasad Building, Sr No 211 /9, Vidya Vihar Colony, Malwadi, Hadapsar, Pune, Maharashtra		royal foundation private limited	royal foundation privaet limited	royal foundation	royal foundation privaet	royal foundation	royal foundation privaet	india	india
S1-101242250	S2-379914497	S2	Tri-State Montessori School	Tri-State Montessori School Society	1107 3rd Street, San Bernardino, CA	THIRD STREET, SAN BERNARDINO, CA	tri state montessori school	tri state montessori school society	tri state montessori school	tri state montessori school society	tri state montessori school	tri state montessori school society	us	us
S1-101242250	S2-529244529	S2	Tri-State Montessori School	Tri-State School Monmbsori	1107 3rd Street, San Bernardino, CA	1109 THIRD SAINT, SAN BERNARDINO, CA	tri state montessori school	tri state school monmbsori	tri state montessori school	tri state school monmbsori	tri state montessori school	tri state school monmbsori	us	us
S1-101247044	S2-190043404	S2	Clark, Lira & Vega	lclark.com	104 3rd Street, Unit C, Morehead City, NC	104 THID ST, MOREHEAD CITY, NC	clark lira and vega	lclark com	clark lira and vega	lclark com	clark lira and vega	lclark com	us	us
S1-10124869	S2-849796423	S2	North Advanced States	northadvancedstates.com	775 100, Unit 513, Salt Lake City, UT	SALT LAKE CITY, 775 100, UT	north advanced states	northadvancedstates com	north advanced states	northadvancedstates com	north advanced states	northadvancedstates com	us	us
S1-10124869	S3-372409436	S3	North Advanced States	northadvancedstates.com	775 100, Unit 513, Salt Lake City, UT	Utah, 775 100, Salt Lake City	north advanced states	northadvancedstates com	north advanced states	northadvancedstates com	north advanced states	northadvancedstates com	us	us
S1-101258838	S3-315666475	S3	Mythri Brothers Limited	Smt brosmythri.com	No.11, Flat-A, 2Nd Floor Dhanakodi Ammal Street, Kodambakkam, Chennai, Tamil Nadu	#11, Flat-a, 2Nd Floor Dhanakodi Ammal Street, Kodambakkam, Chennai, TN	mythri brothers limited	smt brosmythri com	mythri brothers	smt brosmythri com	mythri brothers	smt brosmythri com	india	india
S1-101278585	S2-47687027	S2	Heritage Alliance II	Heritage Heritage Alliance	3143 Wildcat Rd, Deep Gap, NC	WILDCAT RD, DEEP GAP, NC	heritage alliance ii	heritage heritage alliance	heritage alliance ii	heritage heritage alliance	heritage alliance ii	heritage heritage alliance	us	us
S1-101278585	S3-255163599	S3	Heritage Alliance II	Heritage Álliance (II)	3143 Wildcat Rd, Deep Gap, NC	Wildcat Rd, Deep Gap, North Carolina	heritage alliance ii	heritage álliance ii	heritage alliance ii	heritage álliance ii	heritage alliance ii	heritage álliance ii	us	us
S1-101281467	S2-806615556	S2	Shiv Media Pvt Ltd	शिव मीडिया प्रा. लि.	252 Sant Nagar Near East, New Delhi, South Delhi, Delhi	NO 252 SANT NAGAR NEAR EAST, DIVREPORTINGCIRCLE, NEW DELHI, Delhi	shiv media pvt ltd	शिव मीडिया प्रा लि	shiv media	शिव मीडिया प्रा लि	shiv media	शिव मीडिया प्रा लि	india	india
S1-101281467	S2-979218052	S2	Shiv Media Pvt Ltd	शिव मीडिया प्रा. लि.	252 Sant Nagar Near East, New Delhi, South Delhi, Delhi	252 SANT NAGAR NEAR EAST, SOUTH, SOUTH DELHI, Delhi	shiv media pvt ltd	शिव मीडिया प्रा लि	shiv media	शिव मीडिया प्रा लि	shiv media	शिव मीडिया प्रा लि	india	india
S1-101299229	S2-947199780	S2	Back Alley Pizza	BACK ALLEY PÍZZA	104 Beech Tree Drive, Brewster, MA	BREWSTER, 10 BEECH TREE DR, MA	back alley pizza	back alley pízza	back alley pizza	back alley pízza	back alley pizza	back alley pízza	us	us
S1-101301610	S3-42324309	S3	Hotel Finance Private Limited	होटल फाइनेंस प्राइवेट लिमिटेड	206B-69, T/F Room No. 301 Gali No 39 Nai Wala Karol Bagh, Near Mo, Han Ghee, Delhi, Central Delhi, Delhi	Door No 700 206B-69, Delhi, Central Delhi, DL	hotel finance private limited	होटल फाइनेंस प्राइवेट लिमिटेड	hotel finance	होटल फाइनेंस प्राइवेट लिमिटेड	hotel finance	होटल फाइनेंस प्राइवेट लिमिटेड	india	india
S1-101319489	S2-818878093	S2	DR Business Pvt Ltd	Dr Búsiness Pvt Ltd	Flat.No.111 Vayu Block, Myhome Nawadweepa Madhapur, Hyderabad, Telangana	FLAT.NO.111 VAYU BLOCK, MYHOME NAWADWEEPA MADHAPUR, HYDERABAD, Telangana	dr business pvt ltd	dr búsiness pvt ltd	dr business	dr búsiness	dr business	dr búsiness	india	india
S1-101320411	S2-711261342	S2	Creative Agro Private Limited	କ୍ରିଏଟିଭ୍ ଆଗ୍ରୋ ପ୍ରାଇଭେଟ୍ ଲିମିଟେଡ୍	Plot No. 2196, Bjb Nagar, Near Baragarh Hat, Bhubaneswar, Khordha, Orissa	DOOR NO 2196, CUTTACK, KHORDHA, ଓଡ଼ିଶା	creative agro private limited	କ୍ରିଏଟିଭ୍ ଆଗ୍ରୋ ପ୍ରାଇଭେଟ୍ ଲିମିଟେଡ୍	creative agro	କ୍ରିଏଟିଭ୍ ଆଗ୍ରୋ ପ୍ରାଇଭେଟ୍ ଲିମିଟେଡ୍	creative agro	କ୍ରିଏଟିଭ୍ ଆଗ୍ରୋ ପ୍ରାଇଭେଟ୍ ଲିମିଟେଡ୍	india	india
S1-101324479	S3-413998310	S3	Real Construction Private Limited	रियल कंस्ट्रक्शन प्राइवेट लिमिटेड	153 Durga Nagar Banganga Indore, Indore, Madhya Pradesh	A-153 Durga Nagar Banganga Indore, Indore, MP	real construction private limited	रियल कंस्ट्रक्शन प्राइवेट लिमिटेड	real construction	रियल कंस्ट्रक्शन प्राइवेट लिमिटेड	real construction	रियल कंस्ट्रक्शन प्राइवेट लिमिटेड	india	india
S1-101324479	S3-700747479	S3	Real Construction Private Limited	रियल कंस्ट्रक्शन प्राइवेट लिमिटेड	153 Durga Nagar Banganga Indore, Indore, Madhya Pradesh	#A-153 Durga Nagar Banganga Indore, Indore, MP	real construction private limited	रियल कंस्ट्रक्शन प्राइवेट लिमिटेड	real construction	रियल कंस्ट्रक्शन प्राइवेट लिमिटेड	real construction	रियल कंस्ट्रक्शन प्राइवेट लिमिटेड	india	india
S1-10132911	S2-605515309	S2	Real Solutions Private Limited	ரியல் சொல்யூஷன்ஸ் பிரைவேட் லிமிடெட்	No 5/125, Srivilliputhur, Virudhunagar, Tamil Nadu	H.NO 5/125, SRIVILLIPUTHUR, VIRUDHUNAGAR, தமிழ்நாடு	real solutions private limited	ரியல் சொல்யூஷன்ஸ் பிரைவேட் லிமிடெட்	real solutions	ரியல் சொல்யூஷன்ஸ் பிரைவேட் லிமிடெட்	real solutions	ரியல் சொல்யூஷன்ஸ் பிரைவேட் லிமிடெட்	india	india
S1-10132911	S3-556987191	S3	Real Solutions Private Limited	solutionsreal.com	No 5/125, Srivilliputhur, Virudhunagar, Tamil Nadu	H.no 5/125, Srivilliputhur, Virudhunagar, தமிழ்நாடு	real solutions private limited	solutionsreal com	real solutions	solutionsreal com	real solutions	solutionsreal com	india	india
S1-10133211	S2-462878379	S2	Apex Solutions Private Limited	एपेक्स सॉल्यूशंस प्राइवेट लिमिटेड	62-A, First Floor, Gali No.-3 East Laxmi Nagar Market, Delhi, East Delhi, Delhi	62-A, DELHI, EAST DELHI, Delhi	apex solutions private limited	एपेक्स सॉल्यूशंस प्राइवेट लिमिटेड	apex solutions	एपेक्स सॉल्यूशंस प्राइवेट लिमिटेड	apex solutions	एपेक्स सॉल्यूशंस प्राइवेट लिमिटेड	india	india
S1-10133211	S3-54847576	S3	Apex Solutions Private Limited	Apex Private Solutions Limited	62-A, First Floor, Gali No.-3 East Laxmi Nagar Market, Delhi, East Delhi, Delhi		apex solutions private limited	apex private solutions limited	apex solutions	apex private solutions	apex solutions	apex private solutions	india	india
S1-101346346	S3-849614773	S3	Oncology Rocky Clinic LLC	llc oncology rocky clinic	De Witt, AR, 822 Mcadams Road	Mcadams Road, De Witt, Arkansas	oncology rocky clinic llc	llc oncology rocky clinic	oncology rocky clinic	llc oncology rocky clinic	oncology rocky clinic	llc oncology rocky clinic	us	us
S1-101355077	S2-647588132	S2	Bright Developers Private Limited	ব্রাইট ডেভেলপারস প্রাইভেট লিমিটেড	23A Netaji Subhash Road 6Thfloor Room No 1, Kolkata, Calcutta, West Bengal	23A NETAJI SUBIASH ROAD 6THFLOOR ROOM NO 1, CALCUTTA, KOLKATA, West Bengal	bright developers private limited	ব্রাইট ডেভেলপারস প্রাইভেট লিমিটেড	bright developers	ব্রাইট ডেভেলপারস প্রাইভেট লিমিটেড	bright developers	ব্রাইট ডেভেলপারস প্রাইভেট লিমিটেড	india	india
S1-101355077	S3-245196501	S3	Bright Developers Private Limited	ব্রাইট ডেভেলপারস প্রাইভেট লিমিটেড	23A Netaji Subhash Road 6Thfloor Room No 1, Kolkata, Calcutta, West Bengal	Door No 23A Netaji Subhash Road 6Thfloor Room No 1, Kolkata, Calcutta, WB	bright developers private limited	ব্রাইট ডেভেলপারস প্রাইভেট লিমিটেড	bright developers	ব্রাইট ডেভেলপারস প্রাইভেট লিমিটেড	bright developers	ব্রাইট ডেভেলপারস প্রাইভেট লিমিটেড	india	india
S1-101355077	S3-612081564	S3	Bright Developers Private Limited	Brightdevelopers.Com	23A Netaji Subhash Road 6Thfloor Room No 1, Kolkata, Calcutta, West Bengal	Calcutta, WB, Kolkata, 23A Netaji Subhash Road 6Thfloor Room No 1	bright developers private limited	brightdevelopers com	bright developers	brightdevelopers com	bright developers	brightdevelopers com	india	india
S1-101355077	S3-652207910	S3	Bright Developers Private Limited	Private Bright Developers Limited	23A Netaji Subhash Road 6Thfloor Room No 1, Kolkata, Calcutta, West Bengal	No 23A Netaji Subhash Road 6Thfloor Room No 1, Kolkata, Calcutta, WB	bright developers private limited	private bright developers limited	bright developers	private bright developers	bright developers	private bright developers	india	india
S1-101362675	S3-99935711	S3	Liberty Alliance	Liberty-A1libanace	200 Broad Creek Loop Road, Newport, NC	Broad Creek Loop Rd, Newport, North Carolina	liberty alliance	liberty a1libanace	liberty alliance	liberty a1libanace	liberty alliance	liberty a1libanace	us	us
S1-10137553	S2-970600569	S2	Patterson Motors LLC	Patterson LLC Service	6499 Walden Pond Lane, Southport, NC	NC, WALDEN POND LN, SOUTHPORT	patterson motors llc	patterson llc service	patterson motors	patterson llc service	patterson motors	patterson llc service	us	us
S1-10137553	S3-615668777	S3	Patterson Motors LLC	Patterson LLC Service	6499 Walden Pond Lane, Southport, NC	Walden Pond Ln, Southport, North Carolina	patterson motors llc	patterson llc service	patterson motors	patterson llc service	patterson motors	patterson llc service	us	us
S1-101381688	S2-606677240	S2	Devin Brand	devinbrand.com	Gurgaon, Haryana, Sector 38, Bakhtawar Chowk Gurgaon, Plot No.243 P, Gurgaon Kty.	PLOT NO.243 P, SECTOR 38, BAKHTAWAR CHOWK GURGAON, GURGAON KTY., Haryana	devin brand	devinbrand com	devin brand	devinbrand com	devin brand	devinbrand com	india	india
S1-101385005	S3-618014914	S3	A Reliable Starlink PC	A Reliable Stárlink PC	Portland, 11336 Placido Court, OR	Placido Ct, Portland CDP, Oregon	a reliable starlink pc	a reliable stárlink pc	a reliable starlink	a reliable stárlink	a reliable starlink	a reliable stárlink	us	us
S1-101391668	S2-754428236	S2	Vision Clinic LLC	visionclinic.com	103 Madison Street, Fl 1, Talent, OR	103 MADISON STREET, TALENT, OR	vision clinic llc	visionclinic com	vision clinic	visionclinic com	vision clinic	visionclinic com	us	us
S1-101413205	S3-571367449	S3	V+ Office	V+ Ofbnfei	8448 Hunter Drive, Rancho Cucamonga, CA	448 Hunter Dr, Rancho Cucamonga, California	v office	v ofbnfei	v office	v ofbnfei	v office	v ofbnfei	us	us
S1-1014195	S2-280263398	S2	Atul Traders	ATUL TRÁDERS	N-7 N-Block Sector-12, Pratap Vihar, Roza Yakubpur, Ghaziabad, Uttar Pradesh	N-7 N-BLOCK SECTOR-12, PRATAP VIHAR, ROZA YAKUBPUR, उत्तर प्रदेश	atul traders	atul tráders	atul traders	atul tráders	atul traders	atul tráders	india	india
S1-1014195	S2-708819957	S2	Atul Traders	atultraders.com	N-7 N-Block Sector-12, Pratap Vihar, Roza Yakubpur, Ghaziabad, Uttar Pradesh	N-7 N-BLOCK SECTOR-12, PRATAP VHIAR, ROZA YAKUBPUR, उत्तर प्रदेश	atul traders	atultraders com	atul traders	atultraders com	atul traders	atultraders com	india	india
S1-1014195	S3-335159233	S3	Atul Traders	Atul Service	N-7 N-Block Sector-12, Pratap Vihar, Roza Yakubpur, Ghaziabad, Uttar Pradesh	N-7 N-block Sector-12, Roza Yakubpur, Ghaziabad, UP	atul traders	atul service	atul traders	atul service	atul traders	atul service	india	india
S1-1014195	S3-899050008	S3	Atul Traders	Atul Services	N-7 N-Block Sector-12, Pratap Vihar, Roza Yakubpur, Ghaziabad, Uttar Pradesh	N-7 N-block Sector-12, Ghaziabad, Roza Yakubpur, UP	atul traders	atul services	atul traders	atul services	atul traders	atul services	india	india
S1-101444031	S2-966968131	S2	Alessandra Siwek, CPA	ALESSANDRASIWEKCPA.COM	14 Koehler Avenue, Cincinnati, OH	14 KOEHLER AVENUE, CINCINNATI, OH	alessandra siwek cpa	alessandrasiwekcpa com	alessandra siwek cpa	alessandrasiwekcpa com	alessandra siwek cpa	alessandrasiwekcpa com	us	us
S1-10146526	S2-286465032	S2	Red Consulting	రెడ్ కన్సల్టింగ్	Hyderabad, Sy.No 11, Telangana, Shaikpet, We Work Krishe Emerald, Ground Floor, Kondapur Main Road, Laxmi Cyber City, White Fields, Serilingampally Mandal	SY.NO 11, WE WORK KRISHE EMERALD, GROUND FLOOR, KONDAPUR MAIN ROAD, LAXMI CYBER CITY, WHITE FIELDS, SERILINGAMPALLY MANDAL, HYDERABAD, SHAIKPET, Andhra Pradesh	red consulting	రెడ్ కన్సల్టింగ్	red consulting	రెడ్ కన్సల్టింగ్	red consulting	రెడ్ కన్సల్టింగ్	india	india
S1-10146526	S2-296046505	S2	Red Consulting	Dr -- Red Services	Hyderabad, Sy.No 11, Telangana, Shaikpet, We Work Krishe Emerald, Ground Floor, Kondapur Main Road, Laxmi Cyber City, White Fields, Serilingampally Mandal	SY.NO 11, SHAIKPET, HYDERABAD, Andhra Pradesh	red consulting	dr red services	red consulting	dr red services	red consulting	dr red services	india	india
S1-10146526	S3-187625946	S3	Red Consulting	Calogild Co d/b/a Red Consulting	Hyderabad, Sy.No 11, Telangana, Shaikpet, We Work Krishe Emerald, Ground Floor, Kondapur Main Road, Laxmi Cyber City, White Fields, Serilingampally Mandal	Sy.No 11, We Work Krishe Emerald, Ground Floor, Kondapur Main Road, Laxmi Cyber City, White Fields, Serilingampally Mandal, Shaikpet, Hyderabad, Telangana	red consulting	calogild co d b a red consulting	red consulting	calogild co d b a red consulting	red consulting	calogild co d b a red consulting	india	india
S1-10146526	S3-401626539	S3	Red Consulting	Red Consu1ting	Hyderabad, Sy.No 11, Telangana, Shaikpet, We Work Krishe Emerald, Ground Floor, Kondapur Main Road, Laxmi Cyber City, White Fields, Serilingampally Mandal	No. 845 Sy.no 11, Shaikpet, TG	red consulting	red consu1ting	red consulting	red consu1ting	red consulting	red consu1ting	india	india
S1-10146526	S3-577786115	S3	Red Consulting	రెడ్ కన్సల్టింగ్	Hyderabad, Sy.No 11, Telangana, Shaikpet, We Work Krishe Emerald, Ground Floor, Kondapur Main Road, Laxmi Cyber City, White Fields, Serilingampally Mandal	#845 Sy.no 11, Hyderabad, Shaikpet, TG	red consulting	రెడ్ కన్సల్టింగ్	red consulting	రెడ్ కన్సల్టింగ్	red consulting	రెడ్ కన్సల్టింగ్	india	india
S1-101468745	S3-31293939	S3	Choice Grand Globa Inc	Choice 6rand Globa Inc	240 Highway 370, Luttrell, TN		choice grand globa inc	choice 6rand globa inc	choice grand globa	choice 6rand globa	choice grand globa	choice 6rand globa	us	us
S1-101473550	S3-68962594	S3	Aromatic Estate Pvt Ltd	aromaticestate.com	Plot No 321 Sector No 18 Shivtej Nagar Chikhali, Pune, Maharashtra	Plot No 32 Sector No 18 Shivtej Nagar Chikhali, Pune, MH	aromatic estate pvt ltd	aromaticestate com	aromatic estate	aromaticestate com	aromatic estate	aromaticestate com	india	india
S1-101473550	S3-90017566	S3	Aromatic Estate Pvt Ltd	aromaticestate.com	Plot No 321 Sector No 18 Shivtej Nagar Chikhali, Pune, Maharashtra	#32 Sector No 18 Shivtej Nagar Chikhali, Pune, महाराष्ट्र	aromatic estate pvt ltd	aromaticestate com	aromatic estate	aromaticestate com	aromatic estate	aromaticestate com	india	india
S1-101480089	S2-124134110	S2	Gandhinagar Solutions Pvt Ltd	Pvt Gandhinagar Solutions Ltd.	G-2, Shalin Centrum, Sector 11, Gandhinagar, Gandhinagar, Gandhi Nagar, Gujarat	G-2, GANDHINAGAR, GANDHI NAGAR, Gujarat	gandhinagar solutions pvt ltd	pvt gandhinagar solutions ltd	gandhinagar solutions	pvt gandhinagar solutions	gandhinagar solutions	pvt gandhinagar solutions	india	india
S1-101480089	S2-28747726	S2	Gandhinagar Solutions Pvt Ltd	Gandhinagar Slnuions Pvt Ltd	G-2, Shalin Centrum, Sector 11, Gandhinagar, Gandhinagar, Gandhi Nagar, Gujarat	G-2, SHALIN CENTRUM, SECTOR 11, GANDHINAGAR, GANDHINAGAR, ગુજરાત	gandhinagar solutions pvt ltd	gandhinagar slnuions pvt ltd	gandhinagar solutions	gandhinagar slnuions	gandhinagar solutions	gandhinagar slnuions	india	india
S1-101480089	S2-487506057	S2	Gandhinagar Solutions Pvt Ltd	Gandhinagar Soeltbions Pvt Ltd	G-2, Shalin Centrum, Sector 11, Gandhinagar, Gandhinagar, Gandhi Nagar, Gujarat	G-2, SHALIN CENTRUM, SECTOR 11, GANDHINAGAR, GANDHINAGAR, Gujarat	gandhinagar solutions pvt ltd	gandhinagar soeltbions pvt ltd	gandhinagar solutions	gandhinagar soeltbions	gandhinagar solutions	gandhinagar soeltbions	india	india
S1-101480089	S3-197672426	S3	Gandhinagar Solutions Pvt Ltd	Gandhinagar Soltciosn Pvt Ltd	G-2, Shalin Centrum, Sector 11, Gandhinagar, Gandhinagar, Gandhi Nagar, Gujarat	G-2, Shalin Centrum, Sector 11, Gandhinagar, Gandhinagar, Gandhi Nagar, ગુજરાત	gandhinagar solutions pvt ltd	gandhinagar soltciosn pvt ltd	gandhinagar solutions	gandhinagar soltciosn	gandhinagar solutions	gandhinagar soltciosn	india	india
S1-101481281	S2-542008416	S2	Vijay Foundation Limited	विजय फाउंडेशन लिमिटेड	C/O Rajendra Kumar Jagdamba Coloy Main Road Ward No 15, Dabra, Gwalior, Madhya Pradesh	C/O RAJENDRA KUMAR JAGDAMBA COLOY MAIN ROAD WARD NO A-15, DABRA, GWALIOR, मध्य प्रदेश	vijay foundation limited	विजय फाउंडेशन लिमिटेड	vijay foundation	विजय फाउंडेशन लिमिटेड	vijay foundation	विजय फाउंडेशन लिमिटेड	india	india
S1-101481281	S2-811559048	S2	Vijay Foundation Limited	vijayfoundation.com	C/O Rajendra Kumar Jagdamba Coloy Main Road Ward No 15, Dabra, Gwalior, Madhya Pradesh	C/O RAJENDRA KUMAR JAGDAMBA COLOY MAIN ROAD WARD NO ##15, GWALIOR, Madhya Pradesh	vijay foundation limited	vijayfoundation com	vijay foundation	vijayfoundation com	vijay foundation	vijayfoundation com	india	india
S1-101481281	S3-408917013	S3	Vijay Foundation Limited	Mr Vijay  Foundation [Limited]	C/O Rajendra Kumar Jagdamba Coloy Main Road Ward No 15, Dabra, Gwalior, Madhya Pradesh	C/o Rajendra Kumar Jagdamba Coloy Main Road Ward No ##15, Gwalior, MP	vijay foundation limited	mr vijay foundation limited	vijay foundation	mr vijay foundation	vijay foundation	mr vijay foundation	india	india
S1-101481281	S3-862602896	S3	Vijay Foundation Limited	विजय फाउंडेशन लिमिटेड	C/O Rajendra Kumar Jagdamba Coloy Main Road Ward No 15, Dabra, Gwalior, Madhya Pradesh	C/o Rajendra Kumar Jagdamba Coloy Main Road Ward No 15, Gwalior, Dabra, मध्य प्रदेश	vijay foundation limited	विजय फाउंडेशन लिमिटेड	vijay foundation	विजय फाउंडेशन लिमिटेड	vijay foundation	विजय फाउंडेशन लिमिटेड	india	india
S1-101491543	S2-14244278	S2	Pioneer It Limited	पायोनियर आईटी लिमिटेड	H-34, G.F. Kailash Colony, New Delhi, South Delhi, Delhi	DOOR NO 624- H-34, NEW DELHI, SOUTH DELHI, Delhi	pioneer it limited	पायोनियर आईटी लिमिटेड	pioneer it	पायोनियर आईटी लिमिटेड	pioneer it	पायोनियर आईटी लिमिटेड	india	india
S1-101491543	S2-46332590	S2	Pioneer It Limited	पायोनियर आईटी लिमिटेड	H-34, G.F. Kailash Colony, New Delhi, South Delhi, Delhi	H-34, NEW DELHI, Delhi	pioneer it limited	पायोनियर आईटी लिमिटेड	pioneer it	पायोनियर आईटी लिमिटेड	pioneer it	पायोनियर आईटी लिमिटेड	india	india
S1-101491543	S3-16467580	S3	Pioneer It Limited	पायोनियर आईटी लिमिटेड	H-34, G.F. Kailash Colony, New Delhi, South Delhi, Delhi	H-34, New Delhi, South Delhi, दिल्ली	pioneer it limited	पायोनियर आईटी लिमिटेड	pioneer it	पायोनियर आईटी लिमिटेड	pioneer it	पायोनियर आईटी लिमिटेड	india	india
S1-101491543	S3-676369824	S3	Pioneer It Limited	PI	H-34, G.F. Kailash Colony, New Delhi, South Delhi, Delhi	H-34, G.F. Kailash Colony, New Delhi, South Delhi, Delhi	pioneer it limited	pi	pioneer it	pi	pioneer it	pi	india	india
S1-101526168	S2-423833326	S2	Behavioral Health Harbor Clinic LLC	Behavioral Health Harbor	5403 Scotts Valley Drive, Scotts Valley, CA	540 SCOTTS VALLEY DRIVE, SCOTTS VALLEY, CA	behavioral health harbor clinic llc	behavioral health harbor	behavioral health harbor clinic	behavioral health harbor	behavioral health harbor clinic	behavioral health harbor	us	us
S1-101526419	S2-301673670	S2	Dental Care Associates	Dental  Care	1314 Young Avenue, Temple, TX	001314 YOUNG AVENUE, TEMPLE, TX	dental care associates	dental care	dental care associates	dental care	dental care associates	dental care	us	us
S1-101526419	S2-693599933	S2	Dental Care Associates	Dental  Care	1314 Young Avenue, Temple, TX	001314 YOUNG AVENUE, TEMPLE, TX	dental care associates	dental care	dental care associates	dental care	dental care associates	dental care	us	us
S1-101526419	S2-831174999	S2	Dental Care Associates	DENTAL CARE ASSOCIATES COUNCIL	1314 Young Avenue, Temple, TX	001314 YOUNG AVE, TEMPLE, TX	dental care associates	dental care associates council	dental care associates	dental care associates council	dental care associates	dental care associates council	us	us
S1-101526419	S3-660407655	S3	Dental Care Associates	Dental Care Ass0ciates LP	1314 Young Avenue, Temple, TX		dental care associates	dental care ass0ciates lp	dental care associates	dental care ass0ciates	dental care associates	dental care ass0ciates	us	us
S1-101545135	S2-420467925	S2	Platinum Semiconductor, LLC	platinumsemiconductor.com	902 Arkansas Street, South Houston, TX	902 ARKANSAS ST, SOUTH HOUSTON, TX	platinum semiconductor llc	platinumsemiconductor com	platinum semiconductor	platinumsemiconductor com	platinum semiconductor	platinumsemiconductor com	us	us
S1-101545135	S3-341470693	S3	Platinum Semiconductor, LLC	P1atinum Semiconductor, L.L.C.	902 Arkansas Street, South Houston, TX	0902 Arkansas St, South Houston, Texas	platinum semiconductor llc	p1atinum semiconductor llc	platinum semiconductor	p1atinum semiconductor	platinum semiconductor	p1atinum semiconductor	us	us
S1-101564221	S2-591695218	S2	New Southern Impex Private Limited	न्यू सदर्न इम्पेक्स प्राइवेट लिमिटेड	Maharashtra, 173A Central Avenue Chembur, Saurayuth, Mumbai	SAURAYUTH, MUMBAI (NORTH), MUMBAI, Maharashtra	new southern impex private limited	न्यू सदर्न इम्पेक्स प्राइवेट लिमिटेड	new southern impex	न्यू सदर्न इम्पेक्स प्राइवेट लिमिटेड	new southern impex	न्यू सदर्न इम्पेक्स प्राइवेट लिमिटेड	india	india
S1-101564221	S3-828215813	S3	New Southern Impex Private Limited	nsimpex.com	Maharashtra, 173A Central Avenue Chembur, Saurayuth, Mumbai	Sauranuth, Mumbai, 173A Central Avenue Chembur, MH	new southern impex private limited	nsimpex com	new southern impex	nsimpex com	new southern impex	nsimpex com	india	india
S1-101575580	S2-128606208	S2	Alpha Enterprises Pvt Ltd	ಆಲ್ಫಾ ಎಂಟರ್‌ಪ್ರೈಸಸ್ ಪ್ರೈವೇಟ್ ಲಿಮಿಟೆಡ್	Site No 5Bc, 302, Hrbr Layout, 3Rd Block, Ring Road, Bangalore, Karnataka	SITE NO 5BC, 302, HRBR LAYOUT, 3RD BLOCK, RING ROAD, BANGALORE, Karnataka	alpha enterprises pvt ltd	ಆಲ್ಫಾ ಎಂಟರ್‌ಪ್ರೈಸಸ್ ಪ್ರೈವೇಟ್ ಲಿಮಿಟೆಡ್	alpha enterprises	ಆಲ್ಫಾ ಎಂಟರ್‌ಪ್ರೈಸಸ್ ಪ್ರೈವೇಟ್ ಲಿಮಿಟೆಡ್	alpha enterprises	ಆಲ್ಫಾ ಎಂಟರ್‌ಪ್ರೈಸಸ್ ಪ್ರೈವೇಟ್ ಲಿಮಿಟೆಡ್	india	india
S1-101575580	S3-601248717	S3	Alpha Enterprises Pvt Ltd	alphaenterprisescom	Site No 5Bc, 302, Hrbr Layout, 3Rd Block, Ring Road, Bangalore, Karnataka	Door No B3/491 Site No 5Bc, Bangalore, ಕರ್ನಾಟಕ	alpha enterprises pvt ltd	alphaenterprisescom	alpha enterprises	alphaenterprisescom	alpha enterprises	alphaenterprisescom	india	india
S1-101575931	S2-272938481	S2	Hotel Software Private Limited	হোটেল সফটওয়্যার প্রাইভেট লিমিটেড	West Bengal, 66/1 B Baithakkhana Rd, Calcutta, Kolkata	66/1 B BAITHAKKHANA RD, CALCUTTA, KOLKATA, পশ্চিমবঙ্গ	hotel software private limited	হোটেল সফটওয়্যার প্রাইভেট লিমিটেড	hotel software	হোটেল সফটওয়্যার প্রাইভেট লিমিটেড	hotel software	হোটেল সফটওয়্যার প্রাইভেট লিমিটেড	india	india
S1-101575931	S2-660008820	S2	Hotel Software Private Limited	হোটেল সফটওয়্যার প্রাইভেট লিমিটেড	West Bengal, 66/1 B Baithakkhana Rd, Calcutta, Kolkata	NO 66/1 B BAITHAKKHANA RD, KOLKATA, CALCUTTA, West Bengal	hotel software private limited	হোটেল সফটওয়্যার প্রাইভেট লিমিটেড	hotel software	হোটেল সফটওয়্যার প্রাইভেট লিমিটেড	hotel software	হোটেল সফটওয়্যার প্রাইভেট লিমিটেড	india	india
S1-101575931	S3-63410247	S3	Hotel Software Private Limited	হোটেল সফটওয়্যার প্রাইভেট লিমিটেড	West Bengal, 66/1 B Baithakkhana Rd, Calcutta, Kolkata	পশ্চিমবঙ্গ, Calcutta, 66/1 B Baithakkhana Rd, Kolkata	hotel software private limited	হোটেল সফটওয়্যার প্রাইভেট লিমিটেড	hotel software	হোটেল সফটওয়্যার প্রাইভেট লিমিটেড	hotel software	হোটেল সফটওয়্যার প্রাইভেট লিমিটেড	india	india
S1-10158439	S2-199306935	S2	M & A Banking LLC	M + A (BANKING)	100 Woodchester Drive, Newton, MA	WOODCHESTER DR, CHESTNUT HILL, MA	m and a banking llc	m a banking	m and a banking	m a banking	m and a banking	m a banking	us	us
S1-10158439	S2-357517503	S2	M & A Banking LLC	M + A A	100 Woodchester Drive, Newton, MA	100 WOODCHESTER DR, CHESTNUT HILL, MA	m and a banking llc	m a a	m and a banking	m a a	m and a banking	m a a	us	us
S1-101586744	S2-906862357	S2	Surya Finance Private Limited	सूर्या फाइनेंस प्राइवेट लिमिटेड	27, (Ground Floor), Cinewonder Mall, Kapurbawdi, Ghodbunder Road, Thane (West, ), Mumbai, Maharashtra	27/7, (GROUND FLOOR), CINEWONDER MALL, KAPURBAWDI, GHODBUNDER ROAD, THANE (WEST, ), MUMBAI, Maharashtra	surya finance private limited	सूर्या फाइनेंस प्राइवेट लिमिटेड	surya finance	सूर्या फाइनेंस प्राइवेट लिमिटेड	surya finance	सूर्या फाइनेंस प्राइवेट लिमिटेड	india	india
S1-101586744	S3-177865182	S3	Surya Finance Private Limited	सूर्या फाइनेंस प्राइवेट लिमिटेड	27, (Ground Floor), Cinewonder Mall, Kapurbawdi, Ghodbunder Road, Thane (West, ), Mumbai, Maharashtra	Door No 634 27, (Ground Floor), Cinewonder Mall, Kapurbawdi, Ghodbunder Road, Thane (West, ), Mumbai, MH	surya finance private limited	सूर्या फाइनेंस प्राइवेट लिमिटेड	surya finance	सूर्या फाइनेंस प्राइवेट लिमिटेड	surya finance	सूर्या फाइनेंस प्राइवेट लिमिटेड	india	india
S1-101602317	S3-946367084	S3	Frontier Safeguard Inc	Frontier Inc Safeguard	36910 Sunset Lane, Parker, AZ		frontier safeguard inc	frontier inc safeguard	frontier safeguard	frontier inc safeguard	frontier safeguard	frontier inc safeguard	us	us
S1-101616495	S2-252034492	S2	Shiv Laser Private Limited	LIMITED SHIV PRIVATE CENTER	Vadakkumparambil H Trine Apartment C5/3 Kollamkudimugal Thrikkakara N Vanachira, Ernakulam, Kerala	VADAKKUMPARAMBIL H TRINE APARTMENT C5/ KOLLAMKUDIMUGAL THRIKKAKARA N VANACHIRA, ERNAKULAM, Keralam	shiv laser private limited	limited shiv private center	shiv laser	limited shiv private center	shiv laser	limited shiv private center	india	india
S1-101637117	S2-252398095	S2	Square Media	squaremedia.com	D-83, Gali No-14, New, Jankipuri, Uttam Nagar, New Delhi, West Delhi, Delhi	DOOR NO 947 D-83, GALI NO-14, NEW, JANKIPURI, UTTAM NAGAR, NEW DELHI, Delhi	square media	squaremedia com	square media	squaremedia com	square media	squaremedia com	india	india
S1-101637117	S3-98014921	S3	Square Media	Squaremedia.Com	D-83, Gali No-14, New, Jankipuri, Uttam Nagar, New Delhi, West Delhi, Delhi	D-83, दिल्ली, West Delhi, Gali No-14, New, Jankipuri, Uttam Nagar, New Delhi	square media	squaremedia com	square media	squaremedia com	square media	squaremedia com	india	india
S1-101638180	S2-290182435	S2	Technologies Indu Services LLP	Technologies Iendu Services LLP	Palaparamba P Onirmalagiri, Kannur, Kerala	PALAPARAMBA P ONIRMALAGIRI, KANNUR, Kerala	technologies indu services llp	technologies iendu services llp	technologies indu services	technologies iendu services	technologies indu services	technologies iendu services	india	india
S1-101638180	S3-567633203	S3	Technologies Indu Services LLP	Technologies Infdut Services [LLP]	Palaparamba P Onirmalagiri, Kannur, Kerala	Kannur, Keralam, Door No 427 Palaparamba P Onirmalagiri	technologies indu services llp	technologies infdut services llp	technologies indu services	technologies infdut services	technologies indu services	technologies infdut services	india	india
S1-101639358	S3-353225954	S3	Hitech Industries Group Private Limited	HIG	No.37, 16Th Cross, 6Th Main N N Farm Sanjaynagar, Bengaluru, Bangalore, Karnataka	Bengaluru, 16Th Cross, 6Th Main N N Farm Sanjaynagar, No.37, Karnataka, Bangalore	hitech industries group private limited	hig	hitech industries group	hig	hitech industries group	hig	india	india
S1-101639630	S2-188402810	S2	Gold Investment Private Limited	Gold Investment Prívate Limited	Hno. 4, Gopi Nath Bazar, Delhi Cantt, South West Delhi, Delhi	HNO. 4  , GOPI NATH BAZAR, DELHI CANTT, SOUTH WEST DELHI, Delhi	gold investment private limited	gold investment prívate limited	gold investment	gold investment prívate	gold investment	gold investment prívate	india	india
S1-101639630	S2-373386738	S2	Gold Investment Private Limited	गोल्ड इन्वेस्टमेंट प्राइवेट लिमिटेड	Hno. 4, Gopi Nath Bazar, Delhi Cantt, South West Delhi, Delhi	HNO. 4, GOPI NATH BAZAR, DELHI CANTT, SOUTH WEST DELHI, Delhi	gold investment private limited	गोल्ड इन्वेस्टमेंट प्राइवेट लिमिटेड	gold investment	गोल्ड इन्वेस्टमेंट प्राइवेट लिमिटेड	gold investment	गोल्ड इन्वेस्टमेंट प्राइवेट लिमिटेड	india	india
S1-101639630	S3-822296995	S3	Gold Investment Private Limited	गोल्ड इन्वेस्टमेंट प्राइवेट लिमिटेड	Hno. 4, Gopi Nath Bazar, Delhi Cantt, South West Delhi, Delhi	No 4, South West Delhi, DL	gold investment private limited	गोल्ड इन्वेस्टमेंट प्राइवेट लिमिटेड	gold investment	गोल्ड इन्वेस्टमेंट प्राइवेट लिमिटेड	gold investment	गोल्ड इन्वेस्टमेंट प्राइवेट लिमिटेड	india	india
S1-101664159	S3-731133328	S3	Shiv Technologies Pvt Ltd	ಶಿವ್ ಟೆಕ್ನಾಲಜೀಸ್ ಪ್ರೈವೇಟ್ ಲಿಮಿಟೆಡ್	No.398, 3Rd Main Kirloskar Layout, Hesaraghatta Road, Bangalore, Karnataka	#398., Bangalore, Bengaluru, ಕರ್ನಾಟಕ	shiv technologies pvt ltd	ಶಿವ್ ಟೆಕ್ನಾಲಜೀಸ್ ಪ್ರೈವೇಟ್ ಲಿಮಿಟೆಡ್	shiv technologies	ಶಿವ್ ಟೆಕ್ನಾಲಜೀಸ್ ಪ್ರೈವೇಟ್ ಲಿಮಿಟೆಡ್	shiv technologies	ಶಿವ್ ಟೆಕ್ನಾಲಜೀಸ್ ಪ್ರೈವೇಟ್ ಲಿಮಿಟೆಡ್	india	india
S1-101715485	S2-349331935	S2	Ahmedabad Instruments Private Limited	Ahmedabad Insturmentts  Private Limited	City Mill Compound Kankariaroad, Ahmedabad, Gujarat	CITY MILL COMPOUND KANKARIAROAD, AHMEDABAD, ગુજરાત	ahmedabad instruments private limited	ahmedabad insturmentts private limited	ahmedabad instruments	ahmedabad insturmentts	ahmedabad instruments	ahmedabad insturmentts	india	india
S1-101715485	S3-352735049	S3	Ahmedabad Instruments Private Limited	Ahmedabad  lnstruments Private Limited	City Mill Compound Kankariaroad, Ahmedabad, Gujarat	City Mill Compound Kankariaroad, Ahmedabad, GJ	ahmedabad instruments private limited	ahmedabad lnstruments private limited	ahmedabad instruments	ahmedabad lnstruments	ahmedabad instruments	ahmedabad lnstruments	india	india
S1-101717263	S2-232242094	S2	Innovative Investments Private Limited	ഇന്നൊവേറ്റീവ് ഇൻവെസ്റ്റ്മെന്റ്സ് പ്രൈവറ്റ് ലിമിറ്റഡ്	Building No 16, 265/A, Crescent Hall Vellur, Ernad, Malappuram, Malapuram, Kerala	BUILDING NO ##16, 265/A, CRESCENT HALL VELLUR, ERNAD, MALAPPURAM, MALAPURAM, Kerala	innovative investments private limited	ഇന്നൊവേറ്റീവ് ഇൻവെസ്റ്റ്മെന്റ്സ് പ്രൈവറ്റ് ലിമിറ്റഡ്	innovative investments	ഇന്നൊവേറ്റീവ് ഇൻവെസ്റ്റ്മെന്റ്സ് പ്രൈവറ്റ് ലിമിറ്റഡ്	innovative investments	ഇന്നൊവേറ്റീവ് ഇൻവെസ്റ്റ്മെന്റ്സ് പ്രൈവറ്റ് ലിമിറ്റഡ്	india	india
S1-101717263	S2-98184785	S2	Innovative Investments Private Limited	ഇന്നൊവേറ്റീവ് ഇൻവെസ്റ്റ്മെന്റ്സ് പ്രൈവറ്റ് ലിമിറ്റഡ്	Building No 16, 265/A, Crescent Hall Vellur, Ernad, Malappuram, Malapuram, Kerala	BUILDING NO ##16, കേരളം, MALAPPURAM, MALAPURAM, 265/A, CRESCENT HALL VELLUR, ERNAD	innovative investments private limited	ഇന്നൊവേറ്റീവ് ഇൻവെസ്റ്റ്മെന്റ്സ് പ്രൈവറ്റ് ലിമിറ്റഡ്	innovative investments	ഇന്നൊവേറ്റീവ് ഇൻവെസ്റ്റ്മെന്റ്സ് പ്രൈവറ്റ് ലിമിറ്റഡ്	innovative investments	ഇന്നൊവേറ്റീവ് ഇൻവെസ്റ്റ്മെന്റ്സ് പ്രൈവറ്റ് ലിമിറ്റഡ്	india	india
S1-101717263	S3-428586388	S3	Innovative Investments Private Limited	ഇന്നൊവേറ്റീവ് ഇൻവെസ്റ്റ്മെന്റ്സ് പ്രൈവറ്റ് ലിമിറ്റഡ്	Building No 16, 265/A, Crescent Hall Vellur, Ernad, Malappuram, Malapuram, Kerala	Building No 16, Malappuram, Malapuram, കേരളം	innovative investments private limited	ഇന്നൊവേറ്റീവ് ഇൻവെസ്റ്റ്മെന്റ്സ് പ്രൈവറ്റ് ലിമിറ്റഡ്	innovative investments	ഇന്നൊവേറ്റീവ് ഇൻവെസ്റ്റ്മെന്റ്സ് പ്രൈവറ്റ് ലിമിറ്റഡ്	innovative investments	ഇന്നൊവേറ്റീവ് ഇൻവെസ്റ്റ്മെന്റ്സ് പ്രൈവറ്റ് ലിമിറ്റഡ്	india	india
S1-101720417	S2-527997743	S2	Surya It LLP	सूर्या आईटी एलएलपी	Sadullahpur Satan, Hajipur, C/O Milan Singh, Vaishali, Bihar	HAJIPUR, SADULLAHPUR SATAN, C/O MILAN SINGH, Bihar, VAISHALI	surya it llp	सूर्या आईटी एलएलपी	surya it	सूर्या आईटी एलएलपी	surya it	सूर्या आईटी एलएलपी	india	india
S1-101720417	S2-70799487	S2	Surya It LLP	Susaya It LLP	Sadullahpur Satan, Hajipur, C/O Milan Singh, Vaishali, Bihar	C/O MILAN SINGH, SADULLAHPUR SATAN, HAJIPUR, VAISHALI, Bihar	surya it llp	susaya it llp	surya it	susaya it	surya it	susaya it	india	india
S1-101721400	S3-179107561	S3	Sr Memorial Trust	M/s Sr  Memorial Trust	S/O: Jayantibhai Mulchandbhai Patel At: Vasai, Ta: Vijapur, Village: Vasai, Taluka: Vijapur, Mahesana, Gujarat	S/o: Jayantibhai Mulchandbhai Patel At: Vasai, Ta: Vijapur, Village: Vasai, Taluka: Vijapur, Mahesana, GJ	sr memorial trust	m s sr memorial trust	sr memorial trust	m s sr memorial trust	sr memorial trust	m s sr memorial trust	india	india
S1-101721400	S3-637377998	S3	Sr Memorial Trust	M/s Sr Memorial Trust Limited	S/O: Jayantibhai Mulchandbhai Patel At: Vasai, Ta: Vijapur, Village: Vasai, Taluka: Vijapur, Mahesana, Gujarat	S/o: Jayantibhai Mulchandbhai Patel At: Vasai, Ta: Vijapur, Village: Vasai, Taluka: Vijapur, Mahesana, GJ	sr memorial trust	m s sr memorial trust limited	sr memorial trust	m s sr memorial trust	sr memorial trust	m s sr memorial trust	india	india
S1-101739711	S2-271251945	S2	High Infra Private Limited	ഹൈ ഇൻഫ്ര Private Limited	C/O Suresh Kumar V K, Surya(H), Near Baby'S, Thrissur, Kerala	C/O SURESH KUMAR V K, THRISSUR, Keralam	high infra private limited	ഹൈ ഇൻഫ്ര private limited	high infra	ഹൈ ഇൻഫ്ര	high infra	ഹൈ ഇൻഫ്ര	india	india
S1-101739711	S2-892981788	S2	High Infra Private Limited	ഹൈ ഇൻഫ്ര പ്രൈവറ്റ് ലിമിറ്റഡ്	C/O Suresh Kumar V K, Surya(H), Near Baby'S, Thrissur, Kerala	C/O SURESH KUMAR V K, SURYA(H), NEAR BABY'S, THRISSUR, Keralam	high infra private limited	ഹൈ ഇൻഫ്ര പ്രൈവറ്റ് ലിമിറ്റഡ്	high infra	ഹൈ ഇൻഫ്ര പ്രൈവറ്റ് ലിമിറ്റഡ്	high infra	ഹൈ ഇൻഫ്ര പ്രൈവറ്റ് ലിമിറ്റഡ്	india	india
S1-101739711	S3-566519918	S3	High Infra Private Limited	ഹൈ ഇൻഫ്ര പ്രൈവറ്റ് ലിമിറ്റഡ്	C/O Suresh Kumar V K, Surya(H), Near Baby'S, Thrissur, Kerala	C/o Suresh Kumar V K, Surya(h), Near Baby's, Thrissur, KL	high infra private limited	ഹൈ ഇൻഫ്ര പ്രൈവറ്റ് ലിമിറ്റഡ്	high infra	ഹൈ ഇൻഫ്ര പ്രൈവറ്റ് ലിമിറ്റഡ്	high infra	ഹൈ ഇൻഫ്ര പ്രൈവറ്റ് ലിമിറ്റഡ്	india	india
S1-101739711	S3-591458747	S3	High Infra Private Limited	High Private Limited Center	C/O Suresh Kumar V K, Surya(H), Near Baby'S, Thrissur, Kerala	C/o Suresh Kumar V K, Surya(h), Near Baby's, Thrissur, KL	high infra private limited	high private limited center	high infra	high private limited center	high infra	high private limited center	india	india
S1-101753296	S2-930164846	S2	Senate Maternity Private Limited	SÉNATEMATERNITY.COM	No. 76, Mn Form, Geddalahlli, Sanjayanagar, Bangalore, Karnataka	76 , MN FORM, GEDDALAHLLI, SANJAYANAGAR, BANGALORE, Karnataka	senate maternity private limited	sénatematernity com	senate maternity	sénatematernity com	senate maternity	sénatematernity com	india	india
S1-101753296	S3-144263078	S3	Senate Maternity Private Limited	senatematernity.com	No. 76, Mn Form, Geddalahlli, Sanjayanagar, Bangalore, Karnataka	76, Mn Form, Geddalahlli, Sanjayanagar, Bangalore, KA	senate maternity private limited	senatematernity com	senate maternity	senatematernity com	senate maternity	senatematernity com	india	india
S1-101775878	S2-361395058	S2	New Delhi Resorts Private Limited	New Delhi Resorts Prvote-Limited	65-D T/F A Pkt Budhela Extn, New Delhi, Delhi		new delhi resorts private limited	new delhi resorts prvote limited	new delhi resorts	new delhi resorts prvote	new delhi resorts	new delhi resorts prvote	india	india
S1-101785140	S2-90386985	S2	Tramoix Ventures LLC	tramoixventures.com	KS, 109 2nd Street, Ellinwood	2ND STREET, ELINWOOD, KS	tramoix ventures llc	tramoixventures com	tramoix ventures	tramoixventures com	tramoix ventures	tramoixventures com	us	us
S1-101789815	S2-213354386	S2	Knapp and Fu Inc	Kn and Fu Inc	CT, 6 Knoll Street, Norwalk	NORWALK, CT, #6 KNOLL ST	knapp and fu inc	kn and fu inc	knapp and fu	kn and fu	knapp and fu	kn and fu	us	us
S1-101789815	S2-622326201	S2	Knapp and Fu Inc	Gildcalowex	CT, 6 Knoll Street, Norwalk	#6 KNOLL STREET, NORWALK, CT	knapp and fu inc	gildcalowex	knapp and fu	gildcalowex	knapp and fu	gildcalowex	us	us
S1-101789815	S3-680032202	S3	Knapp and Fu Inc	Knappfu.Com	CT, 6 Knoll Street, Norwalk	6 Knoll St, Norwalk, Connecticut	knapp and fu inc	knappfu com	knapp and fu	knappfu com	knapp and fu	knappfu com	us	us
S1-101789815	S3-991737412	S3	Knapp and Fu Inc	knappfu.com	CT, 6 Knoll Street, Norwalk	6 Knoll Street, Norwalk, Connecticut	knapp and fu inc	knappfu com	knapp and fu	knappfu com	knapp and fu	knappfu com	us	us
S1-101803105	S2-328596591	S2	Vevue Center	vcenter.com	3221 Meadowlake Drive, Toledo, OH	03221 MEADOWLAKE DR, SYLVANIA TWP, OH	vevue center	vcenter com	vevue center	vcenter com	vevue center	vcenter com	us	us
S1-101803105	S3-757563117	S3	Vevue Center	Vevuecenter.Com	3221 Meadowlake Drive, Toledo, OH	003221 Meadowlake Drive, Toledo, Ohio	vevue center	vevuecenter com	vevue center	vevuecenter com	vevue center	vevuecenter com	us	us
S1-101819069	S2-939301893	S2	Main Street Barbershop of Islip	MAINSTREETBARBERSHOP.COM	1001 Crooked Hill Road, Bldg Building C1534, Islip, NY	1001 CROOKED HILL ROAD, NY, BRENTWOOD	main street barbershop of islip	mainstreetbarbershop com	main street barbershop of islip	mainstreetbarbershop com	main street barbershop of islip	mainstreetbarbershop com	us	us
S1-101828500	S3-534009284	S3	Consolidated Consumer Dynamics	consumerdynamicsconsolidated.com	41 Genevieve Avenue, Triadelphia, WV	41 Genevieve Avenue, Triadelphia, West Virginia	consolidated consumer dynamics	consumerdynamicsconsolidated com	consolidated consumer dynamics	consumerdynamicsconsolidated com	consolidated consumer dynamics	consumerdynamicsconsolidated com	us	us
S1-101828500	S3-953436139	S3	Consolidated Consumer Dynamics	Consolidated (Consumer)	41 Genevieve Avenue, Triadelphia, WV	Triadelphia, Genevieve Ave, West Virginia	consolidated consumer dynamics	consolidated consumer	consolidated consumer dynamics	consolidated consumer	consolidated consumer dynamics	consolidated consumer	us	us
S1-101845098	S2-45259948	S2	Jalan Educational Society	Ja1an Educational Society	Site No.12, (Old Hasb Kathano. 345/A-4) Ward No-30, Page No. 135, Volume2, Yemal, Ur Village, Bangalore, Karnataka	SITE NO.12, BANGALORE, Karnataka	jalan educational society	ja1an educational society	jalan educational society	ja1an educational society	jalan educational society	ja1an educational society	india	india
S1-101882737	S2-469203403	S2	Brothers (India) Infrastructure Private Limited	Mr Brothers Private Infrastructure (India)  Limited	Sringarapuram Mandoor Post, Bangalore, Karnataka	DOOR NO #751 SRINGARAPURAM MANDOOR POST, BANGALORE, Karnataka	brothers india infrastructure private limited	mr brothers private infrastructure india limited	brothers india infrastructure	mr brothers private infrastructure india	brothers india infrastructure	mr brothers private infrastructure india	india	india
S1-101882737	S3-32598159	S3	Brothers (India) Infrastructure Private Limited	Private Brothers (India) Infrastructure Ltd	Sringarapuram Mandoor Post, Bangalore, Karnataka	Sringarapuram Mandoor Post, Bangalore, Budigere, KA	brothers india infrastructure private limited	private brothers india infrastructure ltd	brothers india infrastructure	private brothers india infrastructure	brothers india infrastructure	private brothers india infrastructure	india	india
S1-101884865	S3-760583032	S3	Super Investment Private Limited	Superinvestment.Com	Flat 2B, Gali No 14A Wazirabad Gaon, New Delhi, Delhi	Flat 2B, New Delhi, Gali No 14A Wazirabad Gaon, DL	super investment private limited	superinvestment com	super investment	superinvestment com	super investment	superinvestment com	india	india
S1-101893029	S2-792874275	S2	Shivam Consultants Private Limited	శివం కన్సల్టెంట్స్ ప్రైవేట్ లిమిటెడ్	Cyber Crown, Sec-Ii, Village, Huda Techno Enclave, Shaikpet, Hyderabad, Telangana	HN 849 CYBER CROWN, SEC-II, VILLAGE, HUDA TECHNO ENCLAVE, HYDERABAD, SHAIKPET, తెలంగాణ	shivam consultants private limited	శివం కన్సల్టెంట్స్ ప్రైవేట్ లిమిటెడ్	shivam consultants	శివం కన్సల్టెంట్స్ ప్రైవేట్ లిమిటెడ్	shivam consultants	శివం కన్సల్టెంట్స్ ప్రైవేట్ లిమిటెడ్	india	india
S1-101893029	S3-468139609	S3	Shivam Consultants Private Limited	Shivam Consultants Limited Cénter	Cyber Crown, Sec-Ii, Village, Huda Techno Enclave, Shaikpet, Hyderabad, Telangana	TG, Hyderabad, Sec-ii, Village, Huda Techno Enclave, Cyber Crown, Shaikpet	shivam consultants private limited	shivam consultants limited cénter	shivam consultants	shivam consultants limited cénter	shivam consultants	shivam consultants limited cénter	india	india
S1-101893029	S3-493254729	S3	Shivam Consultants Private Limited	శివం Consultants ప్రైవేట్ లిమిటెడ్	Cyber Crown, Sec-Ii, Village, Huda Techno Enclave, Shaikpet, Hyderabad, Telangana	Cyber Crown, Shaikpet, Hyderabad, TG	shivam consultants private limited	శివం consultants ప్రైవేట్ లిమిటెడ్	shivam consultants	శివం consultants ప్రైవేట్ లిమిటెడ్	shivam consultants	శివం consultants ప్రైవేట్ లిమిటెడ్	india	india
S1-101893029	S3-555495574	S3	Shivam Consultants Private Limited	శివం కన్సల్టెంట్స్ ప్రైవేట్ లిమిటెడ్	Cyber Crown, Sec-Ii, Village, Huda Techno Enclave, Shaikpet, Hyderabad, Telangana	Cyber Crown, Shaikpet, TG, Sec-ii, Village, Huda Techno Enclave, Hyderabad	shivam consultants private limited	శివం కన్సల్టెంట్స్ ప్రైవేట్ లిమిటెడ్	shivam consultants	శివం కన్సల్టెంట్స్ ప్రైవేట్ లిమిటెడ్	shivam consultants	శివం కన్సల్టెంట్స్ ప్రైవేట్ లిమిటెడ్	india	india
S1-101898155	S3-357710719	S3	Coral Miners Private Limited	Coral Private Limited Services	Iii Floor, H. No. Hig-205, Kphb Colony, Kukatpally, Balanagar, Hyderabad, Telangana	Hyderabad, TG, Iii Floor	coral miners private limited	coral private limited services	coral miners	coral private limited services	coral miners	coral private limited services	india	india
S1-101911774	S2-920327267	S2	International Star Solutions Private Limited	ಇಂಟರ್‌ನ್ಯಾಷನಲ್ ಸ್ಟಾರ್ ಸೊಲ್ಯೂಷನ್ಸ್ ಪ್ರೈವೇಟ್ ಲಿಮಿಟೆಡ್	No.56, Indraprasta, 2Nd Floor, 3Rd Phase, Jayanagara, Adhichunchanagiri Road, Khb Colony, Kuvemp, Unagar, Mysore, Karnataka	#56, INDRAPRASTA, 2ND FLOOR, 3RD PHASE, JAYANAGARA, ADHICHUNCHANAGIRI ROAD, KHB COLONY, KUVEMP, UNAGAR, MYSURU, MYSORE, Karnataka	international star solutions private limited	ಇಂಟರ್‌ನ್ಯಾಷನಲ್ ಸ್ಟಾರ್ ಸೊಲ್ಯೂಷನ್ಸ್ ಪ್ರೈವೇಟ್ ಲಿಮಿಟೆಡ್	international star solutions	ಇಂಟರ್‌ನ್ಯಾಷನಲ್ ಸ್ಟಾರ್ ಸೊಲ್ಯೂಷನ್ಸ್ ಪ್ರೈವೇಟ್ ಲಿಮಿಟೆಡ್	international star solutions	ಇಂಟರ್‌ನ್ಯಾಷನಲ್ ಸ್ಟಾರ್ ಸೊಲ್ಯೂಷನ್ಸ್ ಪ್ರೈವೇಟ್ ಲಿಮಿಟೆಡ್	india	india
S1-101911774	S3-592692982	S3	International Star Solutions Private Limited	ಇಂಟರ್‌ನ್ಯಾಷನಲ್ ಸ್ಟಾರ್ ಸೊಲ್ಯೂಷನ್ಸ್ ಪ್ರೈವೇಟ್ ಲಿಮಿಟೆಡ್	No.56, Indraprasta, 2Nd Floor, 3Rd Phase, Jayanagara, Adhichunchanagiri Road, Khb Colony, Kuvemp, Unagar, Mysore, Karnataka	No.56, Mysuru, Mysore, KA	international star solutions private limited	ಇಂಟರ್‌ನ್ಯಾಷನಲ್ ಸ್ಟಾರ್ ಸೊಲ್ಯೂಷನ್ಸ್ ಪ್ರೈವೇಟ್ ಲಿಮಿಟೆಡ್	international star solutions	ಇಂಟರ್‌ನ್ಯಾಷನಲ್ ಸ್ಟಾರ್ ಸೊಲ್ಯೂಷನ್ಸ್ ಪ್ರೈವೇಟ್ ಲಿಮಿಟೆಡ್	international star solutions	ಇಂಟರ್‌ನ್ಯಾಷನಲ್ ಸ್ಟಾರ್ ಸೊಲ್ಯೂಷನ್ಸ್ ಪ್ರೈವೇಟ್ ಲಿಮಿಟೆಡ್	india	india
S1-101911774	S3-639870470	S3	International Star Solutions Private Limited	ಇಂಟರ್‌ನ್ಯಾಷನಲ್ ಸ್ಟಾರ್ ಸೊಲ್ಯೂಷನ್ಸ್ ಪ್ರೈವೇಟ್ ಲಿಮಿಟೆಡ್	No.56, Indraprasta, 2Nd Floor, 3Rd Phase, Jayanagara, Adhichunchanagiri Road, Khb Colony, Kuvemp, Unagar, Mysore, Karnataka	No.56, Mysore, Mysuru, KA	international star solutions private limited	ಇಂಟರ್‌ನ್ಯಾಷನಲ್ ಸ್ಟಾರ್ ಸೊಲ್ಯೂಷನ್ಸ್ ಪ್ರೈವೇಟ್ ಲಿಮಿಟೆಡ್	international star solutions	ಇಂಟರ್‌ನ್ಯಾಷನಲ್ ಸ್ಟಾರ್ ಸೊಲ್ಯೂಷನ್ಸ್ ಪ್ರೈವೇಟ್ ಲಿಮಿಟೆಡ್	international star solutions	ಇಂಟರ್‌ನ್ಯಾಷನಲ್ ಸ್ಟಾರ್ ಸೊಲ್ಯೂಷನ್ಸ್ ಪ್ರೈವೇಟ್ ಲಿಮಿಟೆಡ್	india	india
S1-101919678	S2-808898048	S2	Premier Activate Inc.	Premier Inc. Services	126 Race Hill Road, Madison, CT	RACE HILL ROAD, MADISON, CT	premier activate inc	premier inc services	premier activate	premier inc services	premier activate	premier inc services	us	us
S1-101930094	S2-359013613	S2	Machinists Local Union 950	Machinists Local Union-Service	672 Dartmouth Lane, New Lenox, IL	670 DARTMOUTH LANE, NEW LENOX, IL	machinists local union 950	machinists local union service	machinists local union 950	machinists local union service	machinists local union 950	machinists local union service	us	us
S1-101934986	S2-11322745	S2	Rodriguez's Cargo	rodriguezscargo.com	203 Mockingbird Street, Hot Springs, AR	MOCKINGBIRD STREET, HOT SPRINGS, AR	rodriguezs cargo	rodriguezscargo com	rodriguezs cargo	rodriguezscargo com	rodriguezs cargo	rodriguezscargo com	us	us
S1-101950954	S3-409865893	S3	Ted Kitchens, M.D. LP	Caloxylo	96 Huff Lane, Chestnut Mound, TN	96 Huff Lane, Chestnut Mound, TN	ted kitchens m d lp	caloxylo	ted kitchens m d	caloxylo	ted kitchens m d	caloxylo	us	us
S1-102016669	S2-910584403	S2	6-Legged Dog	6-Legged Services	522 Avenue G, Lovington, NM		6 legged dog	6 legged services	6 legged dog	6 legged services	6 legged dog	6 legged services	us	us
S1-102016669	S3-524540044	S3	6-Legged Dog	Wexdrex	522 Avenue G, Lovington, NM	Avenue G, Lovington, New Mexico	6 legged dog	wexdrex	6 legged dog	wexdrex	6 legged dog	wexdrex	us	us
S1-102026375	S2-658411435	S2	Saint Chapel	saintchapel.com	430 11th Street, Junction City, KS	430 ELEVENTH STREET, JUNCTION CITY, KS	saint chapel	saintchapel com	saint chapel	saintchapel com	saint chapel	saintchapel com	us	us
S1-102037272	S3-403476645	S3	Sankalp Impex (India) Private Limited	Dr Sankalp Impex (India)-Private	Pandurang Niwas, 146 B, Near Sai Baba Mandir Near Sai Baba Mandir, Vasind, Shahpur, M, Urbad Road, Sainath Nagar, Thane, Maharashtra	Pandurang Niwas, Sainath Nagar, Thane, MH	sankalp impex india private limited	dr sankalp impex india private	sankalp impex india	dr sankalp impex india	sankalp impex india	dr sankalp impex india	india	india
S1-102037353	S2-740901558	S2	High It Private Limited	ಹೈ ಐಟಿ ಪ್ರೈವೇಟ್ ಲಿಮಿಟೆಡ್	No 2, 4Th Main, 4Th Cross Sampige Layout, Rajeev Nagar, Bangalore, Karnataka	NO 2, 4TH MAIN, 4TH CROSS SAMPIGE LAYOUT, RAJEEV NAGAR, BANGALORE, Karnataka	high it private limited	ಹೈ ಐಟಿ ಪ್ರೈವೇಟ್ ಲಿಮಿಟೆಡ್	high it	ಹೈ ಐಟಿ ಪ್ರೈವೇಟ್ ಲಿಮಿಟೆಡ್	high it	ಹೈ ಐಟಿ ಪ್ರೈವೇಟ್ ಲಿಮಿಟೆಡ್	india	india
S1-102037353	S3-2831091	S3	High It Private Limited	High It Limited Services	No 2, 4Th Main, 4Th Cross Sampige Layout, Rajeev Nagar, Bangalore, Karnataka	H.no 2, Bangalore, Basaveshwarnagar, ಕರ್ನಾಟಕ	high it private limited	high it limited services	high it	high it limited services	high it	high it limited services	india	india
S1-102051346	S2-2990750	S2	Sree Unique Consultancy Limited	श्री यूनिक कंसल्टेंसी लिमिटेड	37, Sidharth Nagar, Bhanwarkuan Main Road, Indore, Madhya Pradesh	HN 8-172 37, INDORE, मध्य प्रदेश	sree unique consultancy limited	श्री यूनिक कंसल्टेंसी लिमिटेड	sree unique consultancy	श्री यूनिक कंसल्टेंसी लिमिटेड	sree unique consultancy	श्री यूनिक कंसल्टेंसी लिमिटेड	india	india
S1-102051346	S2-540795412	S2	Sree Unique Consultancy Limited	श्री यूनिक कंसल्टेंसी लिमिटेड	37, Sidharth Nagar, Bhanwarkuan Main Road, Indore, Madhya Pradesh	HN 8-172 37, SIDHARTH NAGAR, BHANWARKUAN MAIN ROAD, INDORE, Madhya Pradesh	sree unique consultancy limited	श्री यूनिक कंसल्टेंसी लिमिटेड	sree unique consultancy	श्री यूनिक कंसल्टेंसी लिमिटेड	sree unique consultancy	श्री यूनिक कंसल्टेंसी लिमिटेड	india	india
S1-102063528	S2-961656772	S2	Arihant Hospitality	अरिहंत हॉस्पिटैलिटी	Ram Niwas Tokas, 92F T/F, Munirka Near Hanuman Mkt, South-2, R.K.Puram, Delhi, South West Delhi, Delhi	RAM NIWAS TOKAS, 92F T/F, MUNIRKA NEAR HANUMAN MKT, SOUTH-2, R.K.PURAM, DELHI	arihant hospitality	अरिहंत हॉस्पिटैलिटी	arihant hospitality	अरिहंत हॉस्पिटैलिटी	arihant hospitality	अरिहंत हॉस्पिटैलिटी	india	india
S1-102063528	S3-592478133	S3	Arihant Hospitality	अरिहंत हॉस्पिटैलिटी	Ram Niwas Tokas, 92F T/F, Munirka Near Hanuman Mkt, South-2, R.K.Puram, Delhi, South West Delhi, Delhi	DL, Ram Niwas Tokas, South West Delhi, Delhi, 92F T/f, Munirka Near Hanuman Mkt, South-2, R.k.puram	arihant hospitality	अरिहंत हॉस्पिटैलिटी	arihant hospitality	अरिहंत हॉस्पिटैलिटी	arihant hospitality	अरिहंत हॉस्पिटैलिटी	india	india
S1-102063528	S3-994225939	S3	Arihant Hospitality	Sri Arihant  Hospitality	Ram Niwas Tokas, 92F T/F, Munirka Near Hanuman Mkt, South-2, R.K.Puram, Delhi, South West Delhi, Delhi		arihant hospitality	sri arihant hospitality	arihant hospitality	sri arihant hospitality	arihant hospitality	sri arihant hospitality	india	india
S1-102065877	S3-457024101	S3	Payne Holdings	Pan Holdings	408 Conshohocken State Road, PA, Lower Merion Township	Pennsylvania, Lower Merion Township, 408. Conshohocken State Road	payne holdings	pan holdings	payne holdings	pan holdings	payne holdings	pan holdings	us	us
S1-102078950	S2-22256205	S2	Little Massage	LMASSAGE.COM	8140 Lawrence Drive, Beaumont, TX	008140 LAWRENCE DR, BEAUMONT, TX	little massage	lmassage com	little massage	lmassage com	little massage	lmassage com	us	us
S1-102090164	S3-108585779	S3	Express Bay Ventures	Bay Express Vetnuacse	780 Alabama Line Road, AL, New Market	815- Alabama Line Road, New Market, Alabama	express bay ventures	bay express vetnuacse	express bay ventures	bay express vetnuacse	express bay ventures	bay express vetnuacse	us	us
S1-102090164	S3-350465563	S3	Express Bay Ventures	Express Bay	780 Alabama Line Road, AL, New Market	815- Alabama Line Road, New Market, Alabama	express bay ventures	express bay	express bay ventures	express bay	express bay ventures	express bay	us	us
S1-102090164	S3-754851709	S3	Express Bay Ventures	Express Bay Ventures Ventures LP	780 Alabama Line Road, AL, New Market		express bay ventures	express bay ventures ventures lp	express bay ventures	express bay ventures ventures	express bay ventures	express bay ventures ventures	us	us
S1-102101059	S3-145847690	S3	Brijdham & Sons	8rijdham  & Service	Shop No. 302, Iiird Floor, Aggarwal Chamber Pocket O & P Dilshad Garden, Delhi, East Delhi, Delhi	Door No 302, East Delhi, Delhi, DL	brijdham and sons	8rijdham and service	brijdham and sons	8rijdham and service	brijdham and sons	8rijdham and service	india	india
S1-102141839	S3-997188630	S3	Urban Hair Studio	studiohairurbancom	354 Atkinson, Port Bolivar, TX	354 Atkinson, PT Oblivar, Texas	urban hair studio	studiohairurbancom	urban hair studio	studiohairurbancom	urban hair studio	studiohairurbancom	us	us
S1-102148212	S3-254799331	S3	Womens Health Specialists LLC	W0mens-Health Specialists LLC	201 Bailey Ranch Drive, TX, Gainesville	201-205 Bailey Ranch Dr, Gainesville CITY, Texas	womens health specialists llc	w0mens health specialists llc	womens health specialists	w0mens health specialists	womens health specialists	w0mens health specialists	us	us
S1-102148212	S3-56354987	S3	Womens Health Specialists LLC	@womenshealth	201 Bailey Ranch Drive, TX, Gainesville	201-205 Bailey Ranch Dr, Gainesville CITY, Texas	womens health specialists llc	womenshealth	womens health specialists	womenshealth	womens health specialists	womenshealth	us	us
S1-102151089	S3-142305238	S3	Rev It Up Seafood	Rev  It Associates	100 Chevy Drive, Anaconda-deer Lodge, MT		rev it up seafood	rev it associates	rev it up seafood	rev it associates	rev it up seafood	rev it associates	us	us
S1-102151089	S3-726585358	S3	Rev It Up Seafood	Rev It Up  Seaf0od	100 Chevy Drive, Anaconda-deer Lodge, MT		rev it up seafood	rev it up seaf0od	rev it up seafood	rev it up seaf0od	rev it up seafood	rev it up seaf0od	us	us
S1-102173605	S3-718680003	S3	Apex Design Technologies	Apex Deitgn Technologies	2419 Mt Misery Road, Leland, NC	02419 Mt Misery Rd, Lelad CITY, North Carolina	apex design technologies	apex deitgn technologies	apex design technologies	apex deitgn technologies	apex design technologies	apex deitgn technologies	us	us
S1-102179964	S2-324221720	S2	Star Federal Hair Studio	Star-Federal Studio Services	105 Amherst Drive, Oak Hill, WV	Amherst Dr, OAK HILL, WV	star federal hair studio	star federal studio services	star federal hair studio	star federal studio services	star federal hair studio	star federal studio services	us	us
S1-102179964	S2-647575421	S2	Star Federal Hair Studio	Star  Federal	105 Amherst Drive, Oak Hill, WV	OAK HILL, 00105 AMHERST DRIVE, WV	star federal hair studio	star federal	star federal hair studio	star federal	star federal hair studio	star federal	us	us
S1-102179964	S3-200917930	S3	Star Federal Hair Studio	starfederalhaircom	105 Amherst Drive, Oak Hill, WV	0105 Amherst Drive, West Virginia, Oak Hill	star federal hair studio	starfederalhaircom	star federal hair studio	starfederalhaircom	star federal hair studio	starfederalhaircom	us	us
S1-10219947	S2-878478893	S2	International Satellite Infratech Private Limited	Zetayumabrix	112, Sunrise Park, Opp. Drive-In Cinema, Thaltej Road, Ahmedabad, Gujarat	112, THALTEJ ROAD, AHMEDABAD, Gujarat	international satellite infratech private limited	zetayumabrix	international satellite infratech	zetayumabrix	international satellite infratech	zetayumabrix	india	india
S1-102205824	S2-76076687	S2	52/56 Nuclear	52/56 Núclear	228 Schooner Bay Drive, Brookings, OR	828 SCHOONER BAY DRIVE, BROOKINGS TOWNSHIP, OR	52 56 nuclear	52 56 núclear	52 56 nuclear	52 56 núclear	52 56 nuclear	52 56 núclear	us	us
S1-102205824	S3-234897338	S3	52/56 Nuclear	52/56 Núclear	228 Schooner Bay Drive, Brookings, OR		52 56 nuclear	52 56 núclear	52 56 nuclear	52 56 núclear	52 56 nuclear	52 56 núclear	us	us
S1-102206703	S2-134979315	S2	Mountain Center LLC	The Mountain Center LLC	202 Swift Street, Newport News City, VA		mountain center llc	the mountain center llc	mountain center	the mountain center	mountain center	the mountain center	us	us
S1-10220867	S2-286836495	S2	Brandy Dyer Liberty Convertible	brandydyerliberty.com	118 Naperville Drive, Cary, NC	118 NAPERVILLE DR, CARY, NC	brandy dyer liberty convertible	brandydyerliberty com	brandy dyer liberty convertible	brandydyerliberty com	brandy dyer liberty convertible	brandydyerliberty com	us	us
S1-102214153	S2-723138563	S2	Price, Bennett & Shaw LLC	Lumavidova	15 1st Avenue, West Bend, IA	15 1TH AVENUE, W BBEND, IA	price bennett and shaw llc	lumavidova	price bennett and shaw	lumavidova	price bennett and shaw	lumavidova	us	us
S1-102221283	S2-773878202	S2	Martinez, Scott & Weston Inc	MARTINEZSCOTTWESTON.COM	4926 Leighton Avenue, Lincoln, NE	LEIGHTON AVE, LINCOLN, NE	martinez scott and weston inc	martinezscottweston com	martinez scott and weston	martinezscottweston com	martinez scott and weston	martinezscottweston com	us	us
S1-102242658	S3-670848913	S3	Oncology Care	Oncologycare.Com	10 Franklin Street, Unit 519, Raleigh, NC	10 Fanklin St, Raleigh, North Carolina, # 519	oncology care	oncologycare com	oncology care	oncologycare com	oncology care	oncologycare com	us	us
S1-102256498	S2-350983452	S2	Sai It Pvt Ltd	साईं आईटी प्रा. लि.	C-101, Super Mart-Ii Dlf Phase Iv, Gurgaon, Haryana	C-101, GURGAON, Haryana	sai it pvt ltd	साईं आईटी प्रा लि	sai it	साईं आईटी प्रा लि	sai it	साईं आईटी प्रा लि	india	india
S1-102256498	S3-783009188	S3	Sai It Pvt Ltd	साई आईटी प्रा. लि.	C-101, Super Mart-Ii Dlf Phase Iv, Gurgaon, Haryana	C-101, Super Mart-ii Dlf Phase Iv, Gurgaon, Gurugram, HR	sai it pvt ltd	साई आईटी प्रा लि	sai it	साई आईटी प्रा लि	sai it	साई आईटी प्रा लि	india	india
S1-10225890	S3-268707957	S3	Pediatric Dental Specialists	Pediatric Dental	238 Central Avenue, Medford, MA	238 Central Avenue, Medford, Massachusetts	pediatric dental specialists	pediatric dental	pediatric dental specialists	pediatric dental	pediatric dental specialists	pediatric dental	us	us
S1-102271087	S3-192788567	S3	Shiv Shiv Tech Private Limited	शिव शिव टेक प्राइवेट लिमिटेड	D-69 Hauz Khas, New Delhi, South Delhi, Delhi	D-069 Hauz Khas, South Delhi, New Delhi, DL	shiv shiv tech private limited	शिव शिव टेक प्राइवेट लिमिटेड	shiv shiv tech	शिव शिव टेक प्राइवेट लिमिटेड	shiv shiv tech	शिव शिव टेक प्राइवेट लिमिटेड	india	india
S1-102272911	S2-631314965	S2	Ash Centre Pvt Ltd	#ASHCENTRE	C/O Aruna Namdeorao Kalmegh H. No 903, Shivaji Nagar, Tal-Ner, Dist- Yavatmal, Ner, Yavatmal, Maharashtra	C/O ARUNA NAMDEORAO KALMEGH H. NO 903, SHIVAJI NAGAR, TAL-NER, DIST- YAVATMAL, NER, Maharashtra	ash centre pvt ltd	ashcentre	ash centre	ashcentre	ash centre	ashcentre	india	india
S1-102276610	S3-110575133	S3	Sun United Projects Private Limited	ಸನ್ ಯುನೈಟೆಡ್ ಪ್ರಾಜೆಕ್ಟ್ಸ್ ಪ್ರೈವೇಟ್ ಲಿಮಿಟೆಡ್	301, Sas Swaroop Apt, 1St Cross Sumshine Tc Palya Main Road, K R Puram, Bangalore, Karnataka	6-301, Bangalore, ಕರ್ನಾಟಕ	sun united projects private limited	ಸನ್ ಯುನೈಟೆಡ್ ಪ್ರಾಜೆಕ್ಟ್ಸ್ ಪ್ರೈವೇಟ್ ಲಿಮಿಟೆಡ್	sun united projects	ಸನ್ ಯುನೈಟೆಡ್ ಪ್ರಾಜೆಕ್ಟ್ಸ್ ಪ್ರೈವೇಟ್ ಲಿಮಿಟೆಡ್	sun united projects	ಸನ್ ಯುನೈಟೆಡ್ ಪ್ರಾಜೆಕ್ಟ್ಸ್ ಪ್ರೈವೇಟ್ ಲಿಮಿಟೆಡ್	india	india
S1-102276610	S3-384335328	S3	Sun United Projects Private Limited	@sununited	301, Sas Swaroop Apt, 1St Cross Sumshine Tc Palya Main Road, K R Puram, Bangalore, Karnataka	6-301, Bangalore, KA	sun united projects private limited	sununited	sun united projects	sununited	sun united projects	sununited	india	india
S1-102276610	S3-687683186	S3	Sun United Projects Private Limited	ಸನ್ ಯುನೈಟೆಡ್ ಪ್ರಾಜೆಕ್ಟ್ಸ್ ಪ್ರೈವೇಟ್ ಲಿಮಿಟೆಡ್	301, Sas Swaroop Apt, 1St Cross Sumshine Tc Palya Main Road, K R Puram, Bangalore, Karnataka	6-301, Bangalore, KA	sun united projects private limited	ಸನ್ ಯುನೈಟೆಡ್ ಪ್ರಾಜೆಕ್ಟ್ಸ್ ಪ್ರೈವೇಟ್ ಲಿಮಿಟೆಡ್	sun united projects	ಸನ್ ಯುನೈಟೆಡ್ ಪ್ರಾಜೆಕ್ಟ್ಸ್ ಪ್ರೈವೇಟ್ ಲಿಮಿಟೆಡ್	sun united projects	ಸನ್ ಯುನೈಟೆಡ್ ಪ್ರಾಜೆಕ್ಟ್ಸ್ ಪ್ರೈವೇಟ್ ಲಿಮಿಟೆಡ್	india	india
S1-102302347	S3-579072688	S3	Svk Buildtech Private Limited	Xylobrixhalo Sys	69 Rps, E- Block Vikas Puri, New Delhi, West Delhi, Delhi	69 Rps, E- Block Vikas Puri, New Delhi, West Delhi, Delhi	svk buildtech private limited	xylobrixhalo sys	svk buildtech	xylobrixhalo sys	svk buildtech	xylobrixhalo sys	india	india
S1-102303387	S3-604284026	S3	Atlas Corp	-- Atlas Corporation	3 Watson Avenue, Unit B, Worcester, MA	#3 Watson Ave, # B, Worcester, Massachusetts	atlas corp	atlas corporation	atlas	atlas	atlas	atlas	us	us
S1-102303387	S3-917271013	S3	Atlas Corp	Wexzeta t/a Atlas Corp	3 Watson Avenue, Unit B, Worcester, MA	3 Watson Avenue, Unit B, Worcester, MA	atlas corp	wexzeta t a atlas corp	atlas	wexzeta t a atlas	atlas	wexzeta t a atlas	us	us
S1-102303686	S2-571793390	S2	Taurus Trading Private Limited	taurustrading.com	Patan, Gujarat, Patan, Shop No. 22, Devdarshan Complex	DOOR NO 22 , DEVDARSHAN COMPLEX, PATAN, Gujarat	taurus trading private limited	taurustrading com	taurus trading	taurustrading com	taurus trading	taurustrading com	india	india
S1-102305575	S3-287997837	S3	Clear Liberty Krakacquisition Inc	clearlibertykrakacquisition.com	6 C Court Street, MA, Plymouth	6 C Court Street, Plymouth, Massachusetts	clear liberty krakacquisition inc	clearlibertykrakacquisition com	clear liberty krakacquisition	clearlibertykrakacquisition com	clear liberty krakacquisition	clearlibertykrakacquisition com	us	us
S1-102305575	S3-405352076	S3	Clear Liberty Krakacquisition Inc	Veraaviarc	6 C Court Street, MA, Plymouth	Court Street, Plymouth, Massachusetts	clear liberty krakacquisition inc	veraaviarc	clear liberty krakacquisition	veraaviarc	clear liberty krakacquisition	veraaviarc	us	us
S1-102312498	S2-375270272	S2	Dental Center	Denta1 Center	WA, Seattle, 2506 Halladay Street	506 HALLADAY STREET, SEATTLE, WA	dental center	denta1 center	dental center	denta1 center	dental center	denta1 center	us	us
S1-102312498	S3-682026901	S3	Dental Center	The Dental Center	WA, Seattle, 2506 Halladay Street	Halladay Street, Seattle, Washington	dental center	the dental center	dental center	the dental center	dental center	the dental center	us	us
S1-102346590	S2-992628537	S2	Bright Sky Impex Limited	ब्राइट स्काई इम्पेक्स लिमिटेड	Varanasi, D 32/24, Hathi Phatak Devnathpura, Varanasi, Uttar Pradesh	D 32/24/1, VARANASI, Uttar Pradesh	bright sky impex limited	ब्राइट स्काई इम्पेक्स लिमिटेड	bright sky impex	ब्राइट स्काई इम्पेक्स लिमिटेड	bright sky impex	ब्राइट स्काई इम्पेक्स लिमिटेड	india	india
S1-102346590	S3-504236583	S3	Bright Sky Impex Limited	Limited Bright Sky Impex	Varanasi, D 32/24, Hathi Phatak Devnathpura, Varanasi, Uttar Pradesh	D 3-2/24, Varanasi, UP	bright sky impex limited	limited bright sky impex	bright sky impex	limited bright sky impex	bright sky impex	limited bright sky impex	india	india
S1-102350248	S3-145449294	S3	Vedant & Brothers Private Limited	Zetarizasol	Lig.Ii-73, Dno. 1-461 Andhra Pradesh Housing Board Colony Lala, Cheruvu, Rajahmundry, Guntur, Andhra Pradesh	316 Lig.ii-73, Rajahmundry, Guntur, AP	vedant and brothers private limited	zetarizasol	vedant and brothers	zetarizasol	vedant and brothers	zetarizasol	india	india
S1-102362175	S3-795759857	S3	Y+ Therapy, LLC	ytherapy.com	Rochester, NY, 160 Hague Street	160 Hague St, Rochester, New York	y therapy llc	ytherapy com	y therapy	ytherapy com	y therapy	ytherapy com	us	us
S1-102387644	S2-79001891	S2	Rev It Up Tattoo LLC	REV IT UP	830 Douglas Hill Road, Eureka, MT	DOUGLAS HILL RD, <NULL>, EUREKA, MT	rev it up tattoo llc	rev it up	rev it up tattoo	rev it up	rev it up tattoo	rev it up	us	us
S1-102391073	S2-397799256	S2	Global American Ubs LLC	*** GLOBAL AMERICAN ÚBS LLC	6119 Tudor Place, Linden, NC	611 TUDOR PLACE, NC, LINDEN	global american ubs llc	global american úbs llc	global american ubs	global american úbs	global american ubs	global american úbs	us	us
S1-102397892	S3-74627669	S3	FL Electricals Private Limited	FL Eletrichs Private Limited	R-77 A Greater Kailash Part- 1, South Delhi, Delhi	R-0077 A Greater Kailash Part- 1, South Delhi, दिल्ली	fl electricals private limited	fl eletrichs private limited	fl electricals	fl eletrichs	fl electricals	fl eletrichs	india	india
S1-102444095	S3-42566912	S3	Preferred Choice Noble, LLC	Preferred Choice Nbe, LLC	20 Bramble Lane, Huntington, NY	Bramble Ln, Melville, New York	preferred choice noble llc	preferred choice nbe llc	preferred choice noble	preferred choice nbe	preferred choice noble	preferred choice nbe	us	us
S1-102444095	S3-760957420	S3	Preferred Choice Noble, LLC	Preferred Cmdoffce Noble, LLC	20 Bramble Lane, Huntington, NY		preferred choice noble llc	preferred cmdoffce noble llc	preferred choice noble	preferred cmdoffce noble	preferred choice noble	preferred cmdoffce noble	us	us
S1-102444095	S3-819036329	S3	Preferred Choice Noble, LLC	#preferredchoice	20 Bramble Lane, Huntington, NY	20 Bramble Lane, Melville, New York	preferred choice noble llc	preferredchoice	preferred choice noble	preferredchoice	preferred choice noble	preferredchoice	us	us
S1-102447010	S3-960566264	S3	Nayan Care	nayancare.com	Telangana, Rajendranagar, H.No 10-1-14, Rangareddy District, Sai Vaibhav Colony, Khajaguda Manikonda	10-1-14, Rajendranagar, Rangareddy District, TG	nayan care	nayancare com	nayan care	nayancare com	nayan care	nayancare com	india	india
S1-102460171	S2-206371659	S2	Bharat Healthcare	भारत हेल्थकेयर	Flat No 502 Ground 0 God Gift Almeida Road Bandra West, Mumbai, Mumbai City, Maharashtra	MUMBAI, Maharashtra, MUMBAI CITY, #502 GROUND 0 GOD GIFT ALIEIDA ROAD BANDRA WEST	bharat healthcare	भारत हेल्थकेयर	bharat healthcare	भारत हेल्थकेयर	bharat healthcare	भारत हेल्थकेयर	india	india
S1-102460171	S2-416866380	S2	Bharat Healthcare	भारत हेल्थकेयर	Flat No 502 Ground 0 God Gift Almeida Road Bandra West, Mumbai, Mumbai City, Maharashtra	NO 502 GROUND 0 GOD GIFT ALMEIDA ROAD BANDRA WEST, MUMBAI, MUMBAI CITY, Maharashtra	bharat healthcare	भारत हेल्थकेयर	bharat healthcare	भारत हेल्थकेयर	bharat healthcare	भारत हेल्थकेयर	india	india
S1-102460171	S3-660030430	S3	Bharat Healthcare	भारत हेल्थकेयर	Flat No 502 Ground 0 God Gift Almeida Road Bandra West, Mumbai, Mumbai City, Maharashtra	Flat No 502 Ground 0 God Gift Almeida Road Bandra West, Mumbai, Mumbai City, MH	bharat healthcare	भारत हेल्थकेयर	bharat healthcare	भारत हेल्थकेयर	bharat healthcare	भारत हेल्थकेयर	india	india
S1-10247747	S2-654125009	S2	Secure Altisource Inc	Zephaviyuma	8430 Baltimore Avenue, Unit 451, College Park, MD	008430 BALTIMORE AVENUE, COLLEGE PARK, MD	secure altisource inc	zephaviyuma	secure altisource	zephaviyuma	secure altisource	zephaviyuma	us	us
S1-102493035	S2-294058334	S2	Mountain Investments Inc.	Mountain Inc. Center	1 Church Street, South Hadley, MA	1 CHURCH ST, SOUTH HADLEY, MA	mountain investments inc	mountain inc center	mountain investments	mountain inc center	mountain investments	mountain inc center	us	us
S1-102493035	S3-561560891	S3	Mountain Investments Inc.	Synjax F/K/A Mountain Investments Inc.	1 Church Street, South Hadley, MA	1 Church Street, South Hadley, MA	mountain investments inc	synjax f k a mountain investments inc	mountain investments	synjax f k a mountain investments	mountain investments	synjax f k a mountain investments	us	us
S1-102510986	S2-722129819	S2	Galaxy Global Private Limited	गैलेक्सी ग्लोबल प्राइवेट लिमिटेड	C/O Md. Mustafa Kamal, Vill- Abhuar Tola - Kadampura, Panch-Kadampura, Block, Kishanpur, Supaul, Saharsa, Bihar	C/O MD. MUSTAFA KAMAL, SUPAUL, PATNA, Bihar	galaxy global private limited	गैलेक्सी ग्लोबल प्राइवेट लिमिटेड	galaxy global	गैलेक्सी ग्लोबल प्राइवेट लिमिटेड	galaxy global	गैलेक्सी ग्लोबल प्राइवेट लिमिटेड	india	india
S1-102510986	S3-372198125	S3	Galaxy Global Private Limited	गैलेक्सी ग्लोबल प्राइवेट लिमिटेड	C/O Md. Mustafa Kamal, Vill- Abhuar Tola - Kadampura, Panch-Kadampura, Block, Kishanpur, Supaul, Saharsa, Bihar	C/o Md. Mustafa Kmal, Vill- Abhuar Tola - Kadampura, Panch-kadampura, Block, Kishanpur, Supaul, Saharsa, BR	galaxy global private limited	गैलेक्सी ग्लोबल प्राइवेट लिमिटेड	galaxy global	गैलेक्सी ग्लोबल प्राइवेट लिमिटेड	galaxy global	गैलेक्सी ग्लोबल प्राइवेट लिमिटेड	india	india
S1-102514441	S3-597993127	S3	West Trading	West Trading Trading	Shop 2, 3 S Y No 15, Kolan Raja Reddy Heights, Near Nizampet Panchayat Office, Qutubullapur, Hyderabad, Telangana	Shop 2, Ghmc M Corp Og, TG	west trading	west trading trading	west trading	west trading trading	west trading	west trading trading	india	india
S1-102520317	S2-52932709	S2	United Federal Copper	unitedfederalcopper.com	8 Lake Aspen Lane, Sunriver, OR	8 LAKE ASPEN LN, SUNRIVER, OR	united federal copper	unitedfederalcopper com	united federal copper	unitedfederalcopper com	united federal copper	unitedfederalcopper com	us	us
S1-102520411	S2-251702614	S2	Urgent Care Specialists Corp	Urgent Urgent Care Specialists Corp Board	904 7th Avenue, Kelso, WA	0904 SEVENTH AVENUE, null, KELSO, WA	urgent care specialists corp	urgent urgent care specialists corp board	urgent care specialists	urgent urgent care specialists corp board	urgent care specialists	urgent urgent care specialists corp board	us	us
S1-102520411	S2-537648436	S2	Urgent Care Specialists Corp	URGENT CASME SPECIALISTS CORP	904 7th Avenue, Kelso, WA	0904 SEVENTH AVE, null, KELSO, WA	urgent care specialists corp	urgent casme specialists corp	urgent care specialists	urgent casme specialists	urgent care specialists	urgent casme specialists	us	us
S1-102522483	S3-16365909	S3	Gulf Newtekone, Corp	gulfnewtekone.com	46 Little Pond Road, Merrimac, MA	46 Little Pond Road, Merrimac CITY, Massachusetts	gulf newtekone corp	gulfnewtekone com	gulf newtekone	gulfnewtekone com	gulf newtekone	gulfnewtekone com	us	us
S1-102540726	S2-343922369	S2	Anna Jones Summit Lane Clinic	Anna Jones Summit Lane	14218 Tenbury Way, Fishers, IN	014218 Tenbury Way, FISHERS, IN	anna jones summit lane clinic	anna jones summit lane	anna jones summit lane clinic	anna jones summit lane	anna jones summit lane clinic	anna jones summit lane	us	us
S1-102540726	S2-655343878	S2	Anna Jones Summit Lane Clinic	Anna Jones Summit	14218 Tenbury Way, Fishers, IN	014218 TENBURY WAY, FISHERS, IN	anna jones summit lane clinic	anna jones summit	anna jones summit lane clinic	anna jones summit	anna jones summit lane clinic	anna jones summit	us	us
S1-102540726	S3-226659757	S3	Anna Jones Summit Lane Clinic	Anna Jones Summit Lane	14218 Tenbury Way, Fishers, IN	Indiana, 014218 Tenbury Way, Fishers	anna jones summit lane clinic	anna jones summit lane	anna jones summit lane clinic	anna jones summit lane	anna jones summit lane clinic	anna jones summit lane	us	us
S1-10254275	S3-525318294	S3	Konark Medical Centre	Konark (Medical)	Flat No 9198 Nanakramguda, Prestige High Fields, Seri Lingampally, K.V.Rangareddy, Telangana	Door No Nanakramguda, Prestige High Fields, K.v.rangareddy, Seri Lingampally, TG	konark medical centre	konark medical	konark medical centre	konark medical	konark medical centre	konark medical	india	india
S1-10254275	S3-749964835	S3	Konark Medical Centre	M/s KONARK MEDICAL CENTRE	Flat No 9198 Nanakramguda, Prestige High Fields, Seri Lingampally, K.V.Rangareddy, Telangana	Flat No Nanakramguda, Prestige High Fields, Seri Lingampally, K.v.rangareddy, TG	konark medical centre	m s konark medical centre	konark medical centre	m s konark medical centre	konark medical centre	m s konark medical centre	india	india
S1-10254275	S3-852477789	S3	Konark Medical Centre	Konark Centre Medical	Flat No 9198 Nanakramguda, Prestige High Fields, Seri Lingampally, K.V.Rangareddy, Telangana	Flat No Nanakramguda, Seri Lingampally, K.v.rangareddy, తెలంగాణ	konark medical centre	konark centre medical	konark medical centre	konark centre medical	konark medical centre	konark centre medical	india	india
S1-102559067	S3-928781845	S3	Cure Deli LLC	CURE DELI DELI LLC	114 Hamilton Avenue, Lynn, MA	14 Hamilton Ave, Lynnn, Massachusetts	cure deli llc	cure deli deli llc	cure deli	cure deli deli	cure deli	cure deli deli	us	us
S1-102567946	S2-386823803	S2	City Services Limited	सिटी सर्विसेज लिमिटेड	N-27B, Ground Floor Jangpura Extension, New Delhi, South Delhi, Delhi	BLOCK D-434/9 N-27B, GROUND FLOOR JANGPURA EXTENSION, NEW DELHI, Delhi	city services limited	सिटी सर्विसेज लिमिटेड	city services	सिटी सर्विसेज लिमिटेड	city services	सिटी सर्विसेज लिमिटेड	india	india
S1-102588261	S3-545322611	S3	Sarthi Trading	sarthitrading.com	#153, 2Nd Floor, Jkb Complex Kammanahalli Circle, Bangalore, Karnataka	H.no 15, Bangalore, KA	sarthi trading	sarthitrading com	sarthi trading	sarthitrading com	sarthi trading	sarthitrading com	india	india
S1-102588777	S2-170672001	S2	Wang Integrated Biomedical	WANG CENTER BIOMEDICAL	6 Clifford Street, Winchester City, VA	CLIFFORD ST, WINCHESTER CITY, VA	wang integrated biomedical	wang center biomedical	wang integrated biomedical	wang center biomedical	wang integrated biomedical	wang center biomedical	us	us
S1-102588777	S2-768023514	S2	Wang Integrated Biomedical	WANG INTEGRATED	6 Clifford Street, Winchester City, VA	006 Clifford Street, WINCHESTER CITY, VA	wang integrated biomedical	wang integrated	wang integrated biomedical	wang integrated	wang integrated biomedical	wang integrated	us	us
S1-102588777	S3-883153485	S3	Wang Integrated Biomedical	Evovera	6 Clifford Street, Winchester City, VA	6 Clifford Street, Winchester City, Virginia	wang integrated biomedical	evovera	wang integrated biomedical	evovera	wang integrated biomedical	evovera	us	us
S1-102600870	S2-748592358	S2	Patriot Clear Staking LLC	PATRIOTCLEARSTAKING.COM	268 5th Street, Van Vleck, TX	268 FFTH ST, VAN VLECK, TX	patriot clear staking llc	patriotclearstaking com	patriot clear staking	patriotclearstaking com	patriot clear staking	patriotclearstaking com	us	us
S1-102611078	S2-85000569	S2	Hitech Logistics	हाईटेक लॉजिस्टिक्स	Firozabad, Uttar Pradesh, Onai Abadi, Nagla Pan Sahay, C/O Yashoda	C/O YASHODA, ONAI ABADI, NAGLA PAN SAHAY, FIROZABAD, Uttar Pradesh	hitech logistics	हाईटेक लॉजिस्टिक्स	hitech logistics	हाईटेक लॉजिस्टिक्स	hitech logistics	हाईटेक लॉजिस्टिक्स	india	india
S1-102614894	S2-89261515	S2	Mind Education Pvt Ltd	MIND EDCATIGON PVT LTD	21 Esplanade Mansions, 14 Government Place East, Kolkata, Kolkata, Howrah, West Bengal	পশ্চিমবঙ্গ, 21 ESPLANADE MANSIONS, 14 GOVERNMENT PLACE EAST, KOLKATA, KOLKATA	mind education pvt ltd	mind edcatigon pvt ltd	mind education	mind edcatigon	mind education	mind edcatigon	india	india
S1-102614894	S3-444090341	S3	Mind Education Pvt Ltd	Mind Pvt Ltd Service	21 Esplanade Mansions, 14 Government Place East, Kolkata, Kolkata, Howrah, West Bengal	#21 Esplanade Mansions, Calcutta, Howrah, WB	mind education pvt ltd	mind pvt ltd service	mind education	mind pvt ltd service	mind education	mind pvt ltd service	india	india
S1-102622152	S2-303883407	S2	Big 81 Coffee	BIG COFFEE 81	12707 Mansfield Avenue, Unit E-101, Spokane Valley, WA		big 81 coffee	big coffee 81	big 81 coffee	big coffee 81	big 81 coffee	big coffee 81	us	us
S1-102622152	S2-654081616	S2	Big 81 Coffee	Big Coffee Services	12707 Mansfield Avenue, Unit E-101, Spokane Valley, WA	MANSFIELD AVE, SPOKANE VALLEY, WA	big 81 coffee	big coffee services	big 81 coffee	big coffee services	big 81 coffee	big coffee services	us	us
S1-102624913	S2-663125239	S2	Hari Projects Private Limited	ಹರಿ ಪ್ರಾಜೆಕ್ಟ್ಸ್ ಪ್ರೈವೇಟ್ ಲಿಮಿಟೆಡ್	No.257/H, 4Th T Block Further Extension B S K 6Th Stage, Bangalore, Karnataka	NO C-257/H, 4TH T BLOCK FURTHER EXTENSION B S K 6TH STAGE, BANGALORE, BENGALURU, Karnataka	hari projects private limited	ಹರಿ ಪ್ರಾಜೆಕ್ಟ್ಸ್ ಪ್ರೈವೇಟ್ ಲಿಮಿಟೆಡ್	hari projects	ಹರಿ ಪ್ರಾಜೆಕ್ಟ್ಸ್ ಪ್ರೈವೇಟ್ ಲಿಮಿಟೆಡ್	hari projects	ಹರಿ ಪ್ರಾಜೆಕ್ಟ್ಸ್ ಪ್ರೈವೇಟ್ ಲಿಮಿಟೆಡ್	india	india
S1-102624913	S3-157799849	S3	Hari Projects Private Limited	Rizanylawex	No.257/H, 4Th T Block Further Extension B S K 6Th Stage, Bangalore, Karnataka	No.257/H, 4Th T Block Further Extension B S K 6Th Stage, Bangalore, Karnataka	hari projects private limited	rizanylawex	hari projects	rizanylawex	hari projects	rizanylawex	india	india
S1-102624913	S3-49582774	S3	Hari Projects Private Limited	Haripr0jects.Com	No.257/H, 4Th T Block Further Extension B S K 6Th Stage, Bangalore, Karnataka	#257/H, Bangalore, KA, Bangalore	hari projects private limited	haripr0jects com	hari projects	haripr0jects com	hari projects	haripr0jects com	india	india
S1-102628982	S3-712566205	S3	Syntax Services Pvt. Ltd.	syntaxservicescom	Sec No.32A, Pl. No. 1/2, Pavani Pride, Shop.2A, Ground Floor, Ravet, Pune City, Pune, Maharashtra	Sec No.32a, Pl. No. 1/2, Pavani Pride, Shop.2a, Ground Floor, Ravet, Pune City, Pune, महाराष्ट्र	syntax services pvt ltd	syntaxservicescom	syntax services	syntaxservicescom	syntax services	syntaxservicescom	india	india
S1-102631806	S2-121528862	S2	Shyam Power	ശ്യാം പവർ	No.9/22, Pranavam Building, Palayam, Kannur, Kerala	KANNUR, H.NO 9/22, KANNUR, Kerala	shyam power	ശ്യാം പവർ	shyam power	ശ്യാം പവർ	shyam power	ശ്യാം പവർ	india	india
S1-102631806	S2-146554415	S2	Shyam Power	ശ്യാം പവർ	No.9/22, Pranavam Building, Palayam, Kannur, Kerala	H.NO 9/22, PRANAVAM BUILDING, PALAYAM, KANNUR, കേരളം	shyam power	ശ്യാം പവർ	shyam power	ശ്യാം പവർ	shyam power	ശ്യാം പവർ	india	india
S1-102631806	S2-285372489	S2	Shyam Power	ശ്യാം പവർ	No.9/22, Pranavam Building, Palayam, Kannur, Kerala	NO.9/22, KANNUR, Kerala	shyam power	ശ്യാം പവർ	shyam power	ശ്യാം പവർ	shyam power	ശ്യാം പവർ	india	india
S1-102631806	S3-656210906	S3	Shyam Power	Shyam-Center	No.9/22, Pranavam Building, Palayam, Kannur, Kerala	No.9/22, Kannur, Keralam	shyam power	shyam center	shyam power	shyam center	shyam power	shyam center	india	india
S1-102631806	S3-964668232	S3	Shyam Power	ശ്യാം Power	No.9/22, Pranavam Building, Palayam, Kannur, Kerala	#9/22, Kannur, Keralam	shyam power	ശ്യാം power	shyam power	ശ്യാം power	shyam power	ശ്യാം power	india	india
S1-102632194	S2-29724094	S2	Indo Lotus Global Private Limited	#indolotus	218A, 1St Floor, Village Pitampura, Delhi, North West Delhi, Delhi	218A-, 1ST FLOOR, VILLAGE PITAMPURA, DELHI, Delhi	indo lotus global private limited	indolotus	indo lotus global	indolotus	indo lotus global	indolotus	india	india
S1-102632194	S2-754843654	S2	Indo Lotus Global Private Limited	इंडो लोटस ग्लोबल प्राइवेट लिमिटेड	218A, 1St Floor, Village Pitampura, Delhi, North West Delhi, Delhi	218A, 1ST FLOOR, VILLAGE PITAMPURA, DELHI, NORTH WEST DELHI, Delhi	indo lotus global private limited	इंडो लोटस ग्लोबल प्राइवेट लिमिटेड	indo lotus global	इंडो लोटस ग्लोबल प्राइवेट लिमिटेड	indo lotus global	इंडो लोटस ग्लोबल प्राइवेट लिमिटेड	india	india
S1-102636765	S2-733179476	S2	Ram Food	राम फूड	222C173U79A, Nehru Park Road, Yamuna Nagar, Haryana	222C173U79A, NEHRU PARK ROAD, YAMUNA NAGAR, Haryana	ram food	राम फूड	ram food	राम फूड	ram food	राम फूड	india	india
S1-102636765	S3-890418163	S3	Ram Food	राम फूड	222C173U79A, Nehru Park Road, Yamuna Nagar, Haryana	H.no 868 222C173U79A, Yamuna Nagar, Buria, HR	ram food	राम फूड	ram food	राम फूड	ram food	राम फूड	india	india
S1-102642558	S2-183049770	S2	Future International Limited	ಫ್ಯೂಚರ್ ಇಂಟರ್‌ನ್ಯಾಷನಲ್ ಲಿಮಿಟೆಡ್	No 42 Old No 143 6Th Main Road 4Th Block Jayanagar, Jayanagar, Bangalore, Karnataka	Karnataka, NO 42 OLD NO 143 6TH MAIN ROAD 4TH BLOCK JAYANAGAR, BANGALORE, JAYANAGAR	future international limited	ಫ್ಯೂಚರ್ ಇಂಟರ್‌ನ್ಯಾಷನಲ್ ಲಿಮಿಟೆಡ್	future international	ಫ್ಯೂಚರ್ ಇಂಟರ್‌ನ್ಯಾಷನಲ್ ಲಿಮಿಟೆಡ್	future international	ಫ್ಯೂಚರ್ ಇಂಟರ್‌ನ್ಯಾಷನಲ್ ಲಿಮಿಟೆಡ್	india	india
S1-102642558	S3-106961986	S3	Future International Limited	ಫ್ಯೂಚರ್ ಇಂಟರ್‌ನ್ಯಾಷನಲ್ ಲಿಮಿಟೆಡ್	No 42 Old No 143 6Th Main Road 4Th Block Jayanagar, Jayanagar, Bangalore, Karnataka	No 042 Old No 143 6Th Main Road 4Th Block Jayanagar, Jayanagar, Bangalore, ಕರ್ನಾಟಕ	future international limited	ಫ್ಯೂಚರ್ ಇಂಟರ್‌ನ್ಯಾಷನಲ್ ಲಿಮಿಟೆಡ್	future international	ಫ್ಯೂಚರ್ ಇಂಟರ್‌ನ್ಯಾಷನಲ್ ಲಿಮಿಟೆಡ್	future international	ಫ್ಯೂಚರ್ ಇಂಟರ್‌ನ್ಯಾಷನಲ್ ಲಿಮಿಟೆಡ್	india	india
S1-102642558	S3-612481347	S3	Future International Limited	ಫ್ಯೂಚರ್ ಇಂಟರ್‌ನ್ಯಾಷನಲ್ ಲಿಮಿಟೆಡ್	No 42 Old No 143 6Th Main Road 4Th Block Jayanagar, Jayanagar, Bangalore, Karnataka	KA, H.no 042 Old No 143 6Th Main Rod 4Th Block Jayanagar, Jayanagar, Bangalore	future international limited	ಫ್ಯೂಚರ್ ಇಂಟರ್‌ನ್ಯಾಷನಲ್ ಲಿಮಿಟೆಡ್	future international	ಫ್ಯೂಚರ್ ಇಂಟರ್‌ನ್ಯಾಷನಲ್ ಲಿಮಿಟೆಡ್	future international	ಫ್ಯೂಚರ್ ಇಂಟರ್‌ನ್ಯಾಷನಲ್ ಲಿಮಿಟೆಡ್	india	india
S1-102650266	S2-63879461	S2	As Farmers Ltd	As Faems Ltd	Shed No. D 6, Devashray Industrial Park, Opp. Suraj Auto, B/H Gidc Phase 4, Vatva, Ahmedabad, Gujarat	H.NO 191. SHED NO. D 6, DEVASHRAY INDUSTRIAL PARK, OPP. SURAJ AUTO, B/H GIDC PHASE 4, VATVA, AHMEDABAD, Gujarat	as farmers ltd	as faems ltd	as farmers	as faems	as farmers	as faems	india	india
S1-102654924	S2-862823512	S2	Vision Infotech Private Limited	விஷன் இன்ஃபோடெக் பிரைவேட் லிமிடெட்	Rkg Industrial Estate, Coimbatore, Tamil Nadu, Coimbatore North	RKG INDUSTRIAL ESTATE, COIMBATORE NORTH, COIMBATORE, Tamil Nadu	vision infotech private limited	விஷன் இன்ஃபோடெக் பிரைவேட் லிமிடெட்	vision infotech	விஷன் இன்ஃபோடெக் பிரைவேட் லிமிடெட்	vision infotech	விஷன் இன்ஃபோடெக் பிரைவேட் லிமிடெட்	india	india
S1-102654924	S3-640832192	S3	Vision Infotech Private Limited	Vision lnfotech  Private Limited	Rkg Industrial Estate, Coimbatore, Tamil Nadu, Coimbatore North	Rkg Industrial Estate, Coimbatore, Coimbatore North, தமிழ்நாடு	vision infotech private limited	vision lnfotech private limited	vision infotech	vision lnfotech	vision infotech	vision lnfotech	india	india
S1-102659577	S2-877785019	S2	UE Vintrade Private Limited	UE Vintade Private Limited	302, Shivkripa Apartment, B-20 Shriji Valley, Indore, Madhya Pradesh	30, SHIVKRIPA APARTMENT, B-20 SHRIJI VALLEY, INDORE, N/A, मध्य प्रदेश	ue vintrade private limited	ue vintade private limited	ue vintrade	ue vintade	ue vintrade	ue vintade	india	india
S1-102659577	S2-991853359	S2	UE Vintrade Private Limited	Private UE Vintrade Limited	302, Shivkripa Apartment, B-20 Shriji Valley, Indore, Madhya Pradesh	30, INDORE, N/A, Madhya Pradesh	ue vintrade private limited	private ue vintrade limited	ue vintrade	private ue vintrade	ue vintrade	private ue vintrade	india	india
S1-102661159	S2-648760453	S2	Hicks Heartland Kgaa Clinic	HICKSHEARTLANDKGAA.COM	10 Midland Street, Shawnee, OK	MIDLAND STREET, SHAWNEE CITY, OK	hicks heartland kgaa clinic	hicksheartlandkgaa com	hicks heartland kgaa clinic	hicksheartlandkgaa com	hicks heartland kgaa clinic	hicksheartlandkgaa com	us	us
S1-102677908	S2-870897042	S2	Signature Texas LP	signaturetexas.com	620 29th Ave SW, Cedar Rapids, IA	620 29TH AVE SW, CEDAR RAPIDS, IA	signature texas lp	signaturetexas com	signature texas	signaturetexas com	signature texas	signaturetexas com	us	us
S1-102680607	S2-602817476	S2	Sky Ventures Private Limited	स्काई वेंचर्स प्राइवेट लिमिटेड	Plot No 93, Gorkhede Complex, Seminary Hill, Nagpur, Maharashtra	93, GORKHEDE COMPLEX, SEMINARY HILL, NAGPUR, महाराष्ट्र	sky ventures private limited	स्काई वेंचर्स प्राइवेट लिमिटेड	sky ventures	स्काई वेंचर्स प्राइवेट लिमिटेड	sky ventures	स्काई वेंचर्स प्राइवेट लिमिटेड	india	india
S1-102680607	S2-699663094	S2	Sky Ventures Private Limited	स्काई वेंचर्स प्राइवेट लिमिटेड	Plot No 93, Gorkhede Complex, Seminary Hill, Nagpur, Maharashtra	NAGPUR, महाराष्ट्र, NAGPUR, PLOT NO 93, GORKHEDE COMPLEX, SEMINARY HILL	sky ventures private limited	स्काई वेंचर्स प्राइवेट लिमिटेड	sky ventures	स्काई वेंचर्स प्राइवेट लिमिटेड	sky ventures	स्काई वेंचर्स प्राइवेट लिमिटेड	india	india
S1-102680607	S2-945721309	S2	Sky Ventures Private Limited	स्काई वेंचर्स प्राइवेट लिमिटेड	Plot No 93, Gorkhede Complex, Seminary Hill, Nagpur, Maharashtra	DOOR NO 93, GORKHEDE COMPLEX, SEMINARY HILL, NAGPUR, Maharashtra	sky ventures private limited	स्काई वेंचर्स प्राइवेट लिमिटेड	sky ventures	स्काई वेंचर्स प्राइवेट लिमिटेड	sky ventures	स्काई वेंचर्स प्राइवेट लिमिटेड	india	india
S1-102680607	S3-6624746	S3	Sky Ventures Private Limited	SV	Plot No 93, Gorkhede Complex, Seminary Hill, Nagpur, Maharashtra	Plot No 93, Gorkhede Complex, Seminary Hill, Nagpur, Maharashtra	sky ventures private limited	sv	sky ventures	sv	sky ventures	sv	india	india
S1-102687790	S2-334873987	S2	Ss Developers	Ss Service	C/O Abdul Jaleel, Suite 006, Vaisyam Purath, Kozhikode, Kerala	C/O ABDUL JALEEL, SUITE 006, VAISYAM PURATH, KOZHIKODE, Kerala	ss developers	ss service	ss developers	ss service	ss developers	ss service	india	india
S1-102687790	S2-882505365	S2	Ss Developers	എസ്എസ് ഡെവലപ്പേഴ്സ്	C/O Abdul Jaleel, Suite 006, Vaisyam Purath, Kozhikode, Kerala	C/O ABDUL JALEEL, SUITE 006, VAISYAM PURATH, KOZHIKODE, കേരളം	ss developers	എസ്എസ് ഡെവലപ്പേഴ്സ്	ss developers	എസ്എസ് ഡെവലപ്പേഴ്സ്	ss developers	എസ്എസ് ഡെവലപ്പേഴ്സ്	india	india
S1-10269030	S3-285235020	S3	Big Auto Body	bigautobody.com	5166 Winterberry Circle, Unit APT C, Indianapolis, IN	Indianapollis, 5168 Winterberry Circle, Indiana, Unit APT C	big auto body	bigautobody com	big auto body	bigautobody com	big auto body	bigautobody com	us	us
S1-10269030	S3-68227108	S3	Big Auto Body	Big Áuto Body	5166 Winterberry Circle, Unit APT C, Indianapolis, IN	Indianapollis, Winterberry Circle, Indiana, # APT C	big auto body	big áuto body	big auto body	big áuto body	big auto body	big áuto body	us	us
S1-1026905	S2-976131657	S2	Bharti Solutionsprivate Private Limited	bhartisolutionsprivate.com	112, Floor-1St, 15A/15B, Supariwala Estate, Tata Rd, Mumbai, Maharashtra	112, FLOOR-1ST, 15A/15B, SUPARIWALA ESTATE, TATA RD, MUMBAI, महाराष्ट्र	bharti solutionsprivate private limited	bhartisolutionsprivate com	bharti solutionsprivate	bhartisolutionsprivate com	bharti solutionsprivate	bhartisolutionsprivate com	india	india
S1-102711763	S2-132784953	S2	Gujarat Jay Developers Private Limited	ಗುಜರಾತ್ ಜೇ ಡೆವಲಪರ್ಸ್ ಪ್ರೈವೇಟ್ ಲಿಮಿಟೆಡ್	No.714, 13Th Main, Mico Layout, Hongasandra, Bangalore South, Bangalore, Karnataka	BENGALURU HQ REGION, ಕರ್ನಾಟಕ, NO.B3/714	gujarat jay developers private limited	ಗುಜರಾತ್ ಜೇ ಡೆವಲಪರ್ಸ್ ಪ್ರೈವೇಟ್ ಲಿಮಿಟೆಡ್	gujarat jay developers	ಗುಜರಾತ್ ಜೇ ಡೆವಲಪರ್ಸ್ ಪ್ರೈವೇಟ್ ಲಿಮಿಟೆಡ್	gujarat jay developers	ಗುಜರಾತ್ ಜೇ ಡೆವಲಪರ್ಸ್ ಪ್ರೈವೇಟ್ ಲಿಮಿಟೆಡ್	india	india
S1-102711763	S2-744040627	S2	Gujarat Jay Developers Private Limited	ಗುಜರಾತ್ ಜಯ್ ಡೆವಲಪರ್ಸ್ ಪ್ರೈವೇಟ್ ಲಿಮಿಟೆಡ್	No.714, 13Th Main, Mico Layout, Hongasandra, Bangalore South, Bangalore, Karnataka	NO B3/714, BENGALURU HQ REGION, Karnataka	gujarat jay developers private limited	ಗುಜರಾತ್ ಜಯ್ ಡೆವಲಪರ್ಸ್ ಪ್ರೈವೇಟ್ ಲಿಮಿಟೆಡ್	gujarat jay developers	ಗುಜರಾತ್ ಜಯ್ ಡೆವಲಪರ್ಸ್ ಪ್ರೈವೇಟ್ ಲಿಮಿಟೆಡ್	gujarat jay developers	ಗುಜರಾತ್ ಜಯ್ ಡೆವಲಪರ್ಸ್ ಪ್ರೈವೇಟ್ ಲಿಮಿಟೆಡ್	india	india
S1-102737576	S3-887198267	S3	Sweet Cafe Inc	Sweet Cafe Ínc	NY, Bronx, 1495 222 Street		sweet cafe inc	sweet cafe ínc	sweet cafe	sweet cafe ínc	sweet cafe	sweet cafe ínc	us	us
S1-10274162	S3-323040372	S3	Future Healthcare Private Limited	फ्यूचर हेल्थकेयर प्राइवेट लिमिटेड	Flat No A-1402, Serenity Towers, Off Oshiwara Link Road, Jogeshwari (West, ), Mumbai, Mumbai City, Maharashtra	Flat No A, Serenity Towers, Off Oshiwara Link Road, Jogeshwari (West, ), Mumbai City, Mumbai, महाराष्ट्र	future healthcare private limited	फ्यूचर हेल्थकेयर प्राइवेट लिमिटेड	future healthcare	फ्यूचर हेल्थकेयर प्राइवेट लिमिटेड	future healthcare	फ्यूचर हेल्थकेयर प्राइवेट लिमिटेड	india	india
S1-10274162	S3-557146197	S3	Future Healthcare Private Limited	फ्यूचर हेल्थकेयर प्राइवेट लिमिटेड	Flat No A-1402, Serenity Towers, Off Oshiwara Link Road, Jogeshwari (West, ), Mumbai, Mumbai City, Maharashtra	Flat No A, Serenity Towers, Off Oshiwara Link Road, Jogeshwari (West, ), Mumbai, Mumbai City, महाराष्ट्र	future healthcare private limited	फ्यूचर हेल्थकेयर प्राइवेट लिमिटेड	future healthcare	फ्यूचर हेल्थकेयर प्राइवेट लिमिटेड	future healthcare	फ्यूचर हेल्थकेयर प्राइवेट लिमिटेड	india	india
S1-102747990	S2-131024101	S2	Animal Welfare Society Inc	anima1welfaresociety.com	5602 43rd Avenue, Tacoma, WA	43ST AVENUE, TACOMA, WA	animal welfare society inc	anima1welfaresociety com	animal welfare society	anima1welfaresociety com	animal welfare society	anima1welfaresociety com	us	us
S1-102748138	S2-105805734	S2	Jay Hospitality Private Limited	ଜୟ ହସ୍ପିଟାଲିଟି ପ୍ରାଇଭେଟ୍ ଲିମିଟେଡ୍	Siripur Square, Madhapur, Kendujhar, Orissa	#126 SIRIPUR SQUARE, MADHAPUR, KENDUJHAR, Odisha	jay hospitality private limited	ଜୟ ହସ୍ପିଟାଲିଟି ପ୍ରାଇଭେଟ୍ ଲିମିଟେଡ୍	jay hospitality	ଜୟ ହସ୍ପିଟାଲିଟି ପ୍ରାଇଭେଟ୍ ଲିମିଟେଡ୍	jay hospitality	ଜୟ ହସ୍ପିଟାଲିଟି ପ୍ରାଇଭେଟ୍ ଲିମିଟେଡ୍	india	india
S1-102748138	S2-899213895	S2	Jay Hospitality Private Limited	ଜୟ ହସ୍ପିଟାଲିଟି ପ୍ରାଇଭେଟ୍ ଲିମିଟେଡ୍	Siripur Square, Madhapur, Kendujhar, Orissa	126 SIRIPUR SQUARE, MADHAPUR, KENDUJHAR, Odisha	jay hospitality private limited	ଜୟ ହସ୍ପିଟାଲିଟି ପ୍ରାଇଭେଟ୍ ଲିମିଟେଡ୍	jay hospitality	ଜୟ ହସ୍ପିଟାଲିଟି ପ୍ରାଇଭେଟ୍ ଲିମିଟେଡ୍	jay hospitality	ଜୟ ହସ୍ପିଟାଲିଟି ପ୍ରାଇଭେଟ୍ ଲିମିଟେଡ୍	india	india
S1-102748138	S3-169177727	S3	Jay Hospitality Private Limited	@jayhospitality	Siripur Square, Madhapur, Kendujhar, Orissa	Siripur Square, Keonhar, Kendujhar, Orissa	jay hospitality private limited	jayhospitality	jay hospitality	jayhospitality	jay hospitality	jayhospitality	india	india
S1-102782539	S3-148618820	S3	Auto Realtech (India) Private Limited	Auto (India) Private Limited Center	Vill. - Mallikpur Bus Stand P.O. P.S. - Lalgola, Lalgola, Murshidabad, West Bengal		auto realtech india private limited	auto india private limited center	auto realtech india	auto india private limited center	auto realtech india	auto india private limited center	india	india
S1-10279133	S2-198477232	S2	F 8 Direct Angel P.C.	F 8 DITCT ANGEL P.C.	60 2121, Pittsburg, TX		f 8 direct angel pc	f 8 ditct angel pc	f 8 direct angel	f 8 ditct angel	f 8 direct angel	f 8 ditct angel	us	us
S1-102839915	S2-575941359	S2	Chapman Cafe LLC	Chapman Chapman Cafe Llc	7477 Commons Boulevard, Unit 0816, Chattanooga, TN		chapman cafe llc	chapman chapman cafe llc	chapman cafe	chapman chapman cafe	chapman cafe	chapman chapman cafe	us	us
S1-102839915	S3-455723041	S3	Chapman Cafe LLC	Chapman Chapman Cafe	7477 Commons Boulevard, Unit 0816, Chattanooga, TN		chapman cafe llc	chapman chapman cafe	chapman cafe	chapman chapman cafe	chapman cafe	chapman chapman cafe	us	us
S1-102839915	S3-586310210	S3	Chapman Cafe LLC	Chapman Cáfe LLC	7477 Commons Boulevard, Unit 0816, Chattanooga, TN	Commons Boulevard, Chattanoogga CDP, Tennessee	chapman cafe llc	chapman cáfe llc	chapman cafe	chapman cáfe	chapman cafe	chapman cáfe	us	us
S1-102847977	S2-187073639	S2	South Enterprises	साउथ एंटरप्राइजेज	C/O Sanjay Kumar Yadav, Billowa Ganji Wala Road, Gwalior, Madhya Pradesh	C-130 C/O SANJAY KUMAR YADAV, GWALIOR, Madhya Pradesh	south enterprises	साउथ एंटरप्राइजेज	south enterprises	साउथ एंटरप्राइजेज	south enterprises	साउथ एंटरप्राइजेज	india	india
S1-102847977	S3-220782206	S3	South Enterprises	साउथ एंटरप्राइजेज	C/O Sanjay Kumar Yadav, Billowa Ganji Wala Road, Gwalior, Madhya Pradesh	C/o Sanjay Kumar Yadav, Gwalior, MP	south enterprises	साउथ एंटरप्राइजेज	south enterprises	साउथ एंटरप्राइजेज	south enterprises	साउथ एंटरप्राइजेज	india	india
S1-102871081	S3-740762814	S3	Robust Cements Private Limited	R0bust Cements Private Limited	H.No.9, Street No.1, Czech Colony, Sanath Nagar, Hyderabad, Telangana	H.no.9., Street No.1, Czech Colony, Sanath Nagar, Ranga Reddy, Hyderabad, Andhra Pradesh	robust cements private limited	r0bust cements private limited	robust cements	r0bust cements	robust cements	r0bust cements	india	india
S1-10287127	S2-484399337	S2	UE Tri-State Bancorporation	ue tri-state banc0rporation	Olney, MD, 4016 Shallow Brook Lane	04016 SHALLOW BROOK LANE, OLNEY CITY, MD	ue tri state bancorporation	ue tri state banc0rporation	ue tri state bancorporation	ue tri state banc0rporation	ue tri state bancorporation	ue tri state banc0rporation	us	us
S1-10287127	S2-590595009	S2	UE Tri-State Bancorporation	UE Tri-State Báncorporation	Olney, MD, 4016 Shallow Brook Lane	04016 SHALLOW BROOK LN, OLNEY CITY, MD	ue tri state bancorporation	ue tri state báncorporation	ue tri state bancorporation	ue tri state báncorporation	ue tri state bancorporation	ue tri state báncorporation	us	us
S1-10289716	S3-868822755	S3	Aurora LLC	Aurora LLC (ID: 82272)	2036 California Avenue, Camden, AR	3036 California Avenue, Camden, Arkansas	aurora llc	aurora llc id 82272	aurora	aurora llc id 82272	aurora	aurora llc id 82272	us	us
S1-102923357	S2-862488557	S2	Jay Solutions LLP	जय सॉल्यूशंस एलएलपी	House No. 172 Sector 17, Gurgaon, Haryana	HOUSE NO. 172 SECTOR 17, GURGAON, GURGOAN, हरियाणा	jay solutions llp	जय सॉल्यूशंस एलएलपी	jay solutions	जय सॉल्यूशंस एलएलपी	jay solutions	जय सॉल्यूशंस एलएलपी	india	india
S1-102923357	S3-917620621	S3	Jay Solutions LLP	जय सॉल्यूशंस एलएलपी	House No. 172 Sector 17, Gurgaon, Haryana	House No. 172 Sector 17, Gurgaon, HR	jay solutions llp	जय सॉल्यूशंस एलएलपी	jay solutions	जय सॉल्यूशंस एलएलपी	jay solutions	जय सॉल्यूशंस एलएलपी	india	india
S1-102932806	S3-686297641	S3	Williams & Cleghorn Thunder Inc.	Williams & Cleohgrn Thunder Inc.	805 Savile Lane, Fort Mill, SC		williams and cleghorn thunder inc	williams and cleohgrn thunder inc	williams and cleghorn thunder	williams and cleohgrn thunder	williams and cleghorn thunder	williams and cleohgrn thunder	us	us
S1-10294735	S3-298929321	S3	Maa Technologies Private Limited	મા ટેક્નોલોજીસ પ્રાઇવેટ લિમિટેડ	Gujarat, 14, Vakhariya-3, Opp Khodiyar Mata Mandir, Kalol, Gandhinagar, Gandhi Nagar, Plot 13	Plot 13, Gandhi Nagar, GJ	maa technologies private limited	મા ટેક્નોલોજીસ પ્રાઇવેટ લિમિટેડ	maa technologies	મા ટેક્નોલોજીસ પ્રાઇવેટ લિમિટેડ	maa technologies	મા ટેક્નોલોજીસ પ્રાઇવેટ લિમિટેડ	india	india
S1-102957465	S2-606194420	S2	Valley Secure Connection	VALLEY SECURE CÓNNECTION	1809 Lincoln Street, Wilmington, DE	809 LINCOLN ST, WILMINGTON, DE	valley secure connection	valley secure cónnection	valley secure connection	valley secure cónnection	valley secure connection	valley secure cónnection	us	us
S1-102962283	S2-787774395	S2	Roopika Concepts LLP	rconcepts.com	Sipcot Industrial Complex, Madurai By Pass Road, T V Puram Po, Tuticorin, Tuticorin, Thoothukudi, Tamil Nadu	#603 SIPCTO INDUSTRIAL COMPLEX, MADURAI BY PASS ROAD, T V PURAM PO, TUTICORIN, TUTICORIN, THOOTHUKUDI, Tamil Nadu	roopika concepts llp	rconcepts com	roopika concepts	rconcepts com	roopika concepts	rconcepts com	india	india
S1-102962549	S3-97543769	S3	Olsen Corporation	Olsen Olsen Córporation	Arlington County, 968 Rochester Street, VA	568 Rochester St, Arlington County, Virginia	olsen corporation	olsen olsen córporation	olsen	olsen olsen córporation	olsen	olsen olsen córporation	us	us
S1-102982064	S2-608162938	S2	Star Infra Private Limited	स्टार इंफ्रा प्राइवेट लिमिटेड	Plot No.1, Ugf, Vigyan Vihar Near Yamuna Sport Complex, Delhi, East Delhi, Delhi	1, UGF, VIGYAN VIHAR NEAR YAMUNA SPORT COMPLEX, DELHI, EAST DELHI, Delhi	star infra private limited	स्टार इंफ्रा प्राइवेट लिमिटेड	star infra	स्टार इंफ्रा प्राइवेट लिमिटेड	star infra	स्टार इंफ्रा प्राइवेट लिमिटेड	india	india
S1-103016844	S2-83326779	S2	Wiggins, Barajas & Hernandez LP	wigginsbarajashernandez.com	323 Marie Street, Fl 1, Medford, OR	323 MARIE ST, MEDFORD, OR	wiggins barajas and hernandez lp	wigginsbarajashernandez com	wiggins barajas and hernandez	wigginsbarajashernandez com	wiggins barajas and hernandez	wigginsbarajashernandez com	us	us
S1-103027	S2-102237328	S2	QL Homes Private Limited	QL LIMITED PRIVATE HOMES	Delhi, West Delhi, Shop No-4 House No F-1, Delhi, Karampura Complex	SHOP NO-4 HOUSE NO F-1, KARAMPURA COMPLEX, DELHI, Delhi	ql homes private limited	ql limited private homes	ql homes	ql limited private homes	ql homes	ql limited private homes	india	india
S1-103027	S2-676147037	S2	QL Homes Private Limited	QL Homies Private Limited	Delhi, West Delhi, Shop No-4 House No F-1, Delhi, Karampura Complex	SHOP NO-4 HOUSE NO F-1, KARAMPURA COMPLEX, DELHI, Delhi	ql homes private limited	ql homies private limited	ql homes	ql homies	ql homes	ql homies	india	india
S1-103027	S3-238346196	S3	QL Homes Private Limited	Zetacalomira DBA: QL Homes Private Limited	Delhi, West Delhi, Shop No-4 House No F-1, Delhi, Karampura Complex	Shop No-4 House No F-1, Karampura Complex, Delhi, West Delhi, Delhi	ql homes private limited	zetacalomira dba ql homes private limited	ql homes	zetacalomira dba ql homes	ql homes	zetacalomira dba ql homes	india	india
S1-103028499	S2-118716829	S2	Fine Producer Corporation	Mr Fine Pdoruiecr Corporation	Office No.7, Aurangabad, Maharashtra, Sunderjeet Complex, Dashmeshnagar, Aurangabad	OFFICE NO.6, SUNDERJEET COMPLEX, DASHMESHNAGAR, AURANGABAD, Maharashtra	fine producer corporation	mr fine pdoruiecr corporation	fine producer	mr fine pdoruiecr	fine producer	mr fine pdoruiecr	india	india
S1-103028499	S2-340960597	S2	Fine Producer Corporation	Fine Prbucbr [Corporation]	Office No.7, Aurangabad, Maharashtra, Sunderjeet Complex, Dashmeshnagar, Aurangabad	OFFICE NO.6, SUNDERJEET COMPLEX, DASHMESHNAGAR, AURANGABAD, Maharashtra	fine producer corporation	fine prbucbr corporation	fine producer	fine prbucbr	fine producer	fine prbucbr	india	india
S1-103028499	S3-112239148	S3	Fine Producer Corporation	Lumonyxsyn d/b/a Fine Producer Corporation	Office No.7, Aurangabad, Maharashtra, Sunderjeet Complex, Dashmeshnagar, Aurangabad	Sunderjeet Complex, Dashmeshnagar, Aurangabad, Office No.7, Maharashtra	fine producer corporation	lumonyxsyn d b a fine producer corporation	fine producer	lumonyxsyn d b a fine producer	fine producer	lumonyxsyn d b a fine producer	india	india
S1-103028499	S3-313045794	S3	Fine Producer Corporation	Fine Prccdcuecr Corporation	Office No.7, Aurangabad, Maharashtra, Sunderjeet Complex, Dashmeshnagar, Aurangabad	Block A-391 Office No.7, Sunderjeet Complex, Dashmeshnagar, Aurangabad, MH	fine producer corporation	fine prccdcuecr corporation	fine producer	fine prccdcuecr	fine producer	fine prccdcuecr	india	india
S1-103053318	S2-655999384	S2	Golden Cleaning Service	Clenaing Golden Service	17528 Madison Street, Omaha, NE	NE, MADISON STREET, OMAHA CITY	golden cleaning service	clenaing golden service	golden cleaning service	clenaing golden service	golden cleaning service	clenaing golden service	us	us
S1-103060969	S2-198055667	S2	Rajesh Pro	RAJESHPROCOM	241 Dda Mig Flats Metro Apartments Jahangirpuri, New Delhi, West Delhi, Delhi	DOOR NO 241 DDA MIG FLATS METRO APARTMENTS JAHANGIRPURI, NEW DELHI, Delhi	rajesh pro	rajeshprocom	rajesh pro	rajeshprocom	rajesh pro	rajeshprocom	india	india
S1-103060969	S3-121276597	S3	Rajesh Pro	rajeshpro.com	241 Dda Mig Flats Metro Apartments Jahangirpuri, New Delhi, West Delhi, Delhi	New Delhi, 241 Dda Mig Flats Metro Apartments Jahangirpuri, West Delhi, DL	rajesh pro	rajeshpro com	rajesh pro	rajeshpro com	rajesh pro	rajeshpro com	india	india
S1-103060969	S3-452792514	S3	Rajesh Pro	Prorajesh.Com	241 Dda Mig Flats Metro Apartments Jahangirpuri, New Delhi, West Delhi, Delhi	No 241 Dda Mig Flats Metro Apartments Jahangirpuri, West Delhi, दिल्ली, New Delhi	rajesh pro	prorajesh com	rajesh pro	prorajesh com	rajesh pro	prorajesh com	india	india
S1-103061818	S2-16335658	S2	Innovative Finance Private Limited	इनोवेटिव फाइनेंस प्राइवेट लिमिटेड	Unit No. 212, Plot No 61, Raheja Arcade, Sector 11, C B D Belapur, Navi Mumbai, Mumbai City, Maharashtra	UNIT NO. 212, NAVI MUMBAI, MUMBAI CITY, महाराष्ट्र	innovative finance private limited	इनोवेटिव फाइनेंस प्राइवेट लिमिटेड	innovative finance	इनोवेटिव फाइनेंस प्राइवेट लिमिटेड	innovative finance	इनोवेटिव फाइनेंस प्राइवेट लिमिटेड	india	india
S1-103061818	S3-1671226	S3	Innovative Finance Private Limited	innovativefinance.com	Unit No. 212, Plot No 61, Raheja Arcade, Sector 11, C B D Belapur, Navi Mumbai, Mumbai City, Maharashtra	Navi Mumbai, Mumbai City, महाराष्ट्र, Unit No. 21	innovative finance private limited	innovativefinance com	innovative finance	innovativefinance com	innovative finance	innovativefinance com	india	india
S1-103061818	S3-444973874	S3	Innovative Finance Private Limited	Private Innovative Finabnce Limited	Unit No. 212, Plot No 61, Raheja Arcade, Sector 11, C B D Belapur, Navi Mumbai, Mumbai City, Maharashtra	Unit No. 21, Navi Mumbai, Mumbai City, MH	innovative finance private limited	private innovative finabnce limited	innovative finance	private innovative finabnce	innovative finance	private innovative finabnce	india	india
S1-103061818	S3-499988952	S3	Innovative Finance Private Limited	Innovative Finance Private Límited	Unit No. 212, Plot No 61, Raheja Arcade, Sector 11, C B D Belapur, Navi Mumbai, Mumbai City, Maharashtra	Mumbai City, MH, Unit No. 21, Navi Mumbai	innovative finance private limited	innovative finance private límited	innovative finance	innovative finance private límited	innovative finance	innovative finance private límited	india	india
S1-103061818	S3-534096165	S3	Innovative Finance Private Limited	M/s Innovative Finance Prívate Limited	Unit No. 212, Plot No 61, Raheja Arcade, Sector 11, C B D Belapur, Navi Mumbai, Mumbai City, Maharashtra	Unit No. 21, Navi Mumbai, Mumbai City, MH	innovative finance private limited	m s innovative finance prívate limited	innovative finance	m s innovative finance prívate	innovative finance	m s innovative finance prívate	india	india
S1-103077077	S3-911647820	S3	Q+ Aria LLC	Evoumbra	54 Beacon Street, Natick, MA	54 Beacon St, Natick, Massachusetts	q aria llc	evoumbra	q aria	evoumbra	q aria	evoumbra	us	us
S1-103077077	S3-940145493	S3	Q+ Aria LLC	qaria.com	54 Beacon Street, Natick, MA	54 Beacon St, Natick, Massachusetts	q aria llc	qaria com	q aria	qaria com	q aria	qaria com	us	us
S1-103080557	S3-780571925	S3	Midas Estates Co	Midas C0 Center	C/O Vikash Kumar, O, Makhdumpur Bagicha Kurjee, Phulwari, Patna, Bihar	Block B-964 C/o Vikash Kmmar, O, Makhdumpur Bagicha Kurjee, Phulwari, Patna, BR	midas estates co	midas c0 center	midas estates	midas c0 center	midas estates	midas c0 center	india	india
S1-103096449	S2-258910483	S2	Express Software Private Limited	Express Software Prívate Limited	C/O Shakuntala Singh, Ramganj, Rampur, Amethi, Sultanpur, Uttar Pradesh	C/O SHAKUNTALA SINGH, RAMGANJ, RAMPUR, AMETHI, Uttar Pradesh	express software private limited	express software prívate limited	express software	express software prívate	express software	express software prívate	india	india
S1-103100968	S2-897977946	S2	Rajasthan (India) Dream Private Limited	Rajasthan (India) Drmeam Private [Limited]	10, Government Place (East), Howrah, Kolkata, West Bengal	10, GOVERNMENT PLACE (EAST), KOLKATA, West Bengal	rajasthan india dream private limited	rajasthan india drmeam private limited	rajasthan india dream	rajasthan india drmeam	rajasthan india dream	rajasthan india drmeam	india	india
S1-103100968	S3-689994242	S3	Rajasthan (India) Dream Private Limited	rajasthanindiadream.com	10, Government Place (East), Howrah, Kolkata, West Bengal	10, Kolkata, WB	rajasthan india dream private limited	rajasthanindiadream com	rajasthan india dream	rajasthanindiadream com	rajasthan india dream	rajasthanindiadream com	india	india
S1-103109291	S3-205277683	S3	Diversified Robotics Enterprises Inc	Diversified Robotic Enterprises Inc	TX, Lytle, 14906 Lytle Somerset Road	Lytle Somerset Rd, Lytle, Texas	diversified robotics enterprises inc	diversified robotic enterprises inc	diversified robotics enterprises	diversified robotic enterprises	diversified robotics enterprises	diversified robotic enterprises	us	us
S1-103133835	S2-259110113	S2	Al Investments Private Limited	अल इन्वेस्टमेंट्स प्राइवेट लिमिटेड	Ac Bunder, Maharashtra, 301To 303, Mumbai, 3Rd Floor, New Vyapar Bhavan Premises Co-Op Soc Ltd., 49, P D'Mello Road, Carn	H.NO 301TO 303, 3RD FLOOR, NEW VYAPAR BHAVAN PREMISES CO-OP SOC LTD., 49, P D'MELLO ROAD, CARN, AC BUNDER, THANE, महाराष्ट्र	al investments private limited	अल इन्वेस्टमेंट्स प्राइवेट लिमिटेड	al investments	अल इन्वेस्टमेंट्स प्राइवेट लिमिटेड	al investments	अल इन्वेस्टमेंट्स प्राइवेट लिमिटेड	india	india
S1-103133835	S2-903541461	S2	Al Investments Private Limited	अल इन्वेस्टमेंट्स प्राइवेट लिमिटेड	Ac Bunder, Maharashtra, 301To 303, Mumbai, 3Rd Floor, New Vyapar Bhavan Premises Co-Op Soc Ltd., 49, P D'Mello Road, Carn	H.NO 301TO 303, MUMBAI, MANDVI, Maharashtra	al investments private limited	अल इन्वेस्टमेंट्स प्राइवेट लिमिटेड	al investments	अल इन्वेस्टमेंट्स प्राइवेट लिमिटेड	al investments	अल इन्वेस्टमेंट्स प्राइवेट लिमिटेड	india	india
S1-103133835	S3-622863144	S3	Al Investments Private Limited	अल इन्वेस्टमेंट्स प्राइवेट लिमिटेड	Ac Bunder, Maharashtra, 301To 303, Mumbai, 3Rd Floor, New Vyapar Bhavan Premises Co-Op Soc Ltd., 49, P D'Mello Road, Carn	301To 303, 3Rd Floor, New Vyapar Bhavan Premises Co-op Soc Ltd., 49, P D'mello Road, Carn, Ac Bunder, Mumbai, MH	al investments private limited	अल इन्वेस्टमेंट्स प्राइवेट लिमिटेड	al investments	अल इन्वेस्टमेंट्स प्राइवेट लिमिटेड	al investments	अल इन्वेस्टमेंट्स प्राइवेट लिमिटेड	india	india
S1-103133835	S3-971981536	S3	Al Investments Private Limited	अल इन्वेस्टमेंट्स प्राइवेट लिमिटेड	Ac Bunder, Maharashtra, 301To 303, Mumbai, 3Rd Floor, New Vyapar Bhavan Premises Co-Op Soc Ltd., 49, P D'Mello Road, Carn	301To 303, 3Rd Floor, New Vyapar Bhavan Premises Co-op Soc Ltd., 49, P D'mello Road, Carn, Mumbai, Ac Bunder, MH	al investments private limited	अल इन्वेस्टमेंट्स प्राइवेट लिमिटेड	al investments	अल इन्वेस्टमेंट्स प्राइवेट लिमिटेड	al investments	अल इन्वेस्टमेंट्स प्राइवेट लिमिटेड	india	india
S1-103135264	S3-710102856	S3	Integrated Abrdn PC	Integrated Adrn [PC]	8939 Calvin Circle, Newburgh, IN	Calvin Cir, Newburgh, Indiana	integrated abrdn pc	integrated adrn pc	integrated abrdn	integrated adrn	integrated abrdn	integrated adrn	us	us
S1-103155426	S2-873387870	S2	Keystone Clinic	keystoneclinic.com	209 Liberty Square Drive, IL, Troy	209  LIBERTY SQUARE DR, TROY, IL	keystone clinic	keystoneclinic com	keystone clinic	keystoneclinic com	keystone clinic	keystoneclinic com	us	us
S1-103155426	S3-374195247	S3	Keystone Clinic	Kéystone-Clinic	209 Liberty Square Drive, IL, Troy	209-D Liberty Square Dr, Troy, Illinois	keystone clinic	kéystone clinic	keystone clinic	kéystone clinic	keystone clinic	kéystone clinic	us	us
S1-103161874	S2-574351769	S2	Signature Robotics Corporation	SIGNATURE ROBOTICS Ventures	Unit Unit 6, WI, City Of Madison, 1509 Martin Street		signature robotics corporation	signature robotics ventures	signature robotics	signature robotics ventures	signature robotics	signature robotics ventures	us	us
S1-103173450	S2-826370826	S2	Southern Ventures Private Limited	சதர்ன் வென்ச்சர்ஸ் பிரைவேட் லிமிடெட்	Plot No. 53 & 54, No. 5C, Dhiyaa Padmanabha, River View Residency, 4Th & 5Th Street, Karapakkam, Kanchipuram, Tamil Nadu	PLOT NO. 53 & 54, KANCHIPURAM, THORAIPAKKAM, Tamil Nadu	southern ventures private limited	சதர்ன் வென்ச்சர்ஸ் பிரைவேட் லிமிடெட்	southern ventures	சதர்ன் வென்ச்சர்ஸ் பிரைவேட் லிமிடெட்	southern ventures	சதர்ன் வென்ச்சர்ஸ் பிரைவேட் லிமிடெட்	india	india
S1-103173450	S3-30109870	S3	Southern Ventures Private Limited	சதர்ன் வென்ச்சர்ஸ் பிரைவேட் லிமிடெட்	Plot No. 53 & 54, No. 5C, Dhiyaa Padmanabha, River View Residency, 4Th & 5Th Street, Karapakkam, Kanchipuram, Tamil Nadu	Door No 53 & 54, No. 5C, Dhiyaa Padmanabha, River View Residency, 4Th & 5Th Street, Karapakkam, Ekkaduthangal, Kanchipuram, TN	southern ventures private limited	சதர்ன் வென்ச்சர்ஸ் பிரைவேட் லிமிடெட்	southern ventures	சதர்ன் வென்ச்சர்ஸ் பிரைவேட் லிமிடெட்	southern ventures	சதர்ன் வென்ச்சர்ஸ் பிரைவேட் லிமிடெட்	india	india
S1-103190787	S2-660639891	S2	Literacy Ministries LLC	literacyministriescom	20045 Collier Ridge Road, IN, Fl 0, Guilford	2004 COLLIER RIDGE ROAD, GUILFORD, IN	literacy ministries llc	literacyministriescom	literacy ministries	literacyministriescom	literacy ministries	literacyministriescom	us	us
S1-103190787	S3-646015109	S3	Literacy Ministries LLC	Literacy Ministries Llc Trading	20045 Collier Ridge Road, IN, Fl 0, Guilford		literacy ministries llc	literacy ministries llc trading	literacy ministries	literacy ministries llc trading	literacy ministries	literacy ministries llc trading	us	us
S1-103197709	S2-819911922	S2	Indo Infra Private Limited	इंडो इंफ्रा प्राइवेट लिमिटेड	E-37, Anand Chawl, Gokul Nagar, Akurli Road, Kandivali East, Mumbai, Mumbai City, Maharashtra	B3/445 E-37, MUMBAI, MUMBAI CITY, Maharashtra	indo infra private limited	इंडो इंफ्रा प्राइवेट लिमिटेड	indo infra	इंडो इंफ्रा प्राइवेट लिमिटेड	indo infra	इंडो इंफ्रा प्राइवेट लिमिटेड	india	india
S1-103197709	S2-850950223	S2	Indo Infra Private Limited	इंडो इंफ्रा प्राइवेट लिमिटेड	E-37, Anand Chawl, Gokul Nagar, Akurli Road, Kandivali East, Mumbai, Mumbai City, Maharashtra	NO. B3/445 E-37, MUMBAI, MUMBAI CITY, महाराष्ट्र	indo infra private limited	इंडो इंफ्रा प्राइवेट लिमिटेड	indo infra	इंडो इंफ्रा प्राइवेट लिमिटेड	indo infra	इंडो इंफ्रा प्राइवेट लिमिटेड	india	india
S1-103197709	S3-784507501	S3	Indo Infra Private Limited	इंडो इंफ्रा प्राइवेट लिमिटेड	E-37, Anand Chawl, Gokul Nagar, Akurli Road, Kandivali East, Mumbai, Mumbai City, Maharashtra	E-0037, Mumbai, MH	indo infra private limited	इंडो इंफ्रा प्राइवेट लिमिटेड	indo infra	इंडो इंफ्रा प्राइवेट लिमिटेड	indo infra	इंडो इंफ्रा प्राइवेट लिमिटेड	india	india
S1-103202964	S2-431193839	S2	Mountain Association	mountainassociation.com	816 Beltline Road, Springfield, OR	SPRINGFIELD, OR, 816 BELTLINE RD	mountain association	mountainassociation com	mountain association	mountainassociation com	mountain association	mountainassociation com	us	us
S1-103208032	S3-86253072	S3	Modern Delta Tokyo	Modern Délta Tokyo LLC	2527 Lori Lane, Wilmington, DE		modern delta tokyo	modern délta tokyo llc	modern delta tokyo	modern délta tokyo	modern delta tokyo	modern délta tokyo	us	us
S1-103227140	S2-559040789	S2	Ram Impex Private Limited	राम इम्पेक्स प्राइवेट लिमिटेड	D 2 29 Rameswar Chs Ltd Plot 29 Svp Nagar Mahada Andheri W, Mumbai, Mumbai City, Maharashtra	D D/2 29 RAMESWAR CHS LTD PLOT 29 SVP NAGAR MAHADA ANDHERI W, MUMBAI CITY, MUMBAI, महाराष्ट्र	ram impex private limited	राम इम्पेक्स प्राइवेट लिमिटेड	ram impex	राम इम्पेक्स प्राइवेट लिमिटेड	ram impex	राम इम्पेक्स प्राइवेट लिमिटेड	india	india
S1-103227140	S3-753208779	S3	Ram Impex Private Limited	राम इम्पेक्स प्राइवेट लिमिटेड	D 2 29 Rameswar Chs Ltd Plot 29 Svp Nagar Mahada Andheri W, Mumbai, Mumbai City, Maharashtra	D 2 29 Rameswar Chs Ltd Plot 29 Svp Nagmr Mahada Andheri W, Mumbai, Mumbai City, MH	ram impex private limited	राम इम्पेक्स प्राइवेट लिमिटेड	ram impex	राम इम्पेक्स प्राइवेट लिमिटेड	ram impex	राम इम्पेक्स प्राइवेट लिमिटेड	india	india
S1-10326248	S3-448118345	S3	Grt Shree Private Limited	grtshree.com	Corporation Building Oldmotor Stand Itwari, Nagpur, Maharashtra	No 994 Corporation Building Oldmotor Stand Itwri, Nagpur, महाराष्ट्र	grt shree private limited	grtshree com	grt shree	grtshree com	grt shree	grtshree com	india	india
S1-103277826	S2-59609892	S2	Maa Hospitality Pvt Ltd	मां हॉस्पिटैलिटी प्रा. लि.	West Delhi, Delhi, H No 26 3Rd Floor Blk F Pkt 24 Sector 3, Rohini	H NO 26 3RD FLOOR BLK F PKT 24 SECTOR 3, ROHINI, WEST DELHI, दिल्ली	maa hospitality pvt ltd	मां हॉस्पिटैलिटी प्रा लि	maa hospitality	मां हॉस्पिटैलिटी प्रा लि	maa hospitality	मां हॉस्पिटैलिटी प्रा लि	india	india
S1-103277826	S3-326772481	S3	Maa Hospitality Pvt Ltd	मां हॉस्पिटैलिटी प्रा. लि.	West Delhi, Delhi, H No 26 3Rd Floor Blk F Pkt 24 Sector 3, Rohini	No 26 3Rd Floor Blk F Pkt 24 Sector 3, Rohini, West Delhi, DL	maa hospitality pvt ltd	मां हॉस्पिटैलिटी प्रा लि	maa hospitality	मां हॉस्पिटैलिटी प्रा लि	maa hospitality	मां हॉस्पिटैलिटी प्रा लि	india	india
S1-103304165	S3-449707775	S3	Tri-State Ministries of Houston	tmhouston.com	705 Bringhurst Street, Houston, TX	705 Bringhurst Street, Houston, Texas	tri state ministries of houston	tmhouston com	tri state ministries of houston	tmhouston com	tri state ministries of houston	tmhouston com	us	us
S1-10330508	S2-850144349	S2	Blue Consulting Pvt Ltd	ବ୍ଲୁ କନସଲଟିଂ ପ୍ରାଇଭେଟ୍ ଲିମିଟେଡ୍	Kalinga Houserasulgarh, Bhubaneswar, Puri, Orissa	KALINGA HOUSERASULGARH, BHUBANESWAR, PURI, Odisha	blue consulting pvt ltd	ବ୍ଲୁ କନସଲଟିଂ ପ୍ରାଇଭେଟ୍ ଲିମିଟେଡ୍	blue consulting	ବ୍ଲୁ କନସଲଟିଂ ପ୍ରାଇଭେଟ୍ ଲିମିଟେଡ୍	blue consulting	ବ୍ଲୁ କନସଲଟିଂ ପ୍ରାଇଭେଟ୍ ଲିମିଟେଡ୍	india	india
S1-10330508	S2-903728827	S2	Blue Consulting Pvt Ltd	ବ୍ଲୁ କନସଲଟିଂ ପ୍ରାଇଭେଟ୍ ଲିମିଟେଡ୍	Kalinga Houserasulgarh, Bhubaneswar, Puri, Orissa	KALINGA HOUSERASULGARH, BHUBANESWAR, PURI, Odisha	blue consulting pvt ltd	ବ୍ଲୁ କନସଲଟିଂ ପ୍ରାଇଭେଟ୍ ଲିମିଟେଡ୍	blue consulting	ବ୍ଲୁ କନସଲଟିଂ ପ୍ରାଇଭେଟ୍ ଲିମିଟେଡ୍	blue consulting	ବ୍ଲୁ କନସଲଟିଂ ପ୍ରାଇଭେଟ୍ ଲିମିଟେଡ୍	india	india
S1-10330508	S3-948297693	S3	Blue Consulting Pvt Ltd	ବ୍ଲୁ କନସଲଟିଂ ପ୍ରାଇଭେଟ୍ ଲିମିଟେଡ୍	Kalinga Houserasulgarh, Bhubaneswar, Puri, Orissa	Kalinga Houserasulgarh, Bhubaneswar, Puri, ଓଡ଼ିଶା	blue consulting pvt ltd	ବ୍ଲୁ କନସଲଟିଂ ପ୍ରାଇଭେଟ୍ ଲିମିଟେଡ୍	blue consulting	ବ୍ଲୁ କନସଲଟିଂ ପ୍ରାଇଭେଟ୍ ଲିମିଟେଡ୍	blue consulting	ବ୍ଲୁ କନସଲଟିଂ ପ୍ରାଇଭେଟ୍ ଲିମିଟେଡ୍	india	india
S1-103306577	S2-303100284	S2	Board of Buildings	Board of Búildings	IL, Kincaid, 1308 Springfield Road	308 SPRINGFIELD RD, KINCAID, IL	board of buildings	board of búildings	board of buildings	board of búildings	board of buildings	board of búildings	us	us
S1-103306577	S2-735335748	S2	Board of Buildings	Board Buildings of	IL, Kincaid, 1308 Springfield Road	308 SPRINGFIELD ROAD, KINCAID, IL	board of buildings	board buildings of	board of buildings	board buildings of	board of buildings	board buildings of	us	us
S1-103306577	S2-972889340	S2	Board of Buildings	Board of	IL, Kincaid, 1308 Springfield Road	308 SPRINGFIELD ROAD, KINCAID, IL	board of buildings	board of	board of buildings	board of	board of buildings	board of	us	us
S1-103315390	S2-934790281	S2	IYM Data Inc	iymdata.com	11514 35th Avenue, Vancouver, WA	VANCOUVER, WA, 11763-D 35TH AVE	iym data inc	iymdata com	iym data	iymdata com	iym data	iymdata com	us	us
S1-103315390	S3-453705850	S3	IYM Data Inc	idata.com	11514 35th Avenue, Vancouver, WA	11763 35th Ave, Vancouver CITY, Washington	iym data inc	idata com	iym data	idata com	iym data	idata com	us	us
S1-103321744	S2-49429398	S2	Vijay Marketing Private Limited	విజయ్ మార్కెటింగ్ ప్రైవేట్ లిమిటెడ్	Flat No 401 & 402, A Block, Plnr Apts Naidus Colony, Upparapally, Hyderguda, Hyderabad, Telangana	FLAT NO 401 & 402, HYDERABAD, తెలంగాణ	vijay marketing private limited	విజయ్ మార్కెటింగ్ ప్రైవేట్ లిమిటెడ్	vijay marketing	విజయ్ మార్కెటింగ్ ప్రైవేట్ లిమిటెడ్	vijay marketing	విజయ్ మార్కెటింగ్ ప్రైవేట్ లిమిటెడ్	india	india
S1-103321744	S3-357119154	S3	Vijay Marketing Private Limited	విజయ్ మార్కెటింగ్ ప్రైవేట్ లిమిటెడ్	Flat No 401 & 402, A Block, Plnr Apts Naidus Colony, Upparapally, Hyderguda, Hyderabad, Telangana	Flat No 401 & 402, Hyderabad, TG	vijay marketing private limited	విజయ్ మార్కెటింగ్ ప్రైవేట్ లిమిటెడ్	vijay marketing	విజయ్ మార్కెటింగ్ ప్రైవేట్ లిమిటెడ్	vijay marketing	విజయ్ మార్కెటింగ్ ప్రైవేట్ లిమిటెడ్	india	india
S1-103332654	S3-675728691	S3	PXF Products Private Limited	Ppprivate.Com	First Floor, Office No 34, Sai Chamber, Plot No 44, Sector 11, Cbd Belapur, Navi Mumbai, Thane, Maharashtra	First Floor, Office No 34, Sai Chamber, Plot No 44, Sector 11, Cbd Belapur, Navi Mumbai, Thane, MH	pxf products private limited	ppprivate com	pxf products	ppprivate com	pxf products	ppprivate com	india	india
S1-103337363	S3-318156987	S3	Blue Barbershop!	Blue  Barbersihtobp!	2641 Mountain Road, Torrington, CT	Torrington, Mountain Rd, Connecticut	blue barbershop	blue barbersihtobp	blue barbershop	blue barbersihtobp	blue barbershop	blue barbersihtobp	us	us
S1-103347610	S3-975580093	S3	Rocky Fellowship LLC	LLC ROCKY FELLOWSHIP	10342 Oakwood Avenue, Hesperia, CA	1034 Oakwood Ave, null, Hesperia CITY, California	rocky fellowship llc	llc rocky fellowship	rocky fellowship	llc rocky fellowship	rocky fellowship	llc rocky fellowship	us	us
S1-103349435	S2-918006265	S2	Horizon Pinnacle Chain	horizonpinnaclechain.com	4559 Keeler Avenue, Chicago, IL	KEELER AVENUE, CHICAGO, IL	horizon pinnacle chain	horizonpinnaclechain com	horizon pinnacle chain	horizonpinnaclechain com	horizon pinnacle chain	horizonpinnaclechain com	us	us
S1-103362164	S3-25200296	S3	Dental Associates of Mooresville	Dental Associates of Center Center	166 Maranta Road, NC, Mooresville	166 Maranta Rd, Mooresville, North Carolina	dental associates of mooresville	dental associates of center center	dental associates of mooresville	dental associates of center center	dental associates of mooresville	dental associates of center center	us	us
S1-103386488	S2-801349988	S2	International Krishna Hospitality Private Limited	इंटरनेशनल कृष्णा हॉस्पिटैलिटी प्राइवेट लिमिटेड	Allahabad, 82D/4A Kakkar Lane Rasulabad Teliyargank, Uttar Pradesh	H.NO 82D/4A KAKKAR LANE RASULABAD TELIYARGANK, ALLAHABAD, उत्तर प्रदेश	international krishna hospitality private limited	इंटरनेशनल कृष्णा हॉस्पिटैलिटी प्राइवेट लिमिटेड	international krishna hospitality	इंटरनेशनल कृष्णा हॉस्पिटैलिटी प्राइवेट लिमिटेड	international krishna hospitality	इंटरनेशनल कृष्णा हॉस्पिटैलिटी प्राइवेट लिमिटेड	india	india
S1-103386488	S3-142472203	S3	International Krishna Hospitality Private Limited	इंटरनेशनल कृष्णा हॉस्पिटैलिटी प्राइवेट लिमिटेड	Allahabad, 82D/4A Kakkar Lane Rasulabad Teliyargank, Uttar Pradesh	82D/4 Kakkar Lane Rasulabad Teliyargank, Allahabad, उत्तर प्रदेश	international krishna hospitality private limited	इंटरनेशनल कृष्णा हॉस्पिटैलिटी प्राइवेट लिमिटेड	international krishna hospitality	इंटरनेशनल कृष्णा हॉस्पिटैलिटी प्राइवेट लिमिटेड	international krishna hospitality	इंटरनेशनल कृष्णा हॉस्पिटैलिटी प्राइवेट लिमिटेड	india	india
S1-103386655	S2-696937124	S2	Arihant Solutions LLP	Smt arihantsol.com	Ja 204 Tower A, Dlf Towers Jasola Distt. Centre Jasola, New Delhi, Delhi	JA 204. TOWER A, DLF TOWERS JASOLA DISTT. CENTRE JASOLA, Delhi	arihant solutions llp	smt arihantsol com	arihant solutions	smt arihantsol com	arihant solutions	smt arihantsol com	india	india
S1-103401715	S2-382884993	S2	Midwest Health Center Inc.	midwesthealthcenter.com	2407 Spring Wagon Lane, TX, Austin	SPRING WAGON LN, AUSTIN, TX	midwest health center inc	midwesthealthcenter com	midwest health center	midwesthealthcenter com	midwest health center	midwesthealthcenter com	us	us
S1-103401797	S3-716973783	S3	Innovative Quality Cherry Clinic	Nylawex	2 Weaver Street, Unit 301, Fall River, MA	Weaver St, Unit 301, Fall River, Massachusetts	innovative quality cherry clinic	nylawex	innovative quality cherry clinic	nylawex	innovative quality cherry clinic	nylawex	us	us
S1-103418007	S3-727407922	S3	Prudhvi Inspection Limited	PI	Unit No. 101, 1St Floor, Copper Arch, Infantry Road, Bangalore, Bangalore North, Bangalore, Karnataka	Unit No. 101, 1St Floor, Copper Arch, Infantry Road, Bangalore, Bangalore North, Bangalore, Karnataka	prudhvi inspection limited	pi	prudhvi inspection	pi	prudhvi inspection	pi	india	india
S1-103418523	S3-984298622	S3	Mathur Traders Private Limited	MT	C/O Rajesh Kumar Gupta, Shobhaganj Sasaram, Sasaramu, Sbpd, Sasaram, Rohtas, Bihar	C/O Rajesh Kumar Gupta, Shobhaganj Sasaram, Sasaramu, Sbpd, Sasaram, Rohtas, Bihar	mathur traders private limited	mt	mathur traders	mt	mathur traders	mt	india	india
S1-103418657	S2-336644180	S2	Fresh Amplify LLC	Onyxgildxylo	Point Roberts, 34 Diane Circle, WA	DIANE CIR, POINT ROBERS, WA	fresh amplify llc	onyxgildxylo	fresh amplify	onyxgildxylo	fresh amplify	onyxgildxylo	us	us
S1-103425888	S3-22557691	S3	Tanaya Cafe LLP	tanayacafe.com	B203 Akshar Enclave Nr, Shriharibunglows Canal, Vadodara, Gujarat	B203 Akshar Enlcave Nr, Shriharibunglows Canal, Vadodara, GJ	tanaya cafe llp	tanayacafe com	tanaya cafe	tanayacafe com	tanaya cafe	tanayacafe com	india	india
S1-103425888	S3-960315756	S3	Tanaya Cafe LLP	TC	B203 Akshar Enclave Nr, Shriharibunglows Canal, Vadodara, Gujarat	Vadodara, B203 Akshar Enclave Nr, Vadodara, Shriharibunglows Canal, Gujarat	tanaya cafe llp	tc	tanaya cafe	tc	tanaya cafe	tc	india	india
S1-103433012	S2-216913397	S2	Monnett Yhn LLC	MSCNNTT YHN LLC	2546 Conners Avenue, Bend, OR	02546 CONNERS AVE, BEND, OR	monnett yhn llc	mscnntt yhn llc	monnett yhn	mscnntt yhn	monnett yhn	mscnntt yhn	us	us
S1-103442485	S3-728260131	S3	Ear Nose & Throat Apex Medicine	Ear Nose & Apex Throat Medicine	259 Lakeview Drive, Camdenton, MO	Lakeview Drive, Camdenton, Missouri	ear nose and throat apex medicine	ear nose and apex throat medicine	ear nose and throat apex medicine	ear nose and apex throat medicine	ear nose and throat apex medicine	ear nose and apex throat medicine	us	us
S1-103472189	S2-317941234	S2	Silver Media Private Limited	सिल्वर मीडिया प्राइवेट लिमिटेड	G-7 Ground Floor Shop, No 3 Vishwakarma Colony, New Delhi, South Delhi, Delhi	G-7 GROUND FLOOR SHOP, NO 3 VISHWAKARMA COLONY, NEW DELHI, SOUTH DELHI, Delhi	silver media private limited	सिल्वर मीडिया प्राइवेट लिमिटेड	silver media	सिल्वर मीडिया प्राइवेट लिमिटेड	silver media	सिल्वर मीडिया प्राइवेट लिमिटेड	india	india
S1-103472189	S2-512862501	S2	Silver Media Private Limited	Silver Media Private Límited	G-7 Ground Floor Shop, No 3 Vishwakarma Colony, New Delhi, South Delhi, Delhi	G-7 GROUDN FLOOR SHOP, NO 3 VISHWAKARMA COLONY, NEW DELHI, Delhi	silver media private limited	silver media private límited	silver media	silver media private límited	silver media	silver media private límited	india	india
S1-103472189	S3-644747453	S3	Silver Media Private Limited	सिल्वर मीडिया प्राइवेट लिमिटेड	G-7 Ground Floor Shop, No 3 Vishwakarma Colony, New Delhi, South Delhi, Delhi	G-7 Ground Floor Shop, No 3 Vishwakarma Colony, South Delhi, New Delhi, दिल्ली	silver media private limited	सिल्वर मीडिया प्राइवेट लिमिटेड	silver media	सिल्वर मीडिया प्राइवेट लिमिटेड	silver media	सिल्वर मीडिया प्राइवेट लिमिटेड	india	india
S1-103496407	S2-639227805	S2	First Miluna L.L.C.	First Míluna L.L.C.	708 Fuller Avenue, Independence, MO		first miluna llc	first míluna llc	first miluna	first míluna	first miluna	first míluna	us	us
S1-103514223	S2-408868356	S2	Charming Doorstep Pvt. Ltd.	Smt chármingdoorstep.com	Vakharia House, Plot No. 3, Presidency Chsns Rd No. 9, Juhu Scheme, Mumbai, Mumbai City, Maharashtra	HN 491 VAKHARIA HOUSE, PLOT NO. 3, PRESIDENCY CHSNS RD NO. 9, JUHU SCHEME, MUMBAI, Maharashtra	charming doorstep pvt ltd	smt chármingdoorstep com	charming doorstep	smt chármingdoorstep com	charming doorstep	smt chármingdoorstep com	india	india
S1-103514823	S3-240193397	S3	Rdm Solutions Private Limited	#rdmsolutions	N.H-5, 1St, Pithapuram Colony, Maddila, Visakhapatnam, Vishakhapatnam, D.No.9/1/13/A, Visakhapatnam, Andhra Pradesh	AP, Visakhapatnam, Vishakhapatnam, D.no.9/1/13/a	rdm solutions private limited	rdmsolutions	rdm solutions	rdmsolutions	rdm solutions	rdmsolutions	india	india
S1-103522314	S2-262077652	S2	Shakshi Institute	SHAKSHIINSTITUTE.COM	Office No. 305, Jay Antriksh Building, Makwana Road, Marol, Andheri (East), Mumbai, Mumbai City, Maharashtra	OFFICE NO. 00305, JAY ANTRIKSH BUILDING, MAKWANA ROAD, MAROL, ANDHERI (EAST), MUMBAI, महाराष्ट्र	shakshi institute	shakshiinstitute com	shakshi institute	shakshiinstitute com	shakshi institute	shakshiinstitute com	india	india
S1-103522314	S2-539837387	S2	Shakshi Institute	5HAKSHI INSTITUTE	Office No. 305, Jay Antriksh Building, Makwana Road, Marol, Andheri (East), Mumbai, Mumbai City, Maharashtra	JAY ANTRIKSH BUILDING, MAKWANA ROAD, MAROL, ANDHERI (EAST), महाराष्ट्र, MUMBAI CITY, OFFICE NO. 00305, MUMBAI REGION	shakshi institute	5hakshi institute	shakshi institute	5hakshi institute	shakshi institute	5hakshi institute	india	india
S1-103527292	S3-670915877	S3	Heritage National Private Inc	Heritage National Phialei (Inc)	625 Avalon Gardens Drive, Clarkstown, NY	Avalon Gardens Dr, Clarkstown, New York	heritage national private inc	heritage national phialei inc	heritage national	heritage national phialei	heritage national	heritage national phialei	us	us
S1-103530903	S3-650471860	S3	Deskin & Ward Xrp	DWX	518 Alpha Street, Birmingham, AL	518 Alpha Street, Birmingham, AL	deskin and ward xrp	dwx	deskin and ward xrp	dwx	deskin and ward xrp	dwx	us	us
S1-103546004	S3-307240970	S3	Straight Edge Tavern LP	Straight Edge Tavern LP Service	5645 Pardee Smith Road, Arcadia, NY	564 Pardee Smith Rd, Arcadia, New York	straight edge tavern lp	straight edge tavern lp service	straight edge tavern	straight edge tavern lp service	straight edge tavern	straight edge tavern lp service	us	us
S1-103546004	S3-462217106	S3	Straight Edge Tavern LP	[LP] Straight Edge Tavern	5645 Pardee Smith Road, Arcadia, NY	564 Pardee Smith Rd, Arcadia, New York	straight edge tavern lp	lp straight edge tavern	straight edge tavern	lp straight edge tavern	straight edge tavern	lp straight edge tavern	us	us
S1-103550211	S2-666244182	S2	Shiva Finance Private Limited	शिवा फाइनेंस प्राइवेट लिमिटेड	215 Birya House265 Bazar Gale Street Fort, Mumbai, Maharashtra	215 BIRYA HOUSE265 BAZAR GALE STREET FORT, MUMBAI, Maharashtra	shiva finance private limited	शिवा फाइनेंस प्राइवेट लिमिटेड	shiva finance	शिवा फाइनेंस प्राइवेट लिमिटेड	shiva finance	शिवा फाइनेंस प्राइवेट लिमिटेड	india	india
S1-103560558	S3-481941354	S3	Allied Charter School	acschool.com	1402 201st Street, Seatac, WA	1402 201rd St, NULL, Seatac, Washington	allied charter school	acschool com	allied charter school	acschool com	allied charter school	acschool com	us	us
S1-103583863	S2-482886258	S2	Fortune Marketing Private Limited	Fortune Fortune Marketing Private	Maharashtra, 2/3 Moti Niwas Statin Roadpatil Estate Bhandup (W), Mumbai	#2/3 MOTI NIWAS STATIN ROADPATIL ESTATE BHANDUP (W), MUMBAI, Maharashtra	fortune marketing private limited	fortune fortune marketing private	fortune marketing	fortune fortune marketing	fortune marketing	fortune fortune marketing	india	india
S1-103583863	S2-757929254	S2	Fortune Marketing Private Limited	फॉर्च्यून मार्केटिंग प्राइवेट लिमिटेड	Maharashtra, 2/3 Moti Niwas Statin Roadpatil Estate Bhandup (W), Mumbai	NO 2/3 MOTI NIWAS STATIN ROADPATIL ESTATE BHANDUP (W), MUMBAI, Maharashtra	fortune marketing private limited	फॉर्च्यून मार्केटिंग प्राइवेट लिमिटेड	fortune marketing	फॉर्च्यून मार्केटिंग प्राइवेट लिमिटेड	fortune marketing	फॉर्च्यून मार्केटिंग प्राइवेट लिमिटेड	india	india
S1-103583863	S3-107905147	S3	Fortune Marketing Private Limited	फॉर्च्यून मार्केटिंग प्राइवेट लिमिटेड	Maharashtra, 2/3 Moti Niwas Statin Roadpatil Estate Bhandup (W), Mumbai	Door No 2/3 Moti Niwas Statin Roadpatil Estate Bhandup (W), Mumbai, MH	fortune marketing private limited	फॉर्च्यून मार्केटिंग प्राइवेट लिमिटेड	fortune marketing	फॉर्च्यून मार्केटिंग प्राइवेट लिमिटेड	fortune marketing	फॉर्च्यून मार्केटिंग प्राइवेट लिमिटेड	india	india
S1-103583863	S3-178679416	S3	Fortune Marketing Private Limited	Mr Fortune Marketing Private [Limited]	Maharashtra, 2/3 Moti Niwas Statin Roadpatil Estate Bhandup (W), Mumbai	H.no 2/3 Moti Niwas Statin Roadpatil Estate Bhandup (W), Mumbai, महाराष्ट्र	fortune marketing private limited	mr fortune marketing private limited	fortune marketing	mr fortune marketing	fortune marketing	mr fortune marketing	india	india
S1-103583863	S3-420426671	S3	Fortune Marketing Private Limited	Fortune-Marketing Prihte Limited	Maharashtra, 2/3 Moti Niwas Statin Roadpatil Estate Bhandup (W), Mumbai		fortune marketing private limited	fortune marketing prihte limited	fortune marketing	fortune marketing prihte	fortune marketing	fortune marketing prihte	india	india
S1-103583863	S3-70069420	S3	Fortune Marketing Private Limited	फॉर्च्यून मार्केटिंग प्राइवेट लिमिटेड	Maharashtra, 2/3 Moti Niwas Statin Roadpatil Estate Bhandup (W), Mumbai	No 2/3 Moti Niwas Statin Roadpatil Estate Bhandup (W), Mumbai, MH	fortune marketing private limited	फॉर्च्यून मार्केटिंग प्राइवेट लिमिटेड	fortune marketing	फॉर्च्यून मार्केटिंग प्राइवेट लिमिटेड	fortune marketing	फॉर्च्यून मार्केटिंग प्राइवेट लिमिटेड	india	india
S1-103600457	S2-760168540	S2	Pioneer Media Private Limited	पायोनियर मीडिया प्राइवेट लिमिटेड	Flat No A/206, Parmar Nagar, Pune, Maharashtra	FLAT NO A/206, PUNE, Maharashtra	pioneer media private limited	पायोनियर मीडिया प्राइवेट लिमिटेड	pioneer media	पायोनियर मीडिया प्राइवेट लिमिटेड	pioneer media	पायोनियर मीडिया प्राइवेट लिमिटेड	india	india
S1-103600457	S3-174788851	S3	Pioneer Media Private Limited	पायोनियर मीडिया प्राइवेट लिमिटेड	Flat No A/206, Parmar Nagar, Pune, Maharashtra	Flat No A/206, Pune, महाराष्ट्र	pioneer media private limited	पायोनियर मीडिया प्राइवेट लिमिटेड	pioneer media	पायोनियर मीडिया प्राइवेट लिमिटेड	pioneer media	पायोनियर मीडिया प्राइवेट लिमिटेड	india	india
S1-103652864	S2-371425712	S2	Good Urban Media Pvt Ltd	गुड अर्बन मीडिया प्रा. लि.	Ground Floor, Plot 147, 6, Mahavir Krupa, Jainsociety, Mumbai, Maharashtra	HN 588 GROUND FLOOR, MUMBAI, Maharashtra	good urban media pvt ltd	गुड अर्बन मीडिया प्रा लि	good urban media	गुड अर्बन मीडिया प्रा लि	good urban media	गुड अर्बन मीडिया प्रा लि	india	india
S1-103652864	S2-555444906	S2	Good Urban Media Pvt Ltd	गुड अर्बन मीडिया प्रा. लि.	Ground Floor, Plot 147, 6, Mahavir Krupa, Jainsociety, Mumbai, Maharashtra	HN 588 GROUND FLOOR, MUMBAI, महाराष्ट्र	good urban media pvt ltd	गुड अर्बन मीडिया प्रा लि	good urban media	गुड अर्बन मीडिया प्रा लि	good urban media	गुड अर्बन मीडिया प्रा लि	india	india
S1-103664467	S2-222655741	S2	Real Global Private Limited	रियल ग्लोबल प्राइवेट लिमिटेड	25-B, Mig Dda Flats, Shivam Enclave Delhi, Shahdara, Delhi	DELHI, 5-B, SHAHDARA, MIG DDA FLATS, SHIVAM ENCLAVE DELHI	real global private limited	रियल ग्लोबल प्राइवेट लिमिटेड	real global	रियल ग्लोबल प्राइवेट लिमिटेड	real global	रियल ग्लोबल प्राइवेट लिमिटेड	india	india
S1-103664467	S2-792290379	S2	Real Global Private Limited	Miravio	25-B, Mig Dda Flats, Shivam Enclave Delhi, Shahdara, Delhi	5-B, DELHI, SHAHDARA	real global private limited	miravio	real global	miravio	real global	miravio	india	india
S1-103664467	S2-849988308	S2	Real Global Private Limited	M/s Real Global Private	25-B, Mig Dda Flats, Shivam Enclave Delhi, Shahdara, Delhi	5-B, MIG DDA FLATS, SHIVAM ENCLAVE DELHI, SHAHDARA, दिल्ली	real global private limited	m s real global private	real global	m s real global	real global	m s real global	india	india
S1-103664467	S3-317348044	S3	Real Global Private Limited	Realglobal.Com	25-B, Mig Dda Flats, Shivam Enclave Delhi, Shahdara, Delhi	25-B, Mig Dda Flats, Shivam Enclave Delhi, Shahdara, DL	real global private limited	realglobal com	real global	realglobal com	real global	realglobal com	india	india
S1-103664467	S3-33485595	S3	Real Global Private Limited	रियल ग्लोबल प्राइवेट लिमिटेड	25-B, Mig Dda Flats, Shivam Enclave Delhi, Shahdara, Delhi	25-B, Mig Dda Flats, Shivam Enclave Delhi, Shahdara, दिल्ली	real global private limited	रियल ग्लोबल प्राइवेट लिमिटेड	real global	रियल ग्लोबल प्राइवेट लिमिटेड	real global	रियल ग्लोबल प्राइवेट लिमिटेड	india	india
S1-103664467	S3-769466299	S3	Real Global Private Limited	Real Global Limited Services	25-B, Mig Dda Flats, Shivam Enclave Delhi, Shahdara, Delhi	25-B, Shahdara, DL	real global private limited	real global limited services	real global	real global limited services	real global	real global limited services	india	india
S1-103688552	S2-281477873	S2	Dental Clear Physicians	dentalclearphysicians.com	2693 Amherst Avenue, Port Clinton, OH	693 AMHERST AVE, PORT CLINTON, OH	dental clear physicians	dentalclearphysicians com	dental clear physicians	dentalclearphysicians com	dental clear physicians	dentalclearphysicians com	us	us
S1-10368880	S3-993147468	S3	Gold Farmers LLP	Gold Gold Farmers (LLP) #23788	Flat No.501, P.No.274 N, Sr Residency, Serilingampally, K.V.Rangareddy, Telangana		gold farmers llp	gold gold farmers llp 23788	gold farmers	gold gold farmers llp 23788	gold farmers	gold gold farmers llp 23788	india	india
S1-103699992	S2-47346600	S2	Vijay Software	Vijay Soofwiarre	No 7, Vallalar Street, Karthikeyan Nagar, Maduravoyal, Chennai, Thiruvallur, Tamil Nadu	7 , VALLALAR STREET, KARTHIKEYAN NAGAR, MADURAVOYAL, CHENNAI, தமிழ்நாடு	vijay software	vijay soofwiarre	vijay software	vijay soofwiarre	vijay software	vijay soofwiarre	india	india
S1-103699992	S2-572049535	S2	Vijay Software	விஜய் சாஃப்ட்வேர்	No 7, Vallalar Street, Karthikeyan Nagar, Maduravoyal, Chennai, Thiruvallur, Tamil Nadu	NO 7, VALLALAR STREET, KARTHIKEYAN NAGAR, MADURAVOYAL, MADRAS, THIRUVALLUR, Tamil Nadu	vijay software	விஜய் சாஃப்ட்வேர்	vijay software	விஜய் சாஃப்ட்வேர்	vijay software	விஜய் சாஃப்ட்வேர்	india	india
S1-103699992	S3-348359662	S3	Vijay Software	Smt Vijay Software	No 7, Vallalar Street, Karthikeyan Nagar, Maduravoyal, Chennai, Thiruvallur, Tamil Nadu	Thiruvallur, TN, Vallalar Street, Karthikeyan Nagar, Maduravoyal, H.no 007, Tiruvallur	vijay software	smt vijay software	vijay software	smt vijay software	vijay software	smt vijay software	india	india
S1-103702354	S3-14737617	S3	Cobalt	Cobalt Services	2002 Hanchett Road, Wellsville, NY	New York, 2001 Hanchett Road, Wellsville	cobalt	cobalt services	cobalt	cobalt services	cobalt	cobalt services	us	us
S1-103702354	S3-905288658	S3	Cobalt	Casbl	2002 Hanchett Road, Wellsville, NY	2001 Hanchett Rd, Wellsville, New York	cobalt	casbl	cobalt	casbl	cobalt	casbl	us	us
S1-103720840	S2-745852111	S2	Red Cafe	RED CTFE	3902 Garrison Road, Toledo, OH	GARRISON ROAD, TOLEDO, OH	red cafe	red ctfe	red cafe	red ctfe	red cafe	red ctfe	us	us
S1-103742019	S2-62095846	S2	QW Vaneck, LLC	QW LLC  SERVICES	610 Seventh Street, Waitsburg, WA	610 Seventh St, WAITSBURG, WA	qw vaneck llc	qw llc services	qw vaneck	qw llc services	qw vaneck	qw llc services	us	us
S1-103742815	S3-541557514	S3	Bhubaneswar Services Private Limited	Bhubaneswar Shercles Private Limited	Flat No-3/1, Block-A, Ridhi Sidhi Old Ice Factory Lane, Budheswari, Bhubaneswar, Khordha, Orissa	Falt No-3/1, Block-a, Ridhi Sidhi Old Ice Factory Lane, Budheswari, Bhubaneswar, Khordha, ଓଡ଼ିଶା	bhubaneswar services private limited	bhubaneswar shercles private limited	bhubaneswar services	bhubaneswar shercles	bhubaneswar services	bhubaneswar shercles	india	india
S1-103744595	S3-646185392	S3	Ak Suppliers (India) Private Limited	aksuppliersindia.com	Room 726, 7Th Floor, Megal Mall 63/2C, The Mall, Nayaganj, Kanpur Nagar, Uttar Pradesh	Room 72, Kanpur Nagar, UP	ak suppliers india private limited	aksuppliersindia com	ak suppliers india	aksuppliersindia com	ak suppliers india	aksuppliersindia com	india	india
S1-103747078	S2-467192855	S2	Galaxy Healthcare Private Limited	गैलेक्सी हेल्थकेयर प्राइवेट लिमिटेड	Elektra Chamber 44Mukundnagar, Pune, Maharashtra	ELEKTRA CHAMBER 44MUKUNDNAGAR, PUNE, महाराष्ट्र	galaxy healthcare private limited	गैलेक्सी हेल्थकेयर प्राइवेट लिमिटेड	galaxy healthcare	गैलेक्सी हेल्थकेयर प्राइवेट लिमिटेड	galaxy healthcare	गैलेक्सी हेल्थकेयर प्राइवेट लिमिटेड	india	india
S1-103751427	S2-782086151	S2	Pediatric Dentistry Health	HPDENTISTRY.COM	24 Loomis Terrace, Phoenix, NY	PHOENIX, ##24 LOOMIS TER, NY	pediatric dentistry health	hpdentistry com	pediatric dentistry health	hpdentistry com	pediatric dentistry health	hpdentistry com	us	us
S1-103751427	S3-111417795	S3	Pediatric Dentistry Health	Pediatric Déntistry Health Inc	24 Loomis Terrace, Phoenix, NY	24 1/2 Loomis Terrace, PO Box 5718, Phoenix, New York	pediatric dentistry health	pediatric déntistry health inc	pediatric dentistry health	pediatric déntistry health	pediatric dentistry health	pediatric déntistry health	us	us
S1-103788571	S2-563960437	S2	Pan Funds Group	Pan Group Fucs	20/4 A C Sarkar Road, North 24 Paraganas, North 24 Parganas, West Bengal	0/4 A C SARKAR ROAD, NORTH 24 PARAGANAS, West Bengal	pan funds group	pan group fucs	pan funds group	pan group fucs	pan funds group	pan group fucs	india	india
S1-103788571	S2-639813857	S2	Pan Funds Group	Pan Fgisnd Group	20/4 A C Sarkar Road, North 24 Paraganas, North 24 Parganas, West Bengal	NO 0/4 A C SARKAR ROAD, NORTH 24 PARAGANAS, West Bengal	pan funds group	pan fgisnd group	pan funds group	pan fgisnd group	pan funds group	pan fgisnd group	india	india
S1-103788571	S3-665229461	S3	Pan Funds Group	panfundsgroup.com	20/4 A C Sarkar Road, North 24 Paraganas, North 24 Parganas, West Bengal	Dakshineswar, WB, North 24 Paraganas, #20/4 A C Sarkar Road	pan funds group	panfundsgroup com	pan funds group	panfundsgroup com	pan funds group	panfundsgroup com	india	india
S1-103819846	S2-440484479	S2	Creative Investment Private Limited	ક્રિએટિવ ઇન્વેસ્ટમેન્ટ પ્રાઇવેટ લિમિટેડ	30 Venetian Villas Opp Anandniketan School Shilaj Daskroi, Ahmedabad, Gujarat	DOOR NO 3-0 VENETIAN VILLAS OPP ANANDNIKETAN SCHOOL SHILAJ DASKROI, AHMEDABAD, Gujarat	creative investment private limited	ક્રિએટિવ ઇન્વેસ્ટમેન્ટ પ્રાઇવેટ લિમિટેડ	creative investment	ક્રિએટિવ ઇન્વેસ્ટમેન્ટ પ્રાઇવેટ લિમિટેડ	creative investment	ક્રિએટિવ ઇન્વેસ્ટમેન્ટ પ્રાઇવેટ લિમિટેડ	india	india
S1-103819846	S3-275332202	S3	Creative Investment Private Limited	Creative Invetmet Private Limited	30 Venetian Villas Opp Anandniketan School Shilaj Daskroi, Ahmedabad, Gujarat		creative investment private limited	creative invetmet private limited	creative investment	creative invetmet	creative investment	creative invetmet	india	india
S1-103824929	S3-665563220	S3	Capital Foundation	Capital Fontoation	2681 Highway 69, Nederland, TX	681 Highway 69, Nederland, Texas	capital foundation	capital fontoation	capital foundation	capital fontoation	capital foundation	capital fontoation	us	us
S1-103854791	S2-503529592	S2	Arihant Consultancy Limited	અરિહંત કન્સલ્ટન્સી લિમિટેડ	Plot No. 91, Ground Floor, Shop-9 Indraprastha Complex, Baroda Pristage, Surat, Gujarat	#9-1, GROUND FLOOR, SHOP-9 INDRAPRASTHA COMPLEX, BARODA PRISTAGE, SURAT, Gujarat	arihant consultancy limited	અરિહંત કન્સલ્ટન્સી લિમિટેડ	arihant consultancy	અરિહંત કન્સલ્ટન્સી લિમિટેડ	arihant consultancy	અરિહંત કન્સલ્ટન્સી લિમિટેડ	india	india
S1-103854791	S2-523162110	S2	Arihant Consultancy Limited	Arihant Consultancy Límited	Plot No. 91, Ground Floor, Shop-9 Indraprastha Complex, Baroda Pristage, Surat, Gujarat	9-1 , GROUND FLOOR, SHOP-9 INDRAPRASTHA COMPLEX, BARODA PRISTAGE, SURAT, Gujarat	arihant consultancy limited	arihant consultancy límited	arihant consultancy	arihant consultancy límited	arihant consultancy	arihant consultancy límited	india	india
S1-103854791	S3-598076282	S3	Arihant Consultancy Limited	અરિહંત કન્સલ્ટન્સી લિમિટેડ	Plot No. 91, Ground Floor, Shop-9 Indraprastha Complex, Baroda Pristage, Surat, Gujarat	Plot No. 91, Ground Floor, Shop-9 Indraprastha Complex, Baroda Pristage, Surat, GJ	arihant consultancy limited	અરિહંત કન્સલ્ટન્સી લિમિટેડ	arihant consultancy	અરિહંત કન્સલ્ટન્સી લિમિટેડ	arihant consultancy	અરિહંત કન્સલ્ટન્સી લિમિટેડ	india	india
S1-103866747	S2-52064831	S2	Jai Industries	Mr Jai  Industries	3/380 Rajiv Gandhi Salai, Mettukuppam Chennai, Kanchipuram, Tamil Nadu		jai industries	mr jai industries	jai industries	mr jai industries	jai industries	mr jai industries	india	india
S1-103876206	S2-466748517	S2	Lotus Energy Private Limited	लोटस एनर्जी प्राइवेट लिमिटेड	302, Apolo Avenue, 30 B, Old Palasiya, Thane K-E, Indore, Madhya Pradesh	302, APOLO AVENUE, 30 B, OLD PALASIYA, THANE K-E, INDORE, Madhya Pradesh	lotus energy private limited	लोटस एनर्जी प्राइवेट लिमिटेड	lotus energy	लोटस एनर्जी प्राइवेट लिमिटेड	lotus energy	लोटस एनर्जी प्राइवेट लिमिटेड	india	india
S1-103876206	S3-371947393	S3	Lotus Energy Private Limited	लोटस एनर्जी प्राइवेट लिमिटेड	302, Apolo Avenue, 30 B, Old Palasiya, Thane K-E, Indore, Madhya Pradesh	302, Indore, MP	lotus energy private limited	लोटस एनर्जी प्राइवेट लिमिटेड	lotus energy	लोटस एनर्जी प्राइवेट लिमिटेड	lotus energy	लोटस एनर्जी प्राइवेट लिमिटेड	india	india
S1-103876206	S3-395639677	S3	Lotus Energy Private Limited	लोटस एनर्जी प्राइवेट लिमिटेड	302, Apolo Avenue, 30 B, Old Palasiya, Thane K-E, Indore, Madhya Pradesh	302, Indore, MP, Indore	lotus energy private limited	लोटस एनर्जी प्राइवेट लिमिटेड	lotus energy	लोटस एनर्जी प्राइवेट लिमिटेड	lotus energy	लोटस एनर्जी प्राइवेट लिमिटेड	india	india
S1-103884065	S2-116631804	S2	Stairs Infrastructure LLC	stairsinfrastructure.com	305 Arbor Drive, Swansea, IL	##305 ARBOR DR, SWANSEA, IL	stairs infrastructure llc	stairsinfrastructure com	stairs infrastructure	stairsinfrastructure com	stairs infrastructure	stairsinfrastructure com	us	us
S1-103888383	S3-97823071	S3	Metro Institute, LLC	Metro Instttue, LLC	1201 South Street, Springfield, IL	South St, NULL, Springfield, Illinois	metro institute llc	metro instttue llc	metro institute	metro instttue	metro institute	metro instttue	us	us
S1-103901867	S2-387380403	S2	Rapid Imperial	RAPIDIMPERIAL.COM	2 Branch Avenue, Arlington, MA	2 BRANCH AVE, null, ARLINGTON, MA	rapid imperial	rapidimperial com	rapid imperial	rapidimperial com	rapid imperial	rapidimperial com	us	us
S1-103901867	S2-478666471	S2	Rapid Imperial	rapidimperial.com - 4475583899	2 Branch Avenue, Arlington, MA	2 BRANCH AVENUE, null, ARLINGTON, MA	rapid imperial	rapidimperial com 4475583899	rapid imperial	rapidimperial com 4475583899	rapid imperial	rapidimperial com 4475583899	us	us
S1-103949877	S2-543438710	S2	Saicon Services Corp	Smt 5aicon Services	Raisoni Hospital, Near Session Court, M. G. Road, Jalgaon, Maharashtra	BLOCK C-539 RAICONI HOSPITAL, M. G. ROAD, JALGAON, Maharashtra	saicon services corp	smt 5aicon services	saicon services	smt 5aicon services	saicon services	smt 5aicon services	india	india
S1-103962464	S2-963155682	S2	Fresh Mobility Alliance	Mobility Fresh Alliannce	28788 Aloha Lane, Montgomery, TX	ALOHA LN, MONTGOMERY, TX	fresh mobility alliance	mobility fresh alliannce	fresh mobility alliance	mobility fresh alliannce	fresh mobility alliance	mobility fresh alliannce	us	us
S1-103962464	S3-253945622	S3	Fresh Mobility Alliance	Fresh Mobility	28788 Aloha Lane, Montgomery, TX	28920 Aoha Lane, Montgomery, Texas	fresh mobility alliance	fresh mobility	fresh mobility alliance	fresh mobility	fresh mobility alliance	fresh mobility	us	us
S1-103964761	S2-883811837	S2	Shree Services (India) Ltd	SHREESERVICESINDIA.COM	11, Clive Row 4Th Floor, Room No. 2, Kolkata, Kolkata, Howrah, West Bengal	B3/11, CLIVE ROW 4TH FLOOR, ROOM NO. 2, KOLKATA, KOLKATA, পশ্চিমবঙ্গ	shree services india ltd	shreeservicesindia com	shree services india	shreeservicesindia com	shree services india	shreeservicesindia com	india	india
S1-103964761	S3-806790376	S3	Shree Services (India) Ltd	Shree (Sérvices)	11, Clive Row 4Th Floor, Room No. 2, Kolkata, Kolkata, Howrah, West Bengal	564 11, Kolkata, Howrah, WB	shree services india ltd	shree sérvices	shree services india	shree sérvices	shree services india	shree sérvices	india	india
S1-10397728	S2-121738671	S2	Aurora Inflection	AURORAINFLECTION.COM	Atlanta, 478 Lindbergh Place, Unit 224, GA	810 LINDBERGH PL, ATLANTA, GA	aurora inflection	aurorainflection com	aurora inflection	aurorainflection com	aurora inflection	aurorainflection com	us	us
S1-10397728	S3-302483848	S3	Aurora Inflection	Aurora ínflection	Atlanta, 478 Lindbergh Place, Unit 224, GA	810 Lindbergh Pl, Atl, Georgia	aurora inflection	aurora ínflection	aurora inflection	aurora ínflection	aurora inflection	aurora ínflection	us	us
S1-103984951	S3-519429584	S3	Layden Pacific Inc	laydenpacific.com	395 Vanderbilt Boulevard, Islip, NY	395 Vanderbilt Blvd, Oakdale, New York	layden pacific inc	laydenpacific com	layden pacific	laydenpacific com	layden pacific	laydenpacific com	us	us
S1-103985440	S2-548205844	S2	Sai Software LLP	साई सॉफ्टवेयर एलएलपी	F-108, Eastern Business District, F-108, Eastern Business District, Mumbai, Maharashtra	F-108, MUMBAI, Maharashtra	sai software llp	साई सॉफ्टवेयर एलएलपी	sai software	साई सॉफ्टवेयर एलएलपी	sai software	साई सॉफ्टवेयर एलएलपी	india	india
S1-104003554	S2-281091964	S2	QD India	qdindiacom	C-3/3, Gillander House, 8, N S Road, Kolkata, Howrah, West Bengal	C-3/3, GILLANDER HOUSE, 8, N S ROAD, KOLKATA, HOWRAH, West Bengal	qd india	qdindiacom	qd india	qdindiacom	qd india	qdindiacom	india	india
S1-104010953	S3-238146335	S3	Silver Packaging Studios Associates	Silver Packaging Studios Assboifcgaes	19 Ticket Way, Amelia, OH	Ticket Way, Amelia, Ohio	silver packaging studios associates	silver packaging studios assboifcgaes	silver packaging studios associates	silver packaging studios assboifcgaes	silver packaging studios associates	silver packaging studios assboifcgaes	us	us
S1-104020050	S2-35629436	S2	Lakshmi Products Private Limited	लक्ष्मी प्रोडक्ट्स प्राइवेट लिमिटेड	S N 43/1/1/2, Pl N 8, Sahakar Colony Upnagar, Nashik, Maharashtra	S N 43/1/1/2, PL N 8, SAHAKAR COLONY UPNAGAR, NASHIK, Maharashtra	lakshmi products private limited	लक्ष्मी प्रोडक्ट्स प्राइवेट लिमिटेड	lakshmi products	लक्ष्मी प्रोडक्ट्स प्राइवेट लिमिटेड	lakshmi products	लक्ष्मी प्रोडक्ट्स प्राइवेट लिमिटेड	india	india
S1-104020050	S3-667910165	S3	Lakshmi Products Private Limited	Lpprivate.Com	S N 43/1/1/2, Pl N 8, Sahakar Colony Upnagar, Nashik, Maharashtra	Plot 494 S N 43/1/1/2, Pl N 8, Sahakar Colony Upnagar, Nashik, MH	lakshmi products private limited	lpprivate com	lakshmi products	lpprivate com	lakshmi products	lpprivate com	india	india
S1-10404873	S2-375371014	S2	Shree Systems Private Limited	श्री सिस्टम्स प्राइवेट लिमिटेड	C/O - Mr. Yoginder Singh, Bhadani, Jhajjar, Jhajjar, Haryana	C/O - MR. YOGINDER SINGH, JHAJJAR, Haryana	shree systems private limited	श्री सिस्टम्स प्राइवेट लिमिटेड	shree systems	श्री सिस्टम्स प्राइवेट लिमिटेड	shree systems	श्री सिस्टम्स प्राइवेट लिमिटेड	india	india
S1-10404873	S2-560061885	S2	Shree Systems Private Limited	श्री सिस्टम्स प्राइवेट लिमिटेड	C/O - Mr. Yoginder Singh, Bhadani, Jhajjar, Jhajjar, Haryana	C/O - MR. YOGINDER SINGH, BHADANI, JHAJJAR, JHAJJAR, Haryana	shree systems private limited	श्री सिस्टम्स प्राइवेट लिमिटेड	shree systems	श्री सिस्टम्स प्राइवेट लिमिटेड	shree systems	श्री सिस्टम्स प्राइवेट लिमिटेड	india	india
S1-10404873	S3-793721430	S3	Shree Systems Private Limited	श्री सिस्टम्स प्राइवेट लिमिटेड	C/O - Mr. Yoginder Singh, Bhadani, Jhajjar, Jhajjar, Haryana	Bhadani, Jhajjar, Jhajjar, C/o - Mr. Yoginder Singh, HR, Jhajjar	shree systems private limited	श्री सिस्टम्स प्राइवेट लिमिटेड	shree systems	श्री सिस्टम्स प्राइवेट लिमिटेड	shree systems	श्री सिस्टम्स प्राइवेट लिमिटेड	india	india
S1-104055992	S2-182688944	S2	Vision Systems Private Limited	विजन सिस्टम्स प्राइवेट लिमिटेड	303, 03Rd Floor, 2068/69, Karol Bagh, 38, Naiwalan, New Delhi, Central Delhi, Delhi	1-303, NEW DELHI, CENTRAL DELHI, Delhi	vision systems private limited	विजन सिस्टम्स प्राइवेट लिमिटेड	vision systems	विजन सिस्टम्स प्राइवेट लिमिटेड	vision systems	विजन सिस्टम्स प्राइवेट लिमिटेड	india	india
S1-104055992	S2-556895631	S2	Vision Systems Private Limited	विजन सिस्टम्स प्राइवेट लिमिटेड	303, 03Rd Floor, 2068/69, Karol Bagh, 38, Naiwalan, New Delhi, Central Delhi, Delhi	CENTRAL DELHI, 1-303, Delhi, NEW DELHI	vision systems private limited	विजन सिस्टम्स प्राइवेट लिमिटेड	vision systems	विजन सिस्टम्स प्राइवेट लिमिटेड	vision systems	विजन सिस्टम्स प्राइवेट लिमिटेड	india	india
S1-104060131	S2-40244270	S2	Main Street Pilates of Houston	Main Street Phte of Houston (ID: 83930)	7634 White Fir Drive, Houston, TX	WHITE FIR DR, HOUSTON, TX	main street pilates of houston	main street phte of houston id 83930	main street pilates of houston	main street phte of houston id 83930	main street pilates of houston	main street phte of houston id 83930	us	us
S1-10406996	S2-399651269	S2	Green It Private Limited	கிரீன் ஐடி பிரைவேட் லிமிடெட்	No.4/21, Ethiraj Swamy Salai, Erukkancherri, Chennai, Tamil Nadu	DOOR NO 4/21, ETHIRAJ SWAMY SALAI, ERUKKANCHERRI, CHENNAI, Tamil Nadu	green it private limited	கிரீன் ஐடி பிரைவேட் லிமிடெட்	green it	கிரீன் ஐடி பிரைவேட் லிமிடெட்	green it	கிரீன் ஐடி பிரைவேட் லிமிடெட்	india	india
S1-10406996	S3-305790864	S3	Green It Private Limited	கிரீன் ஐடி பிரைவேட் லிமிடெட்	No.4/21, Ethiraj Swamy Salai, Erukkancherri, Chennai, Tamil Nadu	4/21, Ethiraj Swamy Salai, Erukkancherri, Chennai, TN	green it private limited	கிரீன் ஐடி பிரைவேட் லிமிடெட்	green it	கிரீன் ஐடி பிரைவேட் லிமிடெட்	green it	கிரீன் ஐடி பிரைவேட் லிமிடெட்	india	india
S1-10406996	S3-535165030	S3	Green It Private Limited	Green It Prrhe  Limited	No.4/21, Ethiraj Swamy Salai, Erukkancherri, Chennai, Tamil Nadu	No 4/21, Ethiraj Swamy Salai, Erukkancherri, Chennai, தமிழ்நாடு	green it private limited	green it prrhe limited	green it	green it prrhe	green it	green it prrhe	india	india
S1-10406996	S3-691112199	S3	Green It Private Limited	GI	No.4/21, Ethiraj Swamy Salai, Erukkancherri, Chennai, Tamil Nadu	No.4/21, Ethiraj Swamy Salai, Erukkancherri, Chennai, Tamil Nadu	green it private limited	gi	green it	gi	green it	gi	india	india
S1-10406996	S3-859920325	S3	Green It Private Limited	Shri Green It Limited Center	No.4/21, Ethiraj Swamy Salai, Erukkancherri, Chennai, Tamil Nadu	4/21, Ethiraj Swamy Salai, Erukkancherri, Chennai, தமிழ்நாடு	green it private limited	shri green it limited center	green it	shri green it limited center	green it	shri green it limited center	india	india
S1-104071954	S2-838714390	S2	Dhanbad Group	M/s Umbramirasyn	No. 390, 7Th Main, 9Th Cross 2Nd Block, Jayanagar, Bangalore, Karnataka	NO. 390, BANGALORE, ಕರ್ನಾಟಕ	dhanbad group	m s umbramirasyn	dhanbad group	m s umbramirasyn	dhanbad group	m s umbramirasyn	india	india
S1-104076729	S2-990575457	S2	Bombay Properties Pvt Ltd	ബോംബെ പ്രോപ്പർട്ടീസ് പ്രൈവറ്റ് ലിമിറ്റഡ്	Apartment #2 A, Second Floor, Abad Ikebana Vidya Nagar Cross Road, Panampillynagar, Kochi, Ernakulam, Kerala	HN 219 APARTMENT #2 A, KOCHI, ERNAKULAM, Kerala	bombay properties pvt ltd	ബോംബെ പ്രോപ്പർട്ടീസ് പ്രൈവറ്റ് ലിമിറ്റഡ്	bombay properties	ബോംബെ പ്രോപ്പർട്ടീസ് പ്രൈവറ്റ് ലിമിറ്റഡ്	bombay properties	ബോംബെ പ്രോപ്പർട്ടീസ് പ്രൈവറ്റ് ലിമിറ്റഡ്	india	india
S1-104076729	S3-768815036	S3	Bombay Properties Pvt Ltd	B0mbay Próperties Pvt Ltd	Apartment #2 A, Second Floor, Abad Ikebana Vidya Nagar Cross Road, Panampillynagar, Kochi, Ernakulam, Kerala	Cochin, Plto 624 Apartment #2 A, KL, Ernakulam	bombay properties pvt ltd	b0mbay próperties pvt ltd	bombay properties	b0mbay próperties	bombay properties	b0mbay próperties	india	india
S1-104077709	S3-838499738	S3	Certified Quality LLC	Certified Qualbty LLC	610 Mission Circle, Irving, TX	Mission Cir, Irving, Texas	certified quality llc	certified qualbty llc	certified quality	certified qualbty	certified quality	certified qualbty	us	us
S1-104084775	S2-977912696	S2	Pioneer Shiv Care LLP	पायोनियर शिव केयर एलएलपी	Sangli, Miraj, Vakhar Bhag, Miraj, Sangali, Maharashtra	VAKHAR BHAG, MIRAJ, SANGALI, SANGLI, MIRAJ, Maharashtra	pioneer shiv care llp	पायोनियर शिव केयर एलएलपी	pioneer shiv care	पायोनियर शिव केयर एलएलपी	pioneer shiv care	पायोनियर शिव केयर एलएलपी	india	india
S1-104084775	S3-116630808	S3	Pioneer Shiv Care LLP	पायोनियर शिव केयर एलएलपी	Sangli, Miraj, Vakhar Bhag, Miraj, Sangali, Maharashtra	Miraj, Sangli, Vakhar Bhag, महाराष्ट्र	pioneer shiv care llp	पायोनियर शिव केयर एलएलपी	pioneer shiv care	पायोनियर शिव केयर एलएलपी	pioneer shiv care	पायोनियर शिव केयर एलएलपी	india	india
S1-104102747	S2-995934211	S2	Midwest Council L.L.C.	Midwest Cóuncil L.L.C.	4544 Winchester Avenue, Lyons, IL	Winchester Ave, LYONS, IL	midwest council llc	midwest cóuncil llc	midwest council	midwest cóuncil	midwest council	midwest cóuncil	us	us
S1-104110505	S2-857980623	S2	W+ Transport	W+ Tránsport	13659 Eden Way, Victorville, CA	CA, VICTORVILLE, 13654 EDEN WAY	w transport	w tránsport	w transport	w tránsport	w transport	w tránsport	us	us
S1-104118882	S3-674573480	S3	Twisted Seafood	Twisted Seafood Partners	312 Feliks Gwozdz Place, Fort Worth, TX		twisted seafood	twisted seafood partners	twisted seafood	twisted seafood partners	twisted seafood	twisted seafood partners	us	us
S1-104165910	S3-737446647	S3	East Software Pvt Ltd	ইস্ট সফটওয়্যার প্রাইভেট লিমিটেড	G-Fr, Fl-2, 2341 Vidyasagar Sarani (Sister Nivedita Road), Kolkata, Kolkata, Howrah, West Bengal	পশ্চিমবঙ্গ, Kolkata, G-fr, Howrah	east software pvt ltd	ইস্ট সফটওয়্যার প্রাইভেট লিমিটেড	east software	ইস্ট সফটওয়্যার প্রাইভেট লিমিটেড	east software	ইস্ট সফটওয়্যার প্রাইভেট লিমিটেড	india	india
S1-104175854	S2-535517816	S2	Digital Solutions Private Limited	ડિજિટલ સોલ્યુશન્સ પ્રાઇવેટ લિમિટેડ	4, Gokul Nagar Khoraj, Adalaj, Gandhinagar, Gandhinagar, Gandhi Nagar, Gujarat	4, GOKUL NAGAR KHORAJ, ADALAJ, GANDHINAGAR, GANDHINAGAR, GANDHI NAGAR, Gujarat	digital solutions private limited	ડિજિટલ સોલ્યુશન્સ પ્રાઇવેટ લિમિટેડ	digital solutions	ડિજિટલ સોલ્યુશન્સ પ્રાઇવેટ લિમિટેડ	digital solutions	ડિજિટલ સોલ્યુશન્સ પ્રાઇવેટ લિમિટેડ	india	india
S1-104175854	S3-123134809	S3	Digital Solutions Private Limited	ડિજિટલ Solutions પ્રાઇવેટ લિમિટેડ	4, Gokul Nagar Khoraj, Adalaj, Gandhinagar, Gandhinagar, Gandhi Nagar, Gujarat	4, Gokul Nagar Khoraj, Adalaj, Gandhinagar, Gandhinagar, Gandhi Nagar, GJ	digital solutions private limited	ડિજિટલ solutions પ્રાઇવેટ લિમિટેડ	digital solutions	ડિજિટલ solutions પ્રાઇવેટ લિમિટેડ	digital solutions	ડિજિટલ solutions પ્રાઇવેટ લિમિટેડ	india	india
S1-104181770	S2-433463803	S2	Star Services Pvt Ltd	સ્ટાર સર્વિસીસ પ્રા. લિ.	15, Kailashdham Society, Mahadev Nagar, Tekra, Daskroi, Ahmedabad, Gujarat	PLOT 935 15, KAILASHDHAM SOCIETY, MAHADEV NAGAR, TEKRA, AHMEDABAD, ગુજરાત	star services pvt ltd	સ્ટાર સર્વિસીસ પ્રા લિ	star services	સ્ટાર સર્વિસીસ પ્રા લિ	star services	સ્ટાર સર્વિસીસ પ્રા લિ	india	india
S1-104181770	S2-478559921	S2	Star Services Pvt Ltd	સ્ટાર સર્વિસીસ પ્રા. લિ.	15, Kailashdham Society, Mahadev Nagar, Tekra, Daskroi, Ahmedabad, Gujarat	PLOT 935 15, AHMEDABAD, DASKROI, Gujarat	star services pvt ltd	સ્ટાર સર્વિસીસ પ્રા લિ	star services	સ્ટાર સર્વિસીસ પ્રા લિ	star services	સ્ટાર સર્વિસીસ પ્રા લિ	india	india
S1-104190424	S2-768416733	S2	Indo Care Private Limited	इंडो केयर प्राइवेट लिमिटेड	3Rd Floor, Lodha I Think B, Thane, Office No. 312, Kalyan, Maharashtra	OFFICE NO. 312, null, THANE, KALYAN, Maharashtra	indo care private limited	इंडो केयर प्राइवेट लिमिटेड	indo care	इंडो केयर प्राइवेट लिमिटेड	indo care	इंडो केयर प्राइवेट लिमिटेड	india	india
S1-104190424	S2-786922574	S2	Indo Care Private Limited	इंडो केयर प्राइवेट लिमिटेड	3Rd Floor, Lodha I Think B, Thane, Office No. 312, Kalyan, Maharashtra	OFFICE NO. 312, null, KALYAN, THANE, महाराष्ट्र	indo care private limited	इंडो केयर प्राइवेट लिमिटेड	indo care	इंडो केयर प्राइवेट लिमिटेड	indo care	इंडो केयर प्राइवेट लिमिटेड	india	india
S1-104190424	S2-948679212	S2	Indo Care Private Limited	इंडो केयर प्राइवेट लिमिटेड	3Rd Floor, Lodha I Think B, Thane, Office No. 312, Kalyan, Maharashtra	OFFICE NO. 312, null, KALYAN, THANE, Maharashtra	indo care private limited	इंडो केयर प्राइवेट लिमिटेड	indo care	इंडो केयर प्राइवेट लिमिटेड	indo care	इंडो केयर प्राइवेट लिमिटेड	india	india
S1-104192202	S3-55944029	S3	Gulf Desert Royce Inc	Gulf Desert Ryce  Inc	906 Lumbard Street, Napoleon, OH	Lumbard St, Napoleon, Ohio	gulf desert royce inc	gulf desert ryce inc	gulf desert royce	gulf desert ryce	gulf desert royce	gulf desert ryce	us	us
S1-104209160	S2-761225987	S2	Jkk Resorts Ltd	jkkresorts.com	West Bengal, C/O Bhim Sain Singhal, Howrah, 249.O, 1St Flr G.T. Road, Hanuman Bhakt Mandal, Liluah	#5-81 C/O BHIM SAIN SINGHAL, 249.O, 1ST FLR G.T. ROAD, HANUMAN BHAKT MANDAL, LILUAH, HOWRAH, West Bengal	jkk resorts ltd	jkkresorts com	jkk resorts	jkkresorts com	jkk resorts	jkkresorts com	india	india
S1-104211286	S3-702361709	S3	Munoz's Studios	Drexonyx	1675 Post Street, Lebanon, OR	Lebann, 1675a Post St, Oregon	munozs studios	drexonyx	munozs studios	drexonyx	munozs studios	drexonyx	us	us
S1-104214124	S2-768273305	S2	Jain Care LLP	जैन केयर एलएलपी	C/O Ritesh Kumar, Ward No- 2 Jalalpur, Mokama, Patna, Bihar	C/O RITESH KUMAR, WARD NO- 2 JALALPUR, MOKAMA, PATNA, Bihar	jain care llp	जैन केयर एलएलपी	jain care	जैन केयर एलएलपी	jain care	जैन केयर एलएलपी	india	india
S1-104214124	S3-799765960	S3	Jain Care LLP	जैन केयर एलएलपी	C/O Ritesh Kumar, Ward No- 2 Jalalpur, Mokama, Patna, Bihar	C/o Ritesh Kumar, Patna, BR	jain care llp	जैन केयर एलएलपी	jain care	जैन केयर एलएलपी	jain care	जैन केयर एलएलपी	india	india
S1-104214124	S3-814161784	S3	Jain Care LLP	Mr Jain Care L.L.P.	C/O Ritesh Kumar, Ward No- 2 Jalalpur, Mokama, Patna, Bihar	C/o Ritesh Kumar, Ward No- 2 Jalalpur, Mokama, Patna, BR	jain care llp	mr jain care llp	jain care	mr jain care	jain care	mr jain care	india	india
S1-104237486	S3-355941487	S3	Lucky Nails LLC	Llc Lucky Nails	8321 Zircon Drive, Unit #A9, Lakewood, WA	Washington, Lakewood, NULL, Zircon Dr	lucky nails llc	llc lucky nails	lucky nails	llc lucky nails	lucky nails	llc lucky nails	us	us
S1-104246528	S2-900338561	S2	Peak Network Ventures LLC	L.L.C. PEAK NETWORK VENTURES	5414 Magazine Road, Knoxville, TN	05414 MAGAZINE RD, KNOXVILLE CTIY, TN	peak network ventures llc	llc peak network ventures	peak network ventures	llc peak network ventures	peak network ventures	llc peak network ventures	us	us
S1-104246528	S2-949635008	S2	Peak Network Ventures LLC	Peak Network-LLC Véntures	5414 Magazine Road, Knoxville, TN	05414 MAGAZINE RD, KNOXVILLE CTIY, TN	peak network ventures llc	peak network llc véntures	peak network ventures	peak network llc véntures	peak network ventures	peak network llc véntures	us	us
S1-104253933	S2-567614919	S2	Star Finance Private Limited	स्टार फाइनेंस प्राइवेट लिमिटेड	H No A-87 Mahipalpur, Delhi, South Delhi, Delhi	H NO A-##87 MAHIPALPUR, DELHI, SOUTH DELHI, Delhi	star finance private limited	स्टार फाइनेंस प्राइवेट लिमिटेड	star finance	स्टार फाइनेंस प्राइवेट लिमिटेड	star finance	स्टार फाइनेंस प्राइवेट लिमिटेड	india	india
S1-104255573	S3-500836684	S3	Calahan Vance of Lowell Inc	calahanvancelowell.com	88 3rd Street, Lowell, OR	88 Third St, Loowell, Oregon	calahan vance of lowell inc	calahanvancelowell com	calahan vance of lowell	calahanvancelowell com	calahan vance of lowell	calahanvancelowell com	us	us
S1-104285171	S2-891830397	S2	Bridges Allied Rush LLC	BRIDGES ALLIED RHD LLC	1009 Holt Street, Mebane, NC		bridges allied rush llc	bridges allied rhd llc	bridges allied rush	bridges allied rhd	bridges allied rush	bridges allied rhd	us	us
S1-104297250	S2-550072125	S2	Premier Construction Private Limited	PREMIER CÓNSTRUCTION PRIVATE LIMITED	West Bengal, Calcutta, Kolkata, 8 Alimuddin Street 4Th Floor P S Entally	#8 ALIMUDDIN STREET 4TH FLOOR P S ENTALLY, KOLKATA, West Bengal	premier construction private limited	premier cónstruction private limited	premier construction	premier cónstruction	premier construction	premier cónstruction	india	india
S1-104297250	S2-602371455	S2	Premier Construction Private Limited	Dr PREMIER CONSTRUCTION PRIVATE	West Bengal, Calcutta, Kolkata, 8 Alimuddin Street 4Th Floor P S Entally	8 ALIMUDDIN STREET 4TH FLOOR P S ENTALLY, KOLKATA, West Bengal	premier construction private limited	dr premier construction private	premier construction	dr premier construction	premier construction	dr premier construction	india	india
S1-104297250	S2-720459408	S2	Premier Construction Private Limited	প্রিমিয়ার কনস্ট্রাকশন প্রাইভেট লিমিটেড	West Bengal, Calcutta, Kolkata, 8 Alimuddin Street 4Th Floor P S Entally	8 ALIMUDDIN STREET 4TH FLOOR P S ENTALLY, CALCUTTA, KOLKATA, West Bengal	premier construction private limited	প্রিমিয়ার কনস্ট্রাকশন প্রাইভেট লিমিটেড	premier construction	প্রিমিয়ার কনস্ট্রাকশন প্রাইভেট লিমিটেড	premier construction	প্রিমিয়ার কনস্ট্রাকশন প্রাইভেট লিমিটেড	india	india
S1-104297250	S3-155694937	S3	Premier Construction Private Limited	@premierconstruction	West Bengal, Calcutta, Kolkata, 8 Alimuddin Street 4Th Floor P S Entally	#8 Alimuddin Street 4Th Floor P S Entally, Calcutta, Cit Road, WB	premier construction private limited	premierconstruction	premier construction	premierconstruction	premier construction	premierconstruction	india	india
S1-104297250	S3-522035063	S3	Premier Construction Private Limited	Smt Premier Cofsmntcrution Private-Limited	West Bengal, Calcutta, Kolkata, 8 Alimuddin Street 4Th Floor P S Entally	8 Alimuddin Street 4Th Floro P S Entally, Calcutta, Cit Road, WB	premier construction private limited	smt premier cofsmntcrution private limited	premier construction	smt premier cofsmntcrution	premier construction	smt premier cofsmntcrution	india	india
S1-104297250	S3-525951686	S3	Premier Construction Private Limited	PRIVATE PREMIER CONSTRUCTION LIMITED	West Bengal, Calcutta, Kolkata, 8 Alimuddin Street 4Th Floor P S Entally	Cit Road, পশ্চিমবঙ্গ, Calcutta, 8 Alimuddin Street 4Th Floor P S Entally	premier construction private limited	private premier construction limited	premier construction	private premier construction	premier construction	private premier construction	india	india
S1-104297250	S3-605821436	S3	Premier Construction Private Limited	প্রিমিয়ার কনস্ট্রাকশন প্রাইভেট লিমিটেড	West Bengal, Calcutta, Kolkata, 8 Alimuddin Street 4Th Floor P S Entally	8 Alimuddin Street 4Th Floor P S Entally, Calcutta, Cit Road, WB	premier construction private limited	প্রিমিয়ার কনস্ট্রাকশন প্রাইভেট লিমিটেড	premier construction	প্রিমিয়ার কনস্ট্রাকশন প্রাইভেট লিমিটেড	premier construction	প্রিমিয়ার কনস্ট্রাকশন প্রাইভেট লিমিটেড	india	india
S1-104297250	S3-654719190	S3	Premier Construction Private Limited	PC	West Bengal, Calcutta, Kolkata, 8 Alimuddin Street 4Th Floor P S Entally	8 Alimuddin Street 4Th Floor P S Entally, Kolkata, Calcutta, West Bengal	premier construction private limited	pc	premier construction		premier construction		india	india
S1-104297250	S3-687816050	S3	Premier Construction Private Limited	Premier Construction Plrilate Limited #69041	West Bengal, Calcutta, Kolkata, 8 Alimuddin Street 4Th Floor P S Entally	Door No 8 Alimuddin Street 4Th Floor P S Entally, Calcutta, Cit Road, WB	premier construction private limited	premier construction plrilate limited 69041	premier construction	premier construction plrilate limited 69041	premier construction	premier construction plrilate limited 69041	india	india
S1-104297899	S2-334341921	S2	Board of Labor	BOARD-OF	IL, 25900 Timber Ridge Drive, Channahon	0025900 TIMBER RIDGE DRIVE, INCORPORATED, IL	board of labor	board of	board of labor	board of	board of labor	board of	us	us
S1-104297899	S3-142599031	S3	Board of Labor	The Board  of Labor	IL, 25900 Timber Ridge Drive, Channahon	0025900 Timber Ridge Dr, Channahon, Illinois	board of labor	the board of labor	board of labor	the board of labor	board of labor	the board of labor	us	us
S1-104297899	S3-310118303	S3	Board of Labor	Board Labor of	IL, 25900 Timber Ridge Drive, Channahon	0025900 Timber Ridge Dr, Channahon, Illinois	board of labor	board labor of	board of labor	board labor of	board of labor	board labor of	us	us
S1-104297899	S3-953693457	S3	Board of Labor	Board-Of Center	IL, 25900 Timber Ridge Drive, Channahon	0025900 Timber Ridge Dr, Incorporated, Illinois	board of labor	board of center	board of labor	board of center	board of labor	board of center	us	us
S1-104344504	S2-172687926	S2	Aditya Builders Pvt Ltd	আদিত্য বিল্ডার্স প্রাইভেট লিমিটেড	45, Hazra Road, Kolkata, Howrah, West Bengal	C-45, HAZRA ROAD, KOLKATA, HOWRAH, West Bengal	aditya builders pvt ltd	আদিত্য বিল্ডার্স প্রাইভেট লিমিটেড	aditya builders	আদিত্য বিল্ডার্স প্রাইভেট লিমিটেড	aditya builders	আদিত্য বিল্ডার্স প্রাইভেট লিমিটেড	india	india
S1-104344504	S2-19515484	S2	Aditya Builders Pvt Ltd	আদিত্য বিল্ডার্স প্রাইভেট লিমিটেড	45, Hazra Road, Kolkata, Howrah, West Bengal	C-45, HAZRA ROAD, KOLKATA, HOWRAH, West Bengal	aditya builders pvt ltd	আদিত্য বিল্ডার্স প্রাইভেট লিমিটেড	aditya builders	আদিত্য বিল্ডার্স প্রাইভেট লিমিটেড	aditya builders	আদিত্য বিল্ডার্স প্রাইভেট লিমিটেড	india	india
S1-104344504	S2-481870532	S2	Aditya Builders Pvt Ltd	আদিত্য বিল্ডার্স প্রাইভেট লিমিটেড	45, Hazra Road, Kolkata, Howrah, West Bengal	C-45, HAZRA ROAD, KOLKATA, HOWRAH, West Bengal	aditya builders pvt ltd	আদিত্য বিল্ডার্স প্রাইভেট লিমিটেড	aditya builders	আদিত্য বিল্ডার্স প্রাইভেট লিমিটেড	aditya builders	আদিত্য বিল্ডার্স প্রাইভেট লিমিটেড	india	india
S1-104344504	S3-151529493	S3	Aditya Builders Pvt Ltd	আদিত্য বিল্ডার্স প্রাইভেট লিমিটেড	45, Hazra Road, Kolkata, Howrah, West Bengal	C-45, Kolkata, Howrah, WB	aditya builders pvt ltd	আদিত্য বিল্ডার্স প্রাইভেট লিমিটেড	aditya builders	আদিত্য বিল্ডার্স প্রাইভেট লিমিটেড	aditya builders	আদিত্য বিল্ডার্স প্রাইভেট লিমিটেড	india	india
S1-104351367	S2-114035858	S2	Patriot Total Kochav LP	Patriot Total	Evergreen Park, IL, 9236 Kedzie Avenue	KEDZIE AVE, EVERGREEN PARK, IL	patriot total kochav lp	patriot total	patriot total kochav	patriot total	patriot total kochav	patriot total	us	us
S1-104351523	S2-945294728	S2	Orchard Management Private Limited	Mr managementorchard.com	4Th Floor, Mall Plaza Fountain Chowk, Ludhiana, Punjab	4TH FLOOR, LUDHIANA, ਪੰਜਾਬ	orchard management private limited	mr managementorchard com	orchard management	mr managementorchard com	orchard management	mr managementorchard com	india	india
S1-104369660	S2-910125621	S2	Precision Oceanhawk LLC	PREClSION OCEANHAWK LLC	380 Civic Center Drive, Augusta, ME	CIVIC CENTER DR, AUGUSTA, ME	precision oceanhawk llc	preclsion oceanhawk llc	precision oceanhawk	preclsion oceanhawk	precision oceanhawk	preclsion oceanhawk	us	us
S1-104386090	S3-543585520	S3	Smart Greenland Partners	Smart  Greenlnad Partners	Pulaski County, 3599 Lake Ridge Drive, VA	2599 Lake Ridge Dr, Pulaski, Virginia	smart greenland partners	smart greenlnad partners	smart greenland partners	smart greenlnad partners	smart greenland partners	smart greenlnad partners	us	us
S1-104386090	S3-638742530	S3	Smart Greenland Partners	Smart Greenland Service	Pulaski County, 3599 Lake Ridge Drive, VA	2599 Lake Ridge Dr, Pulaski County, Virginia	smart greenland partners	smart greenland service	smart greenland partners	smart greenland service	smart greenland partners	smart greenland service	us	us
S1-104386090	S3-859252463	S3	Smart Greenland Partners	Smart Greenland Greenland Partners	Pulaski County, 3599 Lake Ridge Drive, VA	2599 Lake Ridge Drive, Pulaski County, Virginia	smart greenland partners	smart greenland greenland partners	smart greenland partners	smart greenland greenland partners	smart greenland partners	smart greenland greenland partners	us	us
S1-104388994	S2-313881186	S2	Cogent (India) Vintrade Limited	cogentindiavintrade.com	C/O Nagjiram Ghasi Ji, Sanwaliya Complex, Jawi, Neemuch, Madhya Pradesh	C/O NAGJIRAM GHASI JI, SANWALYIA COMPLEX, JAWI, NEEMUCH, Madhya Pradesh	cogent india vintrade limited	cogentindiavintrade com	cogent india vintrade	cogentindiavintrade com	cogent india vintrade	cogentindiavintrade com	india	india
S1-104388994	S2-547652948	S2	Cogent (India) Vintrade Limited	Viogildvera	C/O Nagjiram Ghasi Ji, Sanwaliya Complex, Jawi, Neemuch, Madhya Pradesh	C/O NAGJIRAM GHASI JI, SANWALIYA COMPLEX, JAWI, NEEMUCH, Madhya Pradesh	cogent india vintrade limited	viogildvera	cogent india vintrade	viogildvera	cogent india vintrade	viogildvera	india	india
S1-104388994	S3-432037653	S3	Cogent (India) Vintrade Limited	cogentindiavintrade.com	C/O Nagjiram Ghasi Ji, Sanwaliya Complex, Jawi, Neemuch, Madhya Pradesh	Neemuch, MP, Neemuch, C/o Nagjrram Ghasi Ji	cogent india vintrade limited	cogentindiavintrade com	cogent india vintrade	cogentindiavintrade com	cogent india vintrade	cogentindiavintrade com	india	india
S1-104414037	S2-229896210	S2	Southern Construction Private Limited	सदर्न कंस्ट्रक्शन प्राइवेट लिमिटेड	Shubh Karma Co-Operative Housing Society Ltd, Karma Kshetra, B1-142 And B1-152, Sss Nagar, Antop Hill, Sion Koliwada, Mumbai, Maharashtra	SHUBH KARMA CO-OPERATIVE HOUSING SOCIETY LTD, KARMA KSHETRA, B1-142 AND B1-152, SSS NAGAR, ANTOP HILL, SION KOLIWADA, MUMBAI, Maharashtra	southern construction private limited	सदर्न कंस्ट्रक्शन प्राइवेट लिमिटेड	southern construction	सदर्न कंस्ट्रक्शन प्राइवेट लिमिटेड	southern construction	सदर्न कंस्ट्रक्शन प्राइवेट लिमिटेड	india	india
S1-104414037	S2-662314022	S2	Southern Construction Private Limited	SOUTHERNCONSTRUCTION.COM	Shubh Karma Co-Operative Housing Society Ltd, Karma Kshetra, B1-142 And B1-152, Sss Nagar, Antop Hill, Sion Koliwada, Mumbai, Maharashtra	SHUBH KARMA CO-OPERATIVE HOUSING SOCIETY LTD, KARMA KSHETRA, B1-142 AND B1-152, SSS NAGAR, ANTOP HILL, SION KOLIWADA, MUMBAI, महाराष्ट्र	southern construction private limited	southernconstruction com	southern construction	southernconstruction com	southern construction	southernconstruction com	india	india
S1-104414037	S3-693986812	S3	Southern Construction Private Limited	सदर्न कंस्ट्रक्शन प्राइवेट लिमिटेड	Shubh Karma Co-Operative Housing Society Ltd, Karma Kshetra, B1-142 And B1-152, Sss Nagar, Antop Hill, Sion Koliwada, Mumbai, Maharashtra	H.no C-567 Shubh Karma Co-operative Housing Society Ltd, null, Mumbai, MH	southern construction private limited	सदर्न कंस्ट्रक्शन प्राइवेट लिमिटेड	southern construction	सदर्न कंस्ट्रक्शन प्राइवेट लिमिटेड	southern construction	सदर्न कंस्ट्रक्शन प्राइवेट लिमिटेड	india	india
S1-104414348	S2-615870058	S2	Shiva Classic It	शिवा क्लासिक आईटी	C/O Krishna Devi, Village Arya Nagar, Hisar, Haryana	C/O KRISHNA DEVI, VILLAGE ARYA NAGAR, HISAR, Haryana	shiva classic it	शिवा क्लासिक आईटी	shiva classic it	शिवा क्लासिक आईटी	shiva classic it	शिवा क्लासिक आईटी	india	india
S1-104414348	S3-522234232	S3	Shiva Classic It	Shiva Calassic It	C/O Krishna Devi, Village Arya Nagar, Hisar, Haryana	C/o Krishna Devi, Village Arya Nagar, Hisar, HR	shiva classic it	shiva calassic it	shiva classic it	shiva calassic it	shiva classic it	shiva calassic it	india	india
S1-104414348	S3-541794477	S3	Shiva Classic It	shivaclassicit.com	C/O Krishna Devi, Village Arya Nagar, Hisar, Haryana	C/o Krishna Devi, Village Arya Nagar, Hisar, HR	shiva classic it	shivaclassicit com	shiva classic it	shivaclassicit com	shiva classic it	shivaclassicit com	india	india
S1-104420952	S3-402366984	S3	Silicon & Brothers Limited	Shri Silicon & Brothers Ltd	Gourmet Hub, Shop No. Ga- 004, Ground Floor, Plot No. 1, Block No. Bg- 1& Bg- 2, Pasc, Him Puri, New Delhi, West Delhi, Delhi	Gourmet Hub, New Delhi, West Delhi, DL	silicon and brothers limited	shri silicon and brothers ltd	silicon and brothers	shri silicon and brothers	silicon and brothers	shri silicon and brothers	india	india
S1-104448501	S2-792309649	S2	Fresh Bistro!	freshbistro.com	1 Sweeney Lane, Plymouth, MA	MA, PLYMOUTH, 1 SWIENEY LANE	fresh bistro	freshbistro com	fresh bistro	freshbistro com	fresh bistro	freshbistro com	us	us
S1-104448501	S3-273483346	S3	Fresh Bistro!	Fresh Bístro!	1 Sweeney Lane, Plymouth, MA	1 Sweeney Lane, Massachusetts, Plymouth	fresh bistro	fresh bístro	fresh bistro	fresh bístro	fresh bistro	fresh bístro	us	us
S1-104456572	S2-365244191	S2	Golden Environmental	Golden Golden Environmental Corp	12305 Ash Street, Portland, OR	012305 ASH ST, PORTLAND, OR	golden environmental	golden golden environmental corp	golden environmental	golden golden environmental	golden environmental	golden golden environmental	us	us
S1-104484066	S2-313031641	S2	First Enterprises Private Limited	ஃபர்ஸ்ட் எண்டர்பிரைசஸ் பிரைவேட் லிமிடெட்	No 6, 5Th Avenue, Banu Nagar, Ambattur, Tiruvallur, Tamil Nadu	#6, 5TH AVENUE, BANU NAGAR, TIRUVALLUR, AMBATTUR, Tamil Nadu	first enterprises private limited	ஃபர்ஸ்ட் எண்டர்பிரைசஸ் பிரைவேட் லிமிடெட்	first enterprises	ஃபர்ஸ்ட் எண்டர்பிரைசஸ் பிரைவேட் லிமிடெட்	first enterprises	ஃபர்ஸ்ட் எண்டர்பிரைசஸ் பிரைவேட் லிமிடெட்	india	india
S1-104484066	S3-679147370	S3	First Enterprises Private Limited	Arcjaxvio trading as First Enterprises Private Limited	No 6, 5Th Avenue, Banu Nagar, Ambattur, Tiruvallur, Tamil Nadu	No 6, 5Th Avenue, Banu Nagar, Ambattur, Tiruvallur, Tamil Nadu	first enterprises private limited	arcjaxvio trading as first enterprises private limited	first enterprises	arcjaxvio trading as first enterprises	first enterprises	arcjaxvio trading as first enterprises	india	india
S1-104529888	S3-441636925	S3	Russell Edutech Private Limited	russelledutech.com	H.No 326, Supreme Building Satranjipura, Nagpur, Maharashtra	Door No 326, Nagpur, MH	russell edutech private limited	russelledutech com	russell edutech	russelledutech com	russell edutech	russelledutech com	india	india
S1-104534862	S3-64027705	S3	Zephyn Petroleum Inc	zephynpetro1eum.com	445 Archer Road, Salisbury, NC	0445 Archer Road, Salisbury, North Carolina	zephyn petroleum inc	zephynpetro1eum com	zephyn petroleum	zephynpetro1eum com	zephyn petroleum	zephynpetro1eum com	us	us
S1-104544185	S2-383975125	S2	Shakti It Private Limited	शक्ति आईटी प्राइवेट लिमिटेड	B-33, Puru Apartments, Sector-13 Sector-13, Rohini, Delhi, North Delhi, Delhi	PURU APARTMENTS, SECTOR-13 SECTOR-13, ROHINI, ROHINI SEC, B-33, Delhi	shakti it private limited	शक्ति आईटी प्राइवेट लिमिटेड	shakti it	शक्ति आईटी प्राइवेट लिमिटेड	shakti it	शक्ति आईटी प्राइवेट लिमिटेड	india	india
S1-104544185	S2-801549447	S2	Shakti It Private Limited	शक्ति आईटी प्राइवेट लिमिटेड	B-33, Puru Apartments, Sector-13 Sector-13, Rohini, Delhi, North Delhi, Delhi	B-33, DELHI, ROHINI SEC, Delhi	shakti it private limited	शक्ति आईटी प्राइवेट लिमिटेड	shakti it	शक्ति आईटी प्राइवेट लिमिटेड	shakti it	शक्ति आईटी प्राइवेट लिमिटेड	india	india
S1-104545825	S3-854468792	S3	Global Consultants Private Limited	குளோபல் கன்சல்டன்ட்ஸ் பிரைவேட் லிமிடெட்	No. 47, Kalathi Pillai Street, 1St Floor Sowcarpet, Chennai, Tamil Nadu	No. 47, Kalathi Pillai Street, 1St Floor Sowcarpet, Chennai, Madras, தமிழ்நாடு	global consultants private limited	குளோபல் கன்சல்டன்ட்ஸ் பிரைவேட் லிமிடெட்	global consultants	குளோபல் கன்சல்டன்ட்ஸ் பிரைவேட் லிமிடெட்	global consultants	குளோபல் கன்சல்டன்ட்ஸ் பிரைவேட் லிமிடெட்	india	india
S1-104547743	S2-110011273	S2	Seven Projects Private Limited	সেভেন প্রজেক্টস প্রাইভেট লিমিটেড	85/1 D Thrahimpur Rd, Kolkata, Calcutta, West Bengal	DOOR NO 8-5/1 D THRAHIMPUR RD, KOLKATA, CALCUTTA, West Bengal	seven projects private limited	সেভেন প্রজেক্টস প্রাইভেট লিমিটেড	seven projects	সেভেন প্রজেক্টস প্রাইভেট লিমিটেড	seven projects	সেভেন প্রজেক্টস প্রাইভেট লিমিটেড	india	india
S1-104547743	S2-801805074	S2	Seven Projects Private Limited	Shri Seven Projects Private Ltd	85/1 D Thrahimpur Rd, Kolkata, Calcutta, West Bengal	#8-5/1 D THRAHIMPUR RD, KOLKATA, West Bengal	seven projects private limited	shri seven projects private ltd	seven projects	shri seven projects	seven projects	shri seven projects	india	india
S1-104547743	S3-67121577	S3	Seven Projects Private Limited	সেভেন প্রজেক্টস প্রাইভেট লিমিটেড	85/1 D Thrahimpur Rd, Kolkata, Calcutta, West Bengal	85/1 D Thrahimpur Rd, Kolkata, Calcutta, WB	seven projects private limited	সেভেন প্রজেক্টস প্রাইভেট লিমিটেড	seven projects	সেভেন প্রজেক্টস প্রাইভেট লিমিটেড	seven projects	সেভেন প্রজেক্টস প্রাইভেট লিমিটেড	india	india
S1-104555383	S2-712789575	S2	Al Infra Private Limited	PRIVATE AL IGCFRA LIMITED	93/53 Mansarovar, Jaipur, Rajasthan	NO 93/53 MANSAROVAR, राजस्थान, JAIPUR, MANSAROVAR	al infra private limited	private al igcfra limited	al infra	private al igcfra	al infra	private al igcfra	india	india
S1-104555383	S2-970835956	S2	Al Infra Private Limited	अल इंफ्रा प्राइवेट लिमिटेड	93/53 Mansarovar, Jaipur, Rajasthan	DOOR NO 93/53 MANSAROVAR, MANSAROVAR, Rajasthan, JAIPUR	al infra private limited	अल इंफ्रा प्राइवेट लिमिटेड	al infra	अल इंफ्रा प्राइवेट लिमिटेड	al infra	अल इंफ्रा प्राइवेट लिमिटेड	india	india
S1-104565591	S3-125478945	S3	Zen Sugar Private Limited	ZS	30/A, Narasingha Dutta Road, Bally Jagachha, Howrah, West Bengal	30/A, Narasingha Dutta Road, Bally Jagachha, Howrah, West Bengal	zen sugar private limited	zs	zen sugar	zs	zen sugar	zs	india	india
S1-104611154	S3-157248709	S3	CJ Solutions LLP	CJ Solutions Solutions	House No.-621, Ram Bhawan, Near Krishna Children Hospital, Kailashpuri Road No.-2, Hanuman Nagar, Sampatchak, Patna, Bihar	House No.-0621, Ram Bhawan, Near Krishna Children Hospital, Kailashpuri Road No.-2, Hanuman Nagar, Patna, Sampatchak, BR	cj solutions llp	cj solutions solutions	cj solutions	cj solutions solutions	cj solutions	cj solutions solutions	india	india
S1-104647736	S3-435128439	S3	Silver Piedmont Ethereum	Silver Ethereum Piecdngbftn	11305 Flame Willow Lane, Knoxville, TN		silver piedmont ethereum	silver ethereum piecdngbftn	silver piedmont ethereum	silver ethereum piecdngbftn	silver piedmont ethereum	silver ethereum piecdngbftn	us	us
S1-10466922	S2-449147839	S2	Mason's Heartland Auto Repair	AUTOMASONSHEARTLAND.COM	Augusta County, 345 Hildebrand Church Road, VA	345 HILDEBRAND CHURCH ROAD, WAYNESBORO, VA	masons heartland auto repair	automasonsheartland com	masons heartland auto repair	automasonsheartland com	masons heartland auto repair	automasonsheartland com	us	us
S1-104669992	S2-416406736	S2	Perfect Constructions Limited	परफेक्ट कंस्ट्रक्शंस लिमिटेड	Hanumanpuri, Near Lane No. 4, Amausi Road Sarojini Nagar, Lucknow, Uttar Pradesh	HANUMANPURI, NEAR LANE NO. 4, AMAUSI ROAD SAROJINI NAGAR, LUCKNOW, उत्तर प्रदेश	perfect constructions limited	परफेक्ट कंस्ट्रक्शंस लिमिटेड	perfect constructions	परफेक्ट कंस्ट्रक्शंस लिमिटेड	perfect constructions	परफेक्ट कंस्ट्रक्शंस लिमिटेड	india	india
S1-104677392	S2-238580316	S2	Tech Tech Agro Private Limited	టెక్ టెక్ ఆగ్రో ప్రైవేట్ లిమిటెడ్	Visakhapatnam, Andhra Pradesh, Vishakhapatnam, Flat No 202 Sri Krishna, Prasanthi Nagar Near, Narsipatnam	SRI KRISHNA, VISHAKHAPATNAM, Andhra Pradesh	tech tech agro private limited	టెక్ టెక్ ఆగ్రో ప్రైవేట్ లిమిటెడ్	tech tech agro	టెక్ టెక్ ఆగ్రో ప్రైవేట్ లిమిటెడ్	tech tech agro	టెక్ టెక్ ఆగ్రో ప్రైవేట్ లిమిటెడ్	india	india
S1-104677392	S3-53167913	S3	Tech Tech Agro Private Limited	Tech  Tech Agro Limited Partners	Visakhapatnam, Andhra Pradesh, Vishakhapatnam, Flat No 202 Sri Krishna, Prasanthi Nagar Near, Narsipatnam	Sri Krishna, Visakhapatnam, Vishakhapatnam, ఆంధ్రప్రదేశ్	tech tech agro private limited	tech tech agro limited partners	tech tech agro	tech tech agro limited partners	tech tech agro	tech tech agro limited partners	india	india
S1-104677392	S3-623947258	S3	Tech Tech Agro Private Limited	టెక్ టెక్ ఆగ్రో ప్రైవేట్ లిమిటెడ్	Visakhapatnam, Andhra Pradesh, Vishakhapatnam, Flat No 202 Sri Krishna, Prasanthi Nagar Near, Narsipatnam	Flat No 202 Sri Krishna, Visakhapatnam, Vishakhapatnam, AP	tech tech agro private limited	టెక్ టెక్ ఆగ్రో ప్రైవేట్ లిమిటెడ్	tech tech agro	టెక్ టెక్ ఆగ్రో ప్రైవేట్ లిమిటెడ్	tech tech agro	టెక్ టెక్ ఆగ్రో ప్రైవేట్ లిమిటెడ్	india	india
S1-10468395	S2-232992287	S2	Best Foundation Private Limited	बेस्ट फाउंडेशन प्राइवेट लिमिटेड	D/68, Jai Prakash Nagar Rd No.2, New Mand, Patna, Bihar	D/68, PATNA, बिहार	best foundation private limited	बेस्ट फाउंडेशन प्राइवेट लिमिटेड	best foundation	बेस्ट फाउंडेशन प्राइवेट लिमिटेड	best foundation	बेस्ट फाउंडेशन प्राइवेट लिमिटेड	india	india
S1-10468395	S2-262035953	S2	Best Foundation Private Limited	बेस्ट फाउंडेशन प्राइवेट लिमिटेड	D/68, Jai Prakash Nagar Rd No.2, New Mand, Patna, Bihar	D/68, PATNA, बिहार	best foundation private limited	बेस्ट फाउंडेशन प्राइवेट लिमिटेड	best foundation	बेस्ट फाउंडेशन प्राइवेट लिमिटेड	best foundation	बेस्ट फाउंडेशन प्राइवेट लिमिटेड	india	india
S1-10468395	S3-36431535	S3	Best Foundation Private Limited	Smt Bestfoundation.Com	D/68, Jai Prakash Nagar Rd No.2, New Mand, Patna, Bihar	Jai Prakash Nagar Rd No.2, New Mand, Patna, D/68, Patna, BR	best foundation private limited	smt bestfoundation com	best foundation	smt bestfoundation com	best foundation	smt bestfoundation com	india	india
S1-10468395	S3-928811620	S3	Best Foundation Private Limited	बेस्ट Foundation Private Limited	D/68, Jai Prakash Nagar Rd No.2, New Mand, Patna, Bihar	D/68, Jai Prakash Nagar Rd No.2, New Mand, Patna, BR	best foundation private limited	बेस्ट foundation private limited	best foundation	बेस्ट foundation	best foundation	बेस्ट foundation	india	india
S1-10468395	S3-992946103	S3	Best Foundation Private Limited	बेस्ट फाउंडेशन प्राइवेट लिमिटेड	D/68, Jai Prakash Nagar Rd No.2, New Mand, Patna, Bihar	D/68, Jai Prakash Nagar Rd No.2, New Mand, Patna, BR	best foundation private limited	बेस्ट फाउंडेशन प्राइवेट लिमिटेड	best foundation	बेस्ट फाउंडेशन प्राइवेट लिमिटेड	best foundation	बेस्ट फाउंडेशन प्राइवेट लिमिटेड	india	india
S1-10468395	S3-997721246	S3	Best Foundation Private Limited	बेस्ट फाउंडेशन प्राइवेट लिमिटेड	D/68, Jai Prakash Nagar Rd No.2, New Mand, Patna, Bihar	D/68, Patna, बिहार	best foundation private limited	बेस्ट फाउंडेशन प्राइवेट लिमिटेड	best foundation	बेस्ट फाउंडेशन प्राइवेट लिमिटेड	best foundation	बेस्ट फाउंडेशन प्राइवेट लिमिटेड	india	india
S1-104685414	S2-116118258	S2	Surgical Apex Medicine Associates	SAMEDICINE.COM | www.samedicine.com	NC, 200 Gordon Thomas Drive, Durham	200 GORDON THOMAS DRIVE, DURHAM TOWNSHIP, NC	surgical apex medicine associates	samedicine com www samedicine com	surgical apex medicine associates	samedicine com www samedicine com	surgical apex medicine associates	samedicine com www samedicine com	us	us
S1-104697023	S3-258297498	S3	Willow	Wmsw	208 Nathan Drive, TN, Goodlettsville	Goodlettsville, Tennessee, 208 Nathan Dr	willow	wmsw	willow	wmsw	willow	wmsw	us	us
S1-104701289	S2-243425979	S2	Supreme Global LLP	સુપ્રીમ ગ્લોબલ એલએલપી	Vishal 10B Paras Societybehind Motor House, Jamnagar, Gujarat	VISHAL 10B PARAS SOCIETYBEHIND MOTOR HOUSE, JAMNAGAR, Gujarat	supreme global llp	સુપ્રીમ ગ્લોબલ એલએલપી	supreme global	સુપ્રીમ ગ્લોબલ એલએલપી	supreme global	સુપ્રીમ ગ્લોબલ એલએલપી	india	india
S1-104701289	S3-173160964	S3	Supreme Global LLP	સુપ્રીમ ગ્લોબલ એલએલપી	Vishal 10B Paras Societybehind Motor House, Jamnagar, Gujarat	Vishal 10B Paras Societybehind Motor House, Jamnagar, GJ	supreme global llp	સુપ્રીમ ગ્લોબલ એલએલપી	supreme global	સુપ્રીમ ગ્લોબલ એલએલપી	supreme global	સુપ્રીમ ગ્લોબલ એલએલપી	india	india
S1-104701289	S3-305925149	S3	Supreme Global LLP	Supreme ગ્લોબલ LLP	Vishal 10B Paras Societybehind Motor House, Jamnagar, Gujarat	Jamnagar, ગુજરાત, Jamnagar, Vishal 10B Paras Societybehind Motor House	supreme global llp	supreme ગ્લોબલ llp	supreme global	supreme ગ્લોબલ	supreme global	supreme ગ્લોબલ	india	india
S1-104701289	S3-632336146	S3	Supreme Global LLP	LLP Supreme Global	Vishal 10B Paras Societybehind Motor House, Jamnagar, Gujarat	Vishal 10B Paras Societybehind Motor House, Jamnagar, GJ	supreme global llp	llp supreme global	supreme global	llp supreme global	supreme global	llp supreme global	india	india
S1-104702557	S3-816979715	S3	Orthopedic Care Associates of Wichita Inc	Orthopedic Associates  of Wichita Inc Center	1770 Roosevelt Avenue, Fl 0, Wichita, KS	Roosevelt Avenue, PO Box 2997, Wichita, Kansas	orthopedic care associates of wichita inc	orthopedic associates of wichita inc center	orthopedic care associates of wichita	orthopedic associates of wichita inc center	orthopedic care associates of wichita	orthopedic associates of wichita inc center	us	us
S1-104703235	S2-433486193	S2	Future Exports Private Limited	फ्यूचर एक्सपोर्ट्स प्राइवेट लिमिटेड	301 A, Classique Centre, Mahal Industrial Estate Off Mahakali Caves Rd., Andheri (East), Mumbai, Mumbai City, Maharashtra	301 A, MUMBAI CITY, BOMBAY, महाराष्ट्र	future exports private limited	फ्यूचर एक्सपोर्ट्स प्राइवेट लिमिटेड	future exports	फ्यूचर एक्सपोर्ट्स प्राइवेट लिमिटेड	future exports	फ्यूचर एक्सपोर्ट्स प्राइवेट लिमिटेड	india	india
S1-104707274	S2-82620213	S2	Smart Business Limited	स्मार्ट बिजनेस लिमिटेड	Flat No 101/104, Shop No. 103, Ashdip Chhatrapati Shivaji Marg, Opp. Vijay Sales, Mira Roa, D (East), Thane, Maharashtra	FLAT NO 101/104, SHOP NO. 103, ASHDIP CHHATRAPATI SHIVAJI MARG, OPP. VIJAY SALES, MIRA ROA, D (EAST), THANE, महाराष्ट्र	smart business limited	स्मार्ट बिजनेस लिमिटेड	smart business	स्मार्ट बिजनेस लिमिटेड	smart business	स्मार्ट बिजनेस लिमिटेड	india	india
S1-104707274	S3-155644620	S3	Smart Business Limited	स्मार्ट बिजनेस लिमिटेड	Flat No 101/104, Shop No. 103, Ashdip Chhatrapati Shivaji Marg, Opp. Vijay Sales, Mira Roa, D (East), Thane, Maharashtra	#101/104, Shop No. 103, Ashdip Chhatrapati Shivaji Marg, Opp. Vijay Sales, Mira Roa, Thane, D (East), MH	smart business limited	स्मार्ट बिजनेस लिमिटेड	smart business	स्मार्ट बिजनेस लिमिटेड	smart business	स्मार्ट बिजनेस लिमिटेड	india	india
S1-104707885	S2-256356262	S2	Ace Management Private Limited	एस मैनेजमेंट प्राइवेट लिमिटेड	C/O Yogesh Dagu Tribhuvan, Sai Prakash, Co. Opp. H.S, Aurangabad, Maharashtra	C/O YOGESH DAGU TRIBHUVAN, AURANGABAD, Maharashtra	ace management private limited	एस मैनेजमेंट प्राइवेट लिमिटेड	ace management	एस मैनेजमेंट प्राइवेट लिमिटेड	ace management	एस मैनेजमेंट प्राइवेट लिमिटेड	india	india
S1-10470923	S2-569668584	S2	Ss Trading LLP	L.L.P. Ss Trading	34/1 Kaji Ki Chawl Malwa Mill Chouraha, Indore, Madhya Pradesh	34/1 KAJI KI CHAWL MALWA MILL CHOURAHA, INDORE, Madhya Pradesh	ss trading llp	llp ss trading	ss trading	llp ss trading	ss trading	llp ss trading	india	india
S1-10470923	S2-647361141	S2	Ss Trading LLP	एसएस ट्रेडिंग एलएलपी	34/1 Kaji Ki Chawl Malwa Mill Chouraha, Indore, Madhya Pradesh	34/1 KAJI KI CHAWL MALWA MILL CHOURAHA, INDORE, Madhya Pradesh	ss trading llp	एसएस ट्रेडिंग एलएलपी	ss trading	एसएस ट्रेडिंग एलएलपी	ss trading	एसएस ट्रेडिंग एलएलपी	india	india
S1-10470923	S2-94458581	S2	Ss Trading LLP	एसएस ट्रेडिंग एलएलपी	34/1 Kaji Ki Chawl Malwa Mill Chouraha, Indore, Madhya Pradesh	DOOR NO 34/1 KAJI KI CHAWL MALWA MILL CHOURAHA, INDORE, Madhya Pradesh	ss trading llp	एसएस ट्रेडिंग एलएलपी	ss trading	एसएस ट्रेडिंग एलएलपी	ss trading	एसएस ट्रेडिंग एलएलपी	india	india
S1-10470923	S3-201007693	S3	Ss Trading LLP	एसएस ट्रेडिंग एलएलपी	34/1 Kaji Ki Chawl Malwa Mill Chouraha, Indore, Madhya Pradesh	34/1 Kaji Ki Chawl Malwa Mill Chouraha, Indore, मध्य प्रदेश	ss trading llp	एसएस ट्रेडिंग एलएलपी	ss trading	एसएस ट्रेडिंग एलएलपी	ss trading	एसएस ट्रेडिंग एलएलपी	india	india
S1-104717092	S3-156954899	S3	Peterson, Luong and Chakraborty Mercury	petersonluongchakraborty.com	1438 Ames Place, Washington, DC	Ames Pl, Washington CITY, District of Columbia	peterson luong and chakraborty mercury	petersonluongchakraborty com	peterson luong and chakraborty mercury	petersonluongchakraborty com	peterson luong and chakraborty mercury	petersonluongchakraborty com	us	us
S1-104719046	S2-899196782	S2	Sun Engineering Private Limited	ಸನ್ ಇಂಜಿನಿಯರಿಂಗ್ ಪ್ರೈವೇಟ್ ಲಿಮಿಟೆಡ್	B-201, Mantri Tranquil, Gubalala, Off Kanakpura, Bangalore South, Bangalore, Karnataka	BANGALORE, B-201, BANGALORE SOUTH, Karnataka	sun engineering private limited	ಸನ್ ಇಂಜಿನಿಯರಿಂಗ್ ಪ್ರೈವೇಟ್ ಲಿಮಿಟೆಡ್	sun engineering	ಸನ್ ಇಂಜಿನಿಯರಿಂಗ್ ಪ್ರೈವೇಟ್ ಲಿಮಿಟೆಡ್	sun engineering	ಸನ್ ಇಂಜಿನಿಯರಿಂಗ್ ಪ್ರೈವೇಟ್ ಲಿಮಿಟೆಡ್	india	india
S1-104719046	S3-977964859	S3	Sun Engineering Private Limited	ಸನ್ ಇಂಜಿನಿಯರಿಂಗ್ ಪ್ರೈವೇಟ್ ಲಿಮಿಟೆಡ್	B-201, Mantri Tranquil, Gubalala, Off Kanakpura, Bangalore South, Bangalore, Karnataka	B-201, Bangalore South, Bangalore, KA	sun engineering private limited	ಸನ್ ಇಂಜಿನಿಯರಿಂಗ್ ಪ್ರೈವೇಟ್ ಲಿಮಿಟೆಡ್	sun engineering	ಸನ್ ಇಂಜಿನಿಯರಿಂಗ್ ಪ್ರೈವೇಟ್ ಲಿಮಿಟೆಡ್	sun engineering	ಸನ್ ಇಂಜಿನಿಯರಿಂಗ್ ಪ್ರೈವೇಟ್ ಲಿಮಿಟೆಡ್	india	india
S1-104729514	S3-619397840	S3	Tushita Fabrics Private Limited	Víoevo	144 Mehr Naaz, 91 Cuffe Parade, Mumbai, Maharashtra	144 Mehr Naaz, 91 Cuffe Parade, Mumbai, MH	tushita fabrics private limited	víoevo	tushita fabrics	víoevo	tushita fabrics	víoevo	india	india
S1-104730321	S3-729541495	S3	Main Street Hair Studio Inc	Main Street Hair	332 School Street, Mount Prospect, IL	00332 School St, Mount Prospect, Illinois	main street hair studio inc	main street hair	main street hair studio	main street hair	main street hair studio	main street hair	us	us
S1-104757550	S2-569622952	S2	Maa Consultants LLP	मां कंसल्टेंट्स एलएलपी	Fourth Floor, 16 C, Madhuban, Bank Street, Girwa, Udaipur, Rajasthan	FOURTH FLOOR, 16 C, MADHUBAN, BANK STREET, UDAIPUR, Rajasthan	maa consultants llp	मां कंसल्टेंट्स एलएलपी	maa consultants	मां कंसल्टेंट्स एलएलपी	maa consultants	मां कंसल्टेंट्स एलएलपी	india	india
S1-104757550	S2-781332304	S2	Maa Consultants LLP	माँ कंसल्टेंट्स एलएलपी	Fourth Floor, 16 C, Madhuban, Bank Street, Girwa, Udaipur, Rajasthan	FOURTH FLOOR, CHITTAURGARH, राजस्थान, GIRWA	maa consultants llp	माँ कंसल्टेंट्स एलएलपी	maa consultants	माँ कंसल्टेंट्स एलएलपी	maa consultants	माँ कंसल्टेंट्स एलएलपी	india	india
S1-104757550	S2-97902464	S2	Maa Consultants LLP	मां कंसल्टेंट्स एलएलपी	Fourth Floor, 16 C, Madhuban, Bank Street, Girwa, Udaipur, Rajasthan	FOURTH FLOOR, 16 C, MADHUBAN, BANK STREET, UDAIPUR, Rajasthan	maa consultants llp	मां कंसल्टेंट्स एलएलपी	maa consultants	मां कंसल्टेंट्स एलएलपी	maa consultants	मां कंसल्टेंट्स एलएलपी	india	india
S1-104757550	S3-855935206	S3	Maa Consultants LLP	मां कंसल्टेंट्स एलएलपी	Fourth Floor, 16 C, Madhuban, Bank Street, Girwa, Udaipur, Rajasthan	16 C, Madhuban, Bank Street, RJ, Udaipur, Fourth Floor, Girwa	maa consultants llp	मां कंसल्टेंट्स एलएलपी	maa consultants	मां कंसल्टेंट्स एलएलपी	maa consultants	मां कंसल्टेंट्स एलएलपी	india	india
S1-104764693	S3-562768516	S3	Hotel Sahayog (India) Ltd	Wexxylo Labs	No.2, Gokul Arcade, Sardar Patel Road, Adyar, Chennai, Tamil Nadu	No.2, Gokul Arcade, Sardar Patel Road, Adyar, Chennai, Tamil Nadu	hotel sahayog india ltd	wexxylo labs	hotel sahayog india	wexxylo labs	hotel sahayog india	wexxylo labs	india	india
S1-104768984	S2-156203668	S2	Solution	Synbelo	Etna Twp, 125 Longwood Drive, OH	125 1/2 LONGWOOD DRIVE, PATASKALA, OH	solution	synbelo	solution	synbelo	solution	synbelo	us	us
S1-104768984	S3-684831578	S3	Solution	Soligon	Etna Twp, 125 Longwood Drive, OH	125 Longwood Dr, Etna Twp, Ohio	solution	soligon	solution	soligon	solution	soligon	us	us
S1-104768984	S3-907170332	S3	Solution	Sluttoieon	Etna Twp, 125 Longwood Drive, OH	125 Longwood Drive, Etna, Ohio	solution	sluttoieon	solution	sluttoieon	solution	sluttoieon	us	us
S1-104771446	S2-752857456	S2	Urban Deli! LLC	udeli.com #86283	5994 Buggy Ride Road, Temple, TX	BUGGY RIDE ROAD, TEMPLE, TX	urban deli llc	udeli com 86283	urban deli	udeli com 86283	urban deli	udeli com 86283	us	us
S1-104775495	S2-512320332	S2	Larsen, Greer, DPM, M.D., P.C.	larsengreer.c0m	Victorville, CA, 12519 Marchmont Court	MARCHMONT CT, VICTORVILLE, CA	larsen greer dpm m d pc	larsengreer c0m	larsen greer dpm m d	larsengreer c0m	larsen greer dpm m d	larsengreer c0m	us	us
S1-104790491	S2-452097035	S2	Hitech Vijay Exports Private Limited	হাইটেক বিজয় এক্সপোর্টস প্রাইভেট লিমিটেড	Loharuka Green Nest Fl-No B301, 3Rd Floor, Kalipark, Rajarhat Main Road, North 24 Paraganas, Rajarhat, North 24 Parganas, West Bengal	HN 460 LOHARUKA GREEN NEST FL-NO B301, 3RD FLOOR, KALIPARK, RAJARHAT MAIN ROAD, NORTH 24 PARAGANAS, NORTH 24 PARGANAS, RAJARHAT, West Bengal	hitech vijay exports private limited	হাইটেক বিজয় এক্সপোর্টস প্রাইভেট লিমিটেড	hitech vijay exports	হাইটেক বিজয় এক্সপোর্টস প্রাইভেট লিমিটেড	hitech vijay exports	হাইটেক বিজয় এক্সপোর্টস প্রাইভেট লিমিটেড	india	india
S1-104790491	S3-275229431	S3	Hitech Vijay Exports Private Limited	Hitech  Vijay Private Limited Services	Loharuka Green Nest Fl-No B301, 3Rd Floor, Kalipark, Rajarhat Main Road, North 24 Paraganas, Rajarhat, North 24 Parganas, West Bengal		hitech vijay exports private limited	hitech vijay private limited services	hitech vijay exports	hitech vijay private limited services	hitech vijay exports	hitech vijay private limited services	india	india
S1-104790491	S3-622465864	S3	Hitech Vijay Exports Private Limited	হাইটেক বিজয় এক্সপোর্টস প্রাইভেট লিমিটেড	Loharuka Green Nest Fl-No B301, 3Rd Floor, Kalipark, Rajarhat Main Road, North 24 Paraganas, Rajarhat, North 24 Parganas, West Bengal	Loharuka Green Nest Fl-no Bc-301, Kolkata Region, WB	hitech vijay exports private limited	হাইটেক বিজয় এক্সপোর্টস প্রাইভেট লিমিটেড	hitech vijay exports	হাইটেক বিজয় এক্সপোর্টস প্রাইভেট লিমিটেড	hitech vijay exports	হাইটেক বিজয় এক্সপোর্টস প্রাইভেট লিমিটেড	india	india
S1-104797144	S2-755640188	S2	Rios Oak	riosoak.com	38 Cooper Street, Unit 106, Mashpee, MA	COOPER STREET, MASHPEE, MA	rios oak	riosoak com	rios oak	riosoak com	rios oak	riosoak com	us	us
S1-104800728	S3-973763019	S3	Granite Polestar LLC	Granite Pólestar LLC	452 Blue Point Road, Brookhaven, NY		granite polestar llc	granite pólestar llc	granite polestar	granite pólestar	granite polestar	granite pólestar	us	us
S1-10481170	S3-735680877	S3	Veterans Alliance Inc	#Veteransalliance	OR, Redmond, 1111 Varnish Lane	1111-1115 Varnish Lane, Redmond, Oregon	veterans alliance inc	veteransalliance	veterans alliance	veteransalliance	veterans alliance	veteransalliance	us	us
S1-104861365	S3-379091071	S3	Curtis Hotel LLP	Curtis  LLP Center	NY, Yonkers, 340 Riverdale Avenue	Riverdale Avenue, null, Yonkers CITY, New York	curtis hotel llp	curtis llp center	curtis hotel	curtis llp center	curtis hotel	curtis llp center	us	us
S1-104865844	S2-516758459	S2	Pediatric Global Care Associates L.L.C.	L.L.C. Pediatric Glóbal Care Associates	3202 Lockgate Drive, Spring, TX	LOCKGATE DR, SPRING, TX	pediatric global care associates llc	llc pediatric glóbal care associates	pediatric global care associates	llc pediatric glóbal care associates	pediatric global care associates	llc pediatric glóbal care associates	us	us
S1-104865844	S2-923426941	S2	Pediatric Global Care Associates L.L.C.	Pediatric Global Care Associates L.L.C. Society	3202 Lockgate Drive, Spring, TX	3203 LOCKGATE DRIVE, SPRING, TX	pediatric global care associates llc	pediatric global care associates llc society	pediatric global care associates	pediatric global care associates llc society	pediatric global care associates	pediatric global care associates llc society	us	us
S1-104870838	S2-35652948	S2	Krishna Industries Limited	कृष्ण इंडस्ट्रीज लिमिटेड	Bldg No 05, Flat No D/401Parasnath Nagari Tivari Road Juchandra Naigaon East, Vasai, Thane, Maharashtra	BLDG NO 05, FLAT NO D/401PARASNATH NAGARI TIVARI ROAD JUCHANDRA NAIGAON EAST, VASAI, महाराष्ट्र	krishna industries limited	कृष्ण इंडस्ट्रीज लिमिटेड	krishna industries	कृष्ण इंडस्ट्रीज लिमिटेड	krishna industries	कृष्ण इंडस्ट्रीज लिमिटेड	india	india
S1-104870838	S2-638620649	S2	Krishna Industries Limited	कृष्ण इंडस्ट्रीज लिमिटेड	Bldg No 05, Flat No D/401Parasnath Nagari Tivari Road Juchandra Naigaon East, Vasai, Thane, Maharashtra	BLDG NO 05, FLAT NO D/401PARASNATH NAGARI TIVARI ROAD JUCHANDRA NAIGAON EAST, VASAI, महाराष्ट्र	krishna industries limited	कृष्ण इंडस्ट्रीज लिमिटेड	krishna industries	कृष्ण इंडस्ट्रीज लिमिटेड	krishna industries	कृष्ण इंडस्ट्रीज लिमिटेड	india	india
S1-104870838	S2-74230964	S2	Krishna Industries Limited	कृष्णा इंडस्ट्रीज लिमिटेड	Bldg No 05, Flat No D/401Parasnath Nagari Tivari Road Juchandra Naigaon East, Vasai, Thane, Maharashtra	VASAI, FLAT NO D/401PARASNATH NAGARI TIVARI ROAD JUCHANDRA NAIGAON EAST, BLDG NO 05, महाराष्ट्र	krishna industries limited	कृष्णा इंडस्ट्रीज लिमिटेड	krishna industries	कृष्णा इंडस्ट्रीज लिमिटेड	krishna industries	कृष्णा इंडस्ट्रीज लिमिटेड	india	india
S1-104872495	S2-382971840	S2	Indo Agro Private Limited	ઇન્ડો એગ્રો પ્રાઇવેટ લિમિટેડ	Vadodara, Dev Industrial Estate, Nr. Gorwa Water Tank, Gorwa, Gujarat, Vadodara, Plot No. 4/19	H.NO 4/19, DEV INDUSTRIAL ESTATE, NR. GORWA WATER TANK, GORWA, VADODARA, BARODA, ગુજરાત	indo agro private limited	ઇન્ડો એગ્રો પ્રાઇવેટ લિમિટેડ	indo agro	ઇન્ડો એગ્રો પ્રાઇવેટ લિમિટેડ	indo agro	ઇન્ડો એગ્રો પ્રાઇવેટ લિમિટેડ	india	india
S1-104872495	S2-569909175	S2	Indo Agro Private Limited	ઇન્ડો એગ્રો પ્રાઇવેટ લિમિટેડ	Vadodara, Dev Industrial Estate, Nr. Gorwa Water Tank, Gorwa, Gujarat, Vadodara, Plot No. 4/19	VADODARA, DEV INDUSTRIAL ESTATE, NR. GORWA WATER TANK, GORWA, PLOT NO. 4/19, BARODA, Gujarat	indo agro private limited	ઇન્ડો એગ્રો પ્રાઇવેટ લિમિટેડ	indo agro	ઇન્ડો એગ્રો પ્રાઇવેટ લિમિટેડ	indo agro	ઇન્ડો એગ્રો પ્રાઇવેટ લિમિટેડ	india	india
S1-104872495	S2-912642112	S2	Indo Agro Private Limited	ઇન્ડો એગ્રો પ્રાઇવેટ લિમિટેડ	Vadodara, Dev Industrial Estate, Nr. Gorwa Water Tank, Gorwa, Gujarat, Vadodara, Plot No. 4/19	4/19, DEV INDUSTRIAL ESTATE, NR. GORWA WATER TANK, GORWA, BARODA, VADODARA, Gujarat	indo agro private limited	ઇન્ડો એગ્રો પ્રાઇવેટ લિમિટેડ	indo agro	ઇન્ડો એગ્રો પ્રાઇવેટ લિમિટેડ	indo agro	ઇન્ડો એગ્રો પ્રાઇવેટ લિમિટેડ	india	india
S1-104872495	S3-193692462	S3	Indo Agro Private Limited	Priavcte Indo Agro Limited	Vadodara, Dev Industrial Estate, Nr. Gorwa Water Tank, Gorwa, Gujarat, Vadodara, Plot No. 4/19	No 4/19, Vadodara Region, Vadodara, ગુજરાત	indo agro private limited	priavcte indo agro limited	indo agro	priavcte indo agro	indo agro	priavcte indo agro	india	india
S1-104872495	S3-561004712	S3	Indo Agro Private Limited	ઇન્ડો એગ્રો પ્રાઇવેટ લિમિટેડ	Vadodara, Dev Industrial Estate, Nr. Gorwa Water Tank, Gorwa, Gujarat, Vadodara, Plot No. 4/19	Plot No. 4/19, Vadodara, ગુજરાત	indo agro private limited	ઇન્ડો એગ્રો પ્રાઇવેટ લિમિટેડ	indo agro	ઇન્ડો એગ્રો પ્રાઇવેટ લિમિટેડ	indo agro	ઇન્ડો એગ્રો પ્રાઇવેટ લિમિટેડ	india	india
S1-10487434	S2-148015105	S2	Delhi (india) Private Limited	diprivate.com	East Delhi, 210 Karkardooma Village Main Vikas Marg, Delhi	210 KARKARDOOMA VILLAGE MAIN VIKAS MARG, DELHI, EAST DELHI, Delhi	delhi india private limited	diprivate com	delhi india	diprivate com	delhi india	diprivate com	india	india
S1-10487434	S3-842355787	S3	Delhi (india) Private Limited	Delhi (Inmi)A Private Limited	East Delhi, 210 Karkardooma Village Main Vikas Marg, Delhi	Delhi, #21 Karkardooma Village Main Vikas Marg, DL, East Delhi	delhi india private limited	delhi inmi a private limited	delhi india	delhi inmi a	delhi india	delhi inmi a	india	india
S1-104911897	S2-228468818	S2	Lower Animal Hospital	loweranimalhospital.com	25 Alamo Place, Unit Apartment 2, Buffalo, NY	25 ALAMO PLACE, BUFFALO, NY	lower animal hospital	loweranimalhospital com	lower animal hospital	loweranimalhospital com	lower animal hospital	loweranimalhospital com	us	us
S1-104911897	S2-668456188	S2	Lower Animal Hospital	Lower Animal Hótbpstal	25 Alamo Place, Unit Apartment 2, Buffalo, NY		lower animal hospital	lower animal hótbpstal	lower animal hospital	lower animal hótbpstal	lower animal hospital	lower animal hótbpstal	us	us
S1-104911897	S2-879996666	S2	Lower Animal Hospital	Lower Animal	25 Alamo Place, Unit Apartment 2, Buffalo, NY		lower animal hospital	lower animal	lower animal hospital	lower animal	lower animal hospital	lower animal	us	us
S1-104911897	S3-840819712	S3	Lower Animal Hospital	Lower Animal Hssmitel	25 Alamo Place, Unit Apartment 2, Buffalo, NY	Alamo Pl, Buffalo, New York	lower animal hospital	lower animal hssmitel	lower animal hospital	lower animal hssmitel	lower animal hospital	lower animal hssmitel	us	us
S1-104971129	S2-939681691	S2	Gujarat Infotech Private Limited	ಗುಜರಾತ್ ಇನ್‌ಫೋಟೆಕ್ ಪ್ರೈವೇಟ್ ಲಿಮಿಟೆಡ್	37, 4Th B Cross, 5Th Blockindl.Lay Out, Koramangala Bangalore-95, Bangalore, Karnataka	KORAMANGALA BANGALORE-95, 4TH B CROSS, 5TH BLOCKINDL.LAY OUT, BANGALORE, Karnataka, PLOT 448 37	gujarat infotech private limited	ಗುಜರಾತ್ ಇನ್‌ಫೋಟೆಕ್ ಪ್ರೈವೇಟ್ ಲಿಮಿಟೆಡ್	gujarat infotech	ಗುಜರಾತ್ ಇನ್‌ಫೋಟೆಕ್ ಪ್ರೈವೇಟ್ ಲಿಮಿಟೆಡ್	gujarat infotech	ಗುಜರಾತ್ ಇನ್‌ಫೋಟೆಕ್ ಪ್ರೈವೇಟ್ ಲಿಮಿಟೆಡ್	india	india
S1-104974580	S2-428064037	S2	Unique Investment Pvt Ltd	Unique Ivcneatment Pvt Ltd	3Rd Floor, Palai Plaza, 9 Kohinoor Road, Dadar East, Maharashtra, Mumbai City, Mumbai	NO 3RD FLOOR, PALAI PLAZA, 9 KOHINOOR ROAD, DADAR EAST, MUMBAI, महाराष्ट्र	unique investment pvt ltd	unique ivcneatment pvt ltd	unique investment	unique ivcneatment	unique investment	unique ivcneatment	india	india
S1-104974580	S2-725377004	S2	Unique Investment Pvt Ltd	यूनिक इन्वेस्टमेंट प्रा. लि.	3Rd Floor, Palai Plaza, 9 Kohinoor Road, Dadar East, Maharashtra, Mumbai City, Mumbai	DOOR NO 3RD FLOOR, PALAI PLAZA, 9 KOHINOOR ROAD, DADAR EAST, MUMBAI, MUMBAI CITY, Maharashtra	unique investment pvt ltd	यूनिक इन्वेस्टमेंट प्रा लि	unique investment	यूनिक इन्वेस्टमेंट प्रा लि	unique investment	यूनिक इन्वेस्टमेंट प्रा लि	india	india
S1-104989306	S2-259319513	S2	Shree Management Private Limited	श्री मैनेजमेंट प्राइवेट लिमिटेड	83/85Diamond Plaza Bldg Dhanji Street, Mumbai, Maharashtra	83/85DIAMOND- PLAZA BLDG DHANJI STREET, MUMBAI, Maharashtra	shree management private limited	श्री मैनेजमेंट प्राइवेट लिमिटेड	shree management	श्री मैनेजमेंट प्राइवेट लिमिटेड	shree management	श्री मैनेजमेंट प्राइवेट लिमिटेड	india	india
S1-104989306	S2-334166102	S2	Shree Management Private Limited	श्री मैनेजमेंट प्राइवेट लिमिटेड	83/85Diamond Plaza Bldg Dhanji Street, Mumbai, Maharashtra	MUMBAI, महाराष्ट्र, MUMBAI, NO 83/85DIAMOND- PLAZA BLDG DHANJI STREET	shree management private limited	श्री मैनेजमेंट प्राइवेट लिमिटेड	shree management	श्री मैनेजमेंट प्राइवेट लिमिटेड	shree management	श्री मैनेजमेंट प्राइवेट लिमिटेड	india	india
S1-104992862	S2-466080149	S2	Sunrise Food Private Limited	sunrisefood.com	68/7 Gidc Industrial Estateat Post Vatva, Ahmedabad, Gujarat	NO 68/7 GIDC INDUSTRIAL ESTATEAT POST VATVA, AHMEDABAD, Gujarat	sunrise food private limited	sunrisefood com	sunrise food	sunrisefood com	sunrise food	sunrisefood com	india	india
S1-104992862	S3-823406538	S3	Sunrise Food Private Limited	સનરાઇઝ ફૂડ Private Limited	68/7 Gidc Industrial Estateat Post Vatva, Ahmedabad, Gujarat	68/7 Gidc Industrial Estateat Post Vatva, Ahmedabad, <NULL>, GJ	sunrise food private limited	સનરાઇઝ ફૂડ private limited	sunrise food	સનરાઇઝ ફૂડ	sunrise food	સનરાઇઝ ફૂડ	india	india
S1-105016101	S2-824259112	S2	Sunrise Systems	સનરાઇઝ સિસ્ટમ્સ	505, Podar Arcade, Varachha Road, Surat, Gujarat	PLOT 16  505, PODAR ARCADE, VARACHHA ROAD, SURAT, SARTHANA, ગુજરાત	sunrise systems	સનરાઇઝ સિસ્ટમ્સ	sunrise systems	સનરાઇઝ સિસ્ટમ્સ	sunrise systems	સનરાઇઝ સિસ્ટમ્સ	india	india
S1-105016101	S3-431430864	S3	Sunrise Systems	સનરાઇઝ સિસ્ટમ્સ	505, Podar Arcade, Varachha Road, Surat, Gujarat	GJ, 505, Surat, N/A	sunrise systems	સનરાઇઝ સિસ્ટમ્સ	sunrise systems	સનરાઇઝ સિસ્ટમ્સ	sunrise systems	સનરાઇઝ સિસ્ટમ્સ	india	india
S1-105031687	S2-276289306	S2	Ga Charitable Trust	CHARITABLE GA TRUST	C/O Sab Properties Private Limited, 1/22, Second Floor, Asif Ali Road, Delhi, Central Delhi, Delhi	C/O SAB PROPERTIES PRIVATE LIMITED, DELHI, CENTRAL DELHI, Delhi	ga charitable trust	charitable ga trust	ga charitable trust	charitable ga trust	ga charitable trust	charitable ga trust	india	india
S1-105031687	S3-239411614	S3	Ga Charitable Trust	Mr Ga Charitable	C/O Sab Properties Private Limited, 1/22, Second Floor, Asif Ali Road, Delhi, Central Delhi, Delhi	C/o Sab Properties Private Limited, 1/22, Second Floor, Asif Ali Road, Gautam Bodda Nagar, Central Delhi, DL	ga charitable trust	mr ga charitable	ga charitable trust	mr ga charitable	ga charitable trust	mr ga charitable	india	india
S1-105031687	S3-243240936	S3	Ga Charitable Trust	Ga Charitable	C/O Sab Properties Private Limited, 1/22, Second Floor, Asif Ali Road, Delhi, Central Delhi, Delhi	C/o Sab Properties Private Limited, 1/22, Second Floor, Asif Ali Road, Gautam Bodda Nagar, Central Delhi, दिल्ली	ga charitable trust	ga charitable	ga charitable trust	ga charitable	ga charitable trust	ga charitable	india	india
S1-10504171	S2-588362400	S2	Office of Sanitation	OFFICE  OF	86 Farmers Cliff Road, Concord, MA	086 FARMERS CLIFF ROAD, CONCORD, MA	office of sanitation	office of	office of sanitation	office of	office of sanitation	office of	us	us
S1-105043776	S2-245228052	S2	Laxmi Management Pvt Ltd	लक्ष्मी मैनेजमेंट प्रा. लि.	West Delhi, Ag-1, Delhi, New Delhi, Mig Flats, 21B, Vikaspuri	AG-##1, MIG FLATS, 21B, VIKASPURI, NORTH WEST, NEW DELHI, Delhi	laxmi management pvt ltd	लक्ष्मी मैनेजमेंट प्रा लि	laxmi management	लक्ष्मी मैनेजमेंट प्रा लि	laxmi management	लक्ष्मी मैनेजमेंट प्रा लि	india	india
S1-105043776	S2-677473323	S2	Laxmi Management Pvt Ltd	लक्ष्मी मैनेजमेंट Pvt Ltd	West Delhi, Ag-1, Delhi, New Delhi, Mig Flats, 21B, Vikaspuri	NORTH WEST, MIG FLATS, 21B, VIKASPURI, AG-##1, Delhi, NEW DELHI	laxmi management pvt ltd	लक्ष्मी मैनेजमेंट pvt ltd	laxmi management	लक्ष्मी मैनेजमेंट	laxmi management	लक्ष्मी मैनेजमेंट	india	india
S1-105043776	S2-745066482	S2	Laxmi Management Pvt Ltd	लक्ष्मी मैनेजमेंट प्रा. लि.	West Delhi, Ag-1, Delhi, New Delhi, Mig Flats, 21B, Vikaspuri	AG-##1, SOUTH WEST DELHI, WEST DELHI, Delhi	laxmi management pvt ltd	लक्ष्मी मैनेजमेंट प्रा लि	laxmi management	लक्ष्मी मैनेजमेंट प्रा लि	laxmi management	लक्ष्मी मैनेजमेंट प्रा लि	india	india
S1-105043776	S3-646222142	S3	Laxmi Management Pvt Ltd	लक्ष्मी मैनेजमेंट प्रा. लि.	West Delhi, Ag-1, Delhi, New Delhi, Mig Flats, 21B, Vikaspuri	दिल्ली, West Delhi, Ag-1, Mig Flats, 21B, Vikaspuri, New Delhi	laxmi management pvt ltd	लक्ष्मी मैनेजमेंट प्रा लि	laxmi management	लक्ष्मी मैनेजमेंट प्रा लि	laxmi management	लक्ष्मी मैनेजमेंट प्रा लि	india	india
S1-105043776	S3-687427057	S3	Laxmi Management Pvt Ltd	Laxmi Mánagement Pvt Ltd	West Delhi, Ag-1, Delhi, New Delhi, Mig Flats, 21B, Vikaspuri		laxmi management pvt ltd	laxmi mánagement pvt ltd	laxmi management	laxmi mánagement	laxmi management	laxmi mánagement	india	india
S1-105054349	S2-880201283	S2	Health Network LLC	Health Network Ventures	Puyallup, WA, 18823 87th Avenue Court		health network llc	health network ventures	health network	health network ventures	health network	health network ventures	us	us
S1-105059211	S3-39086101	S3	Construction Marvel Drugs Private Limited	Synnovi	Gat Number 217, Off Pune Bangalore Highway, Nh 48, Haveli, Pune, Maharashtra	Gat Number 217, Pune, MH	construction marvel drugs private limited	synnovi	construction marvel drugs	synnovi	construction marvel drugs	synnovi	india	india
S1-105065269	S2-964677154	S2	Certified Cross LLC	CERTIFIED  LLC CENTER	AL, Alabaster, 1033 8th Avenue		certified cross llc	certified llc center	certified cross	certified llc center	certified cross	certified llc center	us	us
S1-105077122	S2-239433364	S2	Kritanth Real Pvt Ltd	kritanthreal.com	A-47, Lakshmi Sundaram, Enclave, Kalavasal, Madurai South, Madurai, Tamil Nadu	DOOR NO 82 A-47, LAKSHMI SUNDARAM, ENCLAVE, KALAVASAL, MADURAI SOUTH, Tamil Nadu	kritanth real pvt ltd	kritanthreal com	kritanth real	kritanthreal com	kritanth real	kritanthreal com	india	india
S1-10508751	S3-481856951	S3	Ace Navigation LLC	Ace Navigati0n LLC	296 Water Oak Way, Harpersville, AL	Water Oak Way, null, Harpersville, Alabama	ace navigation llc	ace navigati0n llc	ace navigation	ace navigati0n	ace navigation	ace navigati0n	us	us
S1-105102580	S2-394089489	S2	Ferraro's Creative Interiors LLC	Ferrar0's Creative	2321 Oxford Street, El Dorado, AR	6321 OXFORD STREET, EL DORADO, AR	ferraros creative interiors llc	ferrar0s creative	ferraros creative interiors	ferrar0s creative	ferraros creative interiors	ferrar0s creative	us	us
S1-105104644	S2-418436236	S2	Global Council	Global	CT, 3 Edgewood Drive, Greenwich	##3 EDGEWOOD DR, GREENWICH, CT	global council	global	global council	global	global council	global	us	us
S1-105104644	S2-730436605	S2	Global Council	Global Cóauncil	CT, 3 Edgewood Drive, Greenwich	##3 Edgewood Dr, GREENWICH, CT	global council	global cóauncil	global council	global cóauncil	global council	global cóauncil	us	us
S1-105104644	S3-594135073	S3	Global Council	globalcouncil.com	CT, 3 Edgewood Drive, Greenwich	##3 Edgewood Dr, Greenwich, Connecticut	global council	globalcouncil com	global council	globalcouncil com	global council	globalcouncil com	us	us
S1-105107659	S2-131785206	S2	Jai Ventures Private Limited	ജയ് വെഞ്ചേഴ്സ് പ്രൈവറ്റ് ലിമിറ്റഡ്	Plot No. 83, Sidco Industrial Park Chambannur, Angamaly, Ernakulam, Kerala	NO 83, SIDCO INDUSTRIAL PARK CHAMBANNUR, ANGAMALY, ERNAKULAM, Kerala	jai ventures private limited	ജയ് വെഞ്ചേഴ്സ് പ്രൈവറ്റ് ലിമിറ്റഡ്	jai ventures	ജയ് വെഞ്ചേഴ്സ് പ്രൈവറ്റ് ലിമിറ്റഡ്	jai ventures	ജയ് വെഞ്ചേഴ്സ് പ്രൈവറ്റ് ലിമിറ്റഡ്	india	india
S1-105107659	S2-290898870	S2	Jai Ventures Private Limited	ജയ് വെഞ്ചേഴ്സ് പ്രൈവറ്റ് ലിമിറ്റഡ്	Plot No. 83, Sidco Industrial Park Chambannur, Angamaly, Ernakulam, Kerala	PLOT NO. 83, SIDCO INDUSTRIAL PARK CHAMBANNUR, ERNAKULAM, Kerala	jai ventures private limited	ജയ് വെഞ്ചേഴ്സ് പ്രൈവറ്റ് ലിമിറ്റഡ്	jai ventures	ജയ് വെഞ്ചേഴ്സ് പ്രൈവറ്റ് ലിമിറ്റഡ്	jai ventures	ജയ് വെഞ്ചേഴ്സ് പ്രൈവറ്റ് ലിമിറ്റഡ്	india	india
S1-105107659	S3-438667110	S3	Jai Ventures Private Limited	ജയ് വെഞ്ചേഴ്സ് പ്രൈവറ്റ് ലിമിറ്റഡ്	Plot No. 83, Sidco Industrial Park Chambannur, Angamaly, Ernakulam, Kerala	Door No 83, Ernakulam, Angamaly, KL	jai ventures private limited	ജയ് വെഞ്ചേഴ്സ് പ്രൈവറ്റ് ലിമിറ്റഡ്	jai ventures	ജയ് വെഞ്ചേഴ്സ് പ്രൈവറ്റ് ലിമിറ്റഡ്	jai ventures	ജയ് വെഞ്ചേഴ്സ് പ്രൈവറ്റ് ലിമിറ്റഡ്	india	india
S1-105110989	S3-704446335	S3	Regional Express Agriculture LLC	Regional Express  LLC Service	101 Williams Field Road, Gilbert, AZ	Williams Field Rd, Glibert CITY, Arizona	regional express agriculture llc	regional express llc service	regional express agriculture	regional express llc service	regional express agriculture	regional express llc service	us	us
S1-105116342	S2-180335682	S2	Rajkot International Limited	Rajkot Limited-Service (ID: 52515)	C/O Bhikhabhai Harjibhai Sutariya Village: Pardi, Taluka: Lodhika, Rajkot, Gujarat		rajkot international limited	rajkot limited service id 52515	rajkot international	rajkot limited service id 52515	rajkot international	rajkot limited service id 52515	india	india
S1-105116342	S2-605014672	S2	Rajkot International Limited	Ltd Rajkot International	C/O Bhikhabhai Harjibhai Sutariya Village: Pardi, Taluka: Lodhika, Rajkot, Gujarat	RAJKOT, Gujarat, C/O BHIKHABHAI HARJIBHAI SUTARIYA VILLAGE: PARDI, RAJKOT	rajkot international limited	ltd rajkot international	rajkot international	ltd rajkot international	rajkot international	ltd rajkot international	india	india
S1-105116342	S3-769009471	S3	Rajkot International Limited	Ariajax Co D.B.A. Rajkot International Limited	C/O Bhikhabhai Harjibhai Sutariya Village: Pardi, Taluka: Lodhika, Rajkot, Gujarat	C/O Bhikhabhai Harjibhai Sutariya Village: Pardi, Taluka: Lodhika, Rajkot, Gujarat	rajkot international limited	ariajax co d b a rajkot international limited	rajkot international	ariajax co d b a rajkot international	rajkot international	ariajax co d b a rajkot international	india	india
S1-105116342	S3-784084407	S3	Rajkot International Limited	Rajkot International Límited	C/O Bhikhabhai Harjibhai Sutariya Village: Pardi, Taluka: Lodhika, Rajkot, Gujarat	C/o Bhikhabhai Harjibhai Sutariya Village: Pardi, Taluka: Lodhika, Rajkot, GJ	rajkot international limited	rajkot international límited	rajkot international	rajkot international límited	rajkot international	rajkot international límited	india	india
S1-105117983	S3-599924668	S3	Big Cafe	8ig Cáfe	Greenville, 2206 Anderson Street, TX	Greenville, 2206 Andersn St, Texas	big cafe	8ig cáfe	big cafe	8ig cáfe	big cafe	8ig cáfe	us	us
S1-105128412	S2-730449085	S2	Sarasaya Buildersprivate Pvt. Ltd.	Néxbrix	16/16D, Shanta Abasan(South) Helabottala, Ghuni(Ct), Newtown, Rajarha, T, Kolkata, Parganas North, West Bengal	16/16D, SHANTA ABASAN(SOUTH) HELABOTTALA, GHUNI(CT), NEWTOWN, RAJARHA, T, CALCUTTA, PARGANAS NORTH, West Bengal	sarasaya buildersprivate pvt ltd	néxbrix	sarasaya buildersprivate	néxbrix	sarasaya buildersprivate	néxbrix	india	india
S1-105129675	S2-619315191	S2	Shifflett Capital Mines PLLC	SCMÍNES.COM	4877 Mcjunkin Street, Columbia City, IN	487 MCJUNKIN STREET, COLUMBIA CITY, IN	shifflett capital mines pllc	scmínes com	shifflett capital mines pllc	scmínes com	shifflett capital mines pllc	scmínes com	us	us
S1-105135774	S2-389975787	S2	BH It Clinic	BH It Clcic	12/143, Central Excise Cly, Sai Nagar 2Nd Cross, Anantapur, Ananthapur, Andhra Pradesh		bh it clinic	bh it clcic	bh it clinic	bh it clcic	bh it clinic	bh it clcic	india	india
S1-105143580	S2-15881803	S2	Faseis	Fáseis	24 Bob Lane, Fishkill, NY	BOB LN, FISHKILL, NY	faseis	fáseis	faseis	fáseis	faseis	fáseis	us	us
S1-105158658	S2-526382371	S2	XM Designers Private Limited	Vantagevio	Sector 142, Noida, Uttar Pradesh, Plot No 29, Ghaziabad	PLOT NO 29, SECTOR 142, GHAZIABAD, NOIDA, Uttar Pradesh	xm designers private limited	vantagevio	xm designers	vantagevio	xm designers	vantagevio	india	india
S1-105163617	S2-10911833	S2	Dove Tracom Private Limited	d0vetracomprivate.com	C/O Abha Paul, Vill-Chikanpara, Gaighata, North 24 Parganas, West Bengal	VILL-CHIKANPARA, C/O ABHA PAUL, West Bengal, NORTH 24 PARGANAS, GAIGHATA	dove tracom private limited	d0vetracomprivate com	dove tracom	d0vetracomprivate com	dove tracom	d0vetracomprivate com	india	india
S1-10516617	S2-363080263	S2	Modern Galaxy Estate Pvt Ltd	मॉडर्न गैलेक्सी एस्टेट प्रा. लि.	11, Om Plaza Pallav Puram Phase- Ii, Meerut, Uttar Pradesh	11, OM PLAZA PALLAV PURAM PHASE- II, MEERUT, Uttar Pradesh	modern galaxy estate pvt ltd	मॉडर्न गैलेक्सी एस्टेट प्रा लि	modern galaxy estate	मॉडर्न गैलेक्सी एस्टेट प्रा लि	modern galaxy estate	मॉडर्न गैलेक्सी एस्टेट प्रा लि	india	india
S1-10516617	S2-969567572	S2	Modern Galaxy Estate Pvt Ltd	Keloecto	11, Om Plaza Pallav Puram Phase- Ii, Meerut, Uttar Pradesh	11, OM PLAZA PALLAV PURAM PHASE- II, MEERUT, उत्तर प्रदेश	modern galaxy estate pvt ltd	keloecto	modern galaxy estate	keloecto	modern galaxy estate	keloecto	india	india
S1-10516617	S3-332587275	S3	Modern Galaxy Estate Pvt Ltd	Modern Pvt Estate Galaxy Ltd	11, Om Plaza Pallav Puram Phase- Ii, Meerut, Uttar Pradesh	11, Om Plaza Pallav Puram Phase- Ii, Meerut, UP	modern galaxy estate pvt ltd	modern pvt estate galaxy ltd	modern galaxy estate	modern pvt estate galaxy	modern galaxy estate	modern pvt estate galaxy	india	india
S1-10516617	S3-948511399	S3	Modern Galaxy Estate Pvt Ltd	मॉडर्न गैलेक्सी एस्टेट प्रा. लि.	11, Om Plaza Pallav Puram Phase- Ii, Meerut, Uttar Pradesh	11, Om Plaza Pallav Puram Phase- Ii, Meerut, उत्तर प्रदेश	modern galaxy estate pvt ltd	मॉडर्न गैलेक्सी एस्टेट प्रा लि	modern galaxy estate	मॉडर्न गैलेक्सी एस्टेट प्रा लि	modern galaxy estate	मॉडर्न गैलेक्सी एस्टेट प्रा लि	india	india
S1-105168491	S3-769422388	S3	Pediatric Dental Choice Care Associates	Pediatric Dental Choice	1123 Golden Pointe Road, Spencer, TN	Golden Pointe Road, Specner CDP, Tennessee	pediatric dental choice care associates	pediatric dental choice	pediatric dental choice care associates	pediatric dental choice	pediatric dental choice care associates	pediatric dental choice	us	us
S1-105175077	S2-839777170	S2	Safe Associates LLC	LLC SAFE ASSOCIATES	306 Portland Boulevard, Portland, TN	06 PORTLAND BOULEVARD, PORTLAND, TN	safe associates llc	llc safe associates	safe associates	llc safe associates	safe associates	llc safe associates	us	us
S1-105178123	S2-137479153	S2	Bright Developers Private Limited	ब्राइट डेवलपर्स प्राइवेट लिमिटेड	Pune, Flat No. 403, Maharashtra, Plot No. 187, Ajmera Nehru Nagar Road, Near Master Bakery, Udyam	NO 403, PUNE, Maharashtra	bright developers private limited	ब्राइट डेवलपर्स प्राइवेट लिमिटेड	bright developers	ब्राइट डेवलपर्स प्राइवेट लिमिटेड	bright developers	ब्राइट डेवलपर्स प्राइवेट लिमिटेड	india	india
S1-105178123	S3-649334163	S3	Bright Developers Private Limited	ब्राइट डेवलपर्स प्राइवेट लिमिटेड	Pune, Flat No. 403, Maharashtra, Plot No. 187, Ajmera Nehru Nagar Road, Near Master Bakery, Udyam	Flat No. 403, Pune, Chinchwad, MH	bright developers private limited	ब्राइट डेवलपर्स प्राइवेट लिमिटेड	bright developers	ब्राइट डेवलपर्स प्राइवेट लिमिटेड	bright developers	ब्राइट डेवलपर्स प्राइवेट लिमिटेड	india	india
S1-105181636	S2-50614940	S2	Nu Traders (India) Private Limited	Nu Traders (lndia) Private Ltd	New Delhi, H No 158, Delhi, West Delhi, Village Nilothi	H.NO 158 , VILLAGE NILOTHI, NEW DELHI, Delhi	nu traders india private limited	nu traders lndia private ltd	nu traders india	nu traders lndia	nu traders india	nu traders lndia	india	india
S1-105181636	S3-175437579	S3	Nu Traders (India) Private Limited	Nu Tráders (India) Private Limited	New Delhi, H No 158, Delhi, West Delhi, Village Nilothi	H No 158, West Delhi, New Delhi, DL	nu traders india private limited	nu tráders india private limited	nu traders india	nu tráders india	nu traders india	nu tráders india	india	india
S1-105181636	S3-238867885	S3	Nu Traders (India) Private Limited	Nu Traders (Inilm)a Private Limited	New Delhi, H No 158, Delhi, West Delhi, Village Nilothi	No 158, New Delhi, दिल्ली	nu traders india private limited	nu traders inilm a private limited	nu traders india	nu traders inilm a	nu traders india	nu traders inilm a	india	india
S1-105193014	S3-93331990	S3	Blue School of Medicine	Blue School Of (ID: 72773)	405 Blackberry Lane, Knoxville, TN	Tennessee, Knoxville, 142-146 Blackberry Ln	blue school of medicine	blue school of id 72773	blue school of medicine	blue school of id 72773	blue school of medicine	blue school of id 72773	us	us
S1-105199643	S3-980400697	S3	Christian Frontier Beauty, LLC	#christianfrontier	AL, 2341 21, Oxford	2341 21, Oxford, Alabama	christian frontier beauty llc	christianfrontier	christian frontier beauty	christianfrontier	christian frontier beauty	christianfrontier	us	us
S1-10520389	S2-545812575	S2	Malu Farmer Private Limited	malufarmer.com	S6/31 Grd Floor Up Country Ts1 Sector 17A Yamuna Expressway, Greater Noida, Gautam Buddha Nagar, Uttar Pradesh	S6/31 GRD FLOOR UP COUNTRY TS1 SECTOR 17A YAMUNA EXPRESSWAY, GREATER NOIDA, Uttar Pradesh	malu farmer private limited	malufarmer com	malu farmer	malufarmer com	malu farmer	malufarmer com	india	india
S1-105216271	S3-701634520	S3	Bhaiya Vision Co	Dr 8haiya Co Service	Shahdara, Nav Rachna Apartment, East Arjun Nagar, Shahdara, B-12, Delhi	B-12, Shahdara, दिल्ली	bhaiya vision co	dr 8haiya co service	bhaiya vision	dr 8haiya co service	bhaiya vision	dr 8haiya co service	india	india
S1-105227278	S2-387519756	S2	Emery Pony Inc	@emerypony	Fl Floor 1, NY, Elma, 1881 Girdle Road	NY, ELMA, 01881 GIRDLE ROAD	emery pony inc	emerypony	emery pony	emerypony	emery pony	emerypony	us	us
S1-105231428	S2-634583221	S2	Magnetic College	magneticcollege.com	Ug 32 & 32A, New Delhi, Somdutt Chambers - I 5 Bhikaji Cama Place, South West Delhi, Delhi	HN 737 UG 32 & 32A, SOMDUTT CHAMBERS - I 5 BHIKAJI CAMA PLACE, NEW DELHI, null, Delhi	magnetic college	magneticcollege com	magnetic college	magneticcollege com	magnetic college	magneticcollege com	india	india
S1-105236490	S3-291997838	S3	Matra Farms Private Limited	matrafarms.com	No.100, Commercial Street, Bangalore North, Bangalore, Karnataka	No 100, Bangalore North, Bangalore, KA	matra farms private limited	matrafarms com	matra farms	matrafarms com	matra farms	matrafarms com	india	india
S1-105238420	S2-340146101	S2	A Precision Esports	A Precision Enterprises	1202 13th Street, Sweetwater, TX		a precision esports	a precision enterprises	a precision esports	a precision enterprises	a precision esports	a precision enterprises	us	us
S1-105238420	S3-665515871	S3	A Precision Esports	A-Precision Services	1202 13th Street, Sweetwater, TX	Texas, Sweetwater, Thirteenth St	a precision esports	a precision services	a precision esports	a precision services	a precision esports	a precision services	us	us
S1-105238420	S3-67891914	S3	A Precision Esports	A Précision Esports	1202 13th Street, Sweetwater, TX		a precision esports	a précision esports	a precision esports	a précision esports	a precision esports	a précision esports	us	us
S1-105245849	S2-233490965	S2	Arihant Impex Private Limited	अरिहंत इम्पेक्स प्राइवेट लिमिटेड	Plotno.8&9 Sec 19D Vashi, Shop No.52 Shivji Market, Thane, Maharashtra	THANE, Maharashtra, SHOP NO.#52 SHIVJI MARKET, THANE	arihant impex private limited	अरिहंत इम्पेक्स प्राइवेट लिमिटेड	arihant impex	अरिहंत इम्पेक्स प्राइवेट लिमिटेड	arihant impex	अरिहंत इम्पेक्स प्राइवेट लिमिटेड	india	india
S1-105253819	S2-543239112	S2	Jones Brc Inc	The Jones Brc Inc	3820 Knox Street, Fort Worth, TX	03820 KNOX SAINT, FT WORTH, TX	jones brc inc	the jones brc inc	jones brc	the jones brc	jones brc	the jones brc	us	us
S1-105253819	S2-809694491	S2	Jones Brc Inc	Inc. Jones Brc	3820 Knox Street, Fort Worth, TX	03820 KNOX SAINT, FT WORTH, TX	jones brc inc	inc jones brc	jones brc	inc jones brc	jones brc	inc jones brc	us	us
S1-105257552	S2-276551300	S2	Y & P Brands, Corp	Y + P  Brands,-Corp	TN, 512 Crooked Stick Drive, Maryville	CROOKED STICK DR, MARYVILLE, TN	y and p brands corp	y p brands corp	y and p brands	y p brands	y and p brands	y p brands	us	us
S1-10526290	S2-544362628	S2	Pediatric Dentistry Care Associates	Pediatric Dentistry Care	ME, 28 Mann Road, Acton	ACTON, ME, MANN RD	pediatric dentistry care associates	pediatric dentistry care	pediatric dentistry care associates	pediatric dentistry care	pediatric dentistry care associates	pediatric dentistry care	us	us
S1-10526290	S3-434663441	S3	Pediatric Dentistry Care Associates	pediatricdentistrycare.com	ME, 28 Mann Road, Acton	0028 Mann Rd, Maine, Acton	pediatric dentistry care associates	pediatricdentistrycare com	pediatric dentistry care associates	pediatricdentistrycare com	pediatric dentistry care associates	pediatricdentistrycare com	us	us
S1-105263279	S2-770709062	S2	Blue Infra Private Limited	ब्लू इंफ्रा प्राइवेट लिमिटेड	Shop No 14 Green Vihar Charan Nadi Jaipur, Jaipur, Rajasthan	#14 GREEN VIHAR CHARAN NADI JAIPUR, JAIPUR, Rajasthan	blue infra private limited	ब्लू इंफ्रा प्राइवेट लिमिटेड	blue infra	ब्लू इंफ्रा प्राइवेट लिमिटेड	blue infra	ब्लू इंफ्रा प्राइवेट लिमिटेड	india	india
S1-105263279	S2-968821159	S2	Blue Infra Private Limited	Blue Ínfra Private Limited	Shop No 14 Green Vihar Charan Nadi Jaipur, Jaipur, Rajasthan		blue infra private limited	blue ínfra private limited	blue infra	blue ínfra	blue infra	blue ínfra	india	india
S1-105263279	S3-277806479	S3	Blue Infra Private Limited	Blue Private Limited Service	Shop No 14 Green Vihar Charan Nadi Jaipur, Jaipur, Rajasthan	14 Green Vihar Charan Nadi Jaipur, Jaipur, राजस्थान	blue infra private limited	blue private limited service	blue infra	blue private limited service	blue infra	blue private limited service	india	india
S1-105299179	S2-727275381	S2	Classic Raj Exports Private Limited	கிளாசிக் ராஜ் எக்ஸ்போர்ட்ஸ் பிரைவேட் லிமிடெட்	Door D3 1 Flr Sai Venkat, Vembuli Amman Koil St, Tambaram, Kanchipuram, Tamil Nadu	DOOR D3 1 FLR SAI VCNKAT, VEMBULI AMMAN KOIL ST, TAMBARAM, KANCHIPURAM, தமிழ்நாடு	classic raj exports private limited	கிளாசிக் ராஜ் எக்ஸ்போர்ட்ஸ் பிரைவேட் லிமிடெட்	classic raj exports	கிளாசிக் ராஜ் எக்ஸ்போர்ட்ஸ் பிரைவேட் லிமிடெட்	classic raj exports	கிளாசிக் ராஜ் எக்ஸ்போர்ட்ஸ் பிரைவேட் லிமிடெட்	india	india
S1-105299179	S3-632429760	S3	Classic Raj Exports Private Limited	கிளாசிக் ராஜ் எக்ஸ்போர்ட்ஸ் பிரைவேட் லிமிடெட்	Door D3 1 Flr Sai Venkat, Vembuli Amman Koil St, Tambaram, Kanchipuram, Tamil Nadu	Chennai City Region, Door D3 1 Flr Sai Venkat, TN, Kanchipuram, Vembuli Amman Koil St	classic raj exports private limited	கிளாசிக் ராஜ் எக்ஸ்போர்ட்ஸ் பிரைவேட் லிமிடெட்	classic raj exports	கிளாசிக் ராஜ் எக்ஸ்போர்ட்ஸ் பிரைவேட் லிமிடெட்	classic raj exports	கிளாசிக் ராஜ் எக்ஸ்போர்ட்ஸ் பிரைவேட் லிமிடெட்	india	india
S1-105318086	S2-279398231	S2	Goodwin Integrated LLC	NOVIECTOXYLO	110 Price Street, Evening Shade, AR	110 PRICE STREET, EVENING SHADE, AR	goodwin integrated llc	noviectoxylo	goodwin integrated	noviectoxylo	goodwin integrated	noviectoxylo	us	us
S1-105318086	S2-848301936	S2	Goodwin Integrated LLC	GOODWININTEGRATED.COM	110 Price Street, Evening Shade, AR	110 PRICE STREET, EVENING SHADE, AR	goodwin integrated llc	goodwinintegrated com	goodwin integrated	goodwinintegrated com	goodwin integrated	goodwinintegrated com	us	us
S1-105368735	S2-676698676	S2	Indian International Agro	इंडियन इंटरनेशनल एग्रो	M-73, Saket, New Delhi, Ff, Delhi	SOUTH DELHI, NEW DELHI, FF, M-73, Delhi	indian international agro	इंडियन इंटरनेशनल एग्रो	indian international agro	इंडियन इंटरनेशनल एग्रो	indian international agro	इंडियन इंटरनेशनल एग्रो	india	india
S1-105368735	S2-960499028	S2	Indian International Agro	इंडियन इंटरनेशनल एग्रो	M-73, Saket, New Delhi, Ff, Delhi	M-73, SOUTH DELHI, Delhi, SAKET	indian international agro	इंडियन इंटरनेशनल एग्रो	indian international agro	इंडियन इंटरनेशनल एग्रो	indian international agro	इंडियन इंटरनेशनल एग्रो	india	india
S1-105371942	S2-880388607	S2	Premier Semiconductor Union	Premier Semiconductor Union - 7529829465	136 Great Road, Littleton, MA	GREAT RD, LITTLETON, MA	premier semiconductor union	premier semiconductor union 7529829465	premier semiconductor union	premier semiconductor union 7529829465	premier semiconductor union	premier semiconductor union 7529829465	us	us
S1-105371942	S3-478537338	S3	Premier Semiconductor Union	#Prémiersemiconductor	136 Great Road, Littleton, MA	136 1/2 Great Rd, Litleton, Massachusetts	premier semiconductor union	prémiersemiconductor	premier semiconductor union	prémiersemiconductor	premier semiconductor union	prémiersemiconductor	us	us
S1-105371942	S3-605012525	S3	Premier Semiconductor Union	semiconductorpremierunion.com	136 Great Road, Littleton, MA	136 1/2 Great Rd, Litleton, Massachusetts	premier semiconductor union	semiconductorpremierunion com	premier semiconductor union	semiconductorpremierunion com	premier semiconductor union	semiconductorpremierunion com	us	us
S1-105387701	S2-186883677	S2	Tammara's Clear Tattoo	tammarascleartattoo.com	79 1200, Logan City, UT	079 1200, UT, LOGAN	tammaras clear tattoo	tammarascleartattoo com	tammaras clear tattoo	tammarascleartattoo com	tammaras clear tattoo	tammarascleartattoo com	us	us
S1-105388921	S3-260661067	S3	Literacy League V, Inc	Literacyleaguev.Com	111 Hoosac Street, Unit Apartment 2, Johnstown, NY	#111 Hoosac St, Unit Apartment 2, Johnstown, New York	literacy league v inc	literacyleaguev com	literacy league v	literacyleaguev com	literacy league v	literacyleaguev com	us	us
S1-105389722	S2-807119225	S2	Liberty Initiative of Gulf Shores	libertyinitiativegulf.com	801 W Beach Boulevard, Fl Floor 2, Gulf Shores, AL	801 W BEACH BLVD, BALDWIN COUNTY, AL	liberty initiative of gulf shores	libertyinitiativegulf com	liberty initiative of gulf shores	libertyinitiativegulf com	liberty initiative of gulf shores	libertyinitiativegulf com	us	us
S1-105406239	S2-576962035	S2	Chiropractic Care LLC	L.L.C. Chiropractic Care	3650 Bishops Bridge Road, Memphis, TN	3652 Bishops Bridge Rd, MEMPHIS, TN	chiropractic care llc	llc chiropractic care	chiropractic care	llc chiropractic care	chiropractic care	llc chiropractic care	us	us
S1-105409937	S3-719365110	S3	Radiant (India) Edutech Private Limited	Radiant (India) Edogch Private Limited	Puthenpurayil House Ayoor Bridge, Chadayamangalam, Kollam, Kerala	#3-475 Puthenpurayil House Ayoor Bridge, Kollam, KL	radiant india edutech private limited	radiant india edogch private limited	radiant india edutech	radiant india edogch	radiant india edutech	radiant india edogch	india	india
S1-105443232	S2-56143854	S2	Wheelis and Jacobs Controls Ltd	wheelisjacobscontrols.com	160 Millward Street, Jackson, WY	160- MILLWARD ST, JACKSON, WY	wheelis and jacobs controls ltd	wheelisjacobscontrols com	wheelis and jacobs controls	wheelisjacobscontrols com	wheelis and jacobs controls	wheelisjacobscontrols com	us	us
S1-105459783	S2-917895342	S2	Urban Power	अर्बन पावर	C-127 Savitri Nagar Nearsheikh Sarai Phase-I Buildcon Apartments Iiird Floor, New Delhi, West Delhi, Delhi	NEWDELHI, #0141 C-127 SAVITRI NAGAR NEARSHEIKH SARAI PHASE-I BUILDCON APARTMENTS IIIRD FLOOR, दिल्ली, NEW DELHI	urban power	अर्बन पावर	urban power	अर्बन पावर	urban power	अर्बन पावर	india	india
S1-105470286	S2-90542504	S2	Lakshmi Finance Private Limited	लक्ष्मी फाइनेंस प्राइवेट लिमिटेड	Millennium Towers, Shop No. 4B, Plot No A Cts No. 885/1 F. P. No. 241/1, Bhandarkar Instit, Ute Road, Deccan Gymkhana Shivaji Nagar Pune, Pune, Maharashtra	MILLENNIUM TOWERS, DECCAN GYMKHANA SHIVAJI NAGAR PUNE, PUNE, महाराष्ट्र	lakshmi finance private limited	लक्ष्मी फाइनेंस प्राइवेट लिमिटेड	lakshmi finance	लक्ष्मी फाइनेंस प्राइवेट लिमिटेड	lakshmi finance	लक्ष्मी फाइनेंस प्राइवेट लिमिटेड	india	india
S1-105470286	S3-666564488	S3	Lakshmi Finance Private Limited	लक्ष्मी फाइनेंस Private Limited	Millennium Towers, Shop No. 4B, Plot No A Cts No. 885/1 F. P. No. 241/1, Bhandarkar Instit, Ute Road, Deccan Gymkhana Shivaji Nagar Pune, Pune, Maharashtra	Millennium Towers, Pune, MH, Deccan Gymkhana Shivaji Nagar Pune	lakshmi finance private limited	लक्ष्मी फाइनेंस private limited	lakshmi finance	लक्ष्मी फाइनेंस	lakshmi finance	लक्ष्मी फाइनेंस	india	india
S1-105474233	S2-715327881	S2	Jay Industries Private Limited	जय इंडस्ट्रीज प्राइवेट लिमिटेड	D-12, Ramanuj Dayal Market, Ramte Ram Road, Ghaziabad, Uttar Pradesh	D-##12, RAMANUJ DAYAL MARKET, RAMTE RAM ROAD, MATHURA, GHAZIABAD, Uttar Pradesh	jay industries private limited	जय इंडस्ट्रीज प्राइवेट लिमिटेड	jay industries	जय इंडस्ट्रीज प्राइवेट लिमिटेड	jay industries	जय इंडस्ट्रीज प्राइवेट लिमिटेड	india	india
S1-105474233	S2-830246602	S2	Jay Industries Private Limited	M/s JAY INDUSTRIES PRIVATE	D-12, Ramanuj Dayal Market, Ramte Ram Road, Ghaziabad, Uttar Pradesh	D-##12, RAMANUJ DAYAL MARKET, RAMTE RAM ROAD, GHAZIABAD, Uttar Pradesh	jay industries private limited	m s jay industries private	jay industries	m s jay industries	jay industries	m s jay industries	india	india
S1-105474233	S2-922527709	S2	Jay Industries Private Limited	JAY  INDUSTRIES LIMITED CENTER	D-12, Ramanuj Dayal Market, Ramte Ram Road, Ghaziabad, Uttar Pradesh	D-##12, RAMANUJ DAAL MARKET, RAMTE RAM ROAD, GHAZIABAD, Uttar Pradesh	jay industries private limited	jay industries limited center	jay industries	jay industries limited center	jay industries	jay industries limited center	india	india
S1-105474233	S3-184446382	S3	Jay Industries Private Limited	Quodrex d/b/a Jay Industries Private Limited	D-12, Ramanuj Dayal Market, Ramte Ram Road, Ghaziabad, Uttar Pradesh	D-12, Ramanuj Dayal Market, Ramte Ram Road, Ghaziabad, Uttar Pradesh	jay industries private limited	quodrex d b a jay industries private limited	jay industries	quodrex d b a jay industries	jay industries	quodrex d b a jay industries	india	india
S1-105474233	S3-497783833	S3	Jay Industries Private Limited	Jay Limited Private Industries	D-12, Ramanuj Dayal Market, Ramte Ram Road, Ghaziabad, Uttar Pradesh	D-12, Ramanuj Dayal Market, Ramte Ram Road, Ghaziabad, UP	jay industries private limited	jay limited private industries	jay industries	jay limited private industries	jay industries	jay limited private industries	india	india
S1-105474233	S3-81991137	S3	Jay Industries Private Limited	जय इंडस्ट्रीज प्राइवेट लिमिटेड	D-12, Ramanuj Dayal Market, Ramte Ram Road, Ghaziabad, Uttar Pradesh	D-12, Ramanuj Dayal Market, Ramte Ram Road, Ghaziabad, UP	jay industries private limited	जय इंडस्ट्रीज प्राइवेट लिमिटेड	jay industries	जय इंडस्ट्रीज प्राइवेट लिमिटेड	jay industries	जय इंडस्ट्रीज प्राइवेट लिमिटेड	india	india
S1-105479554	S2-673309355	S2	Krishna Infotech Private Limited	कृष्णा इंफोटेक प्राइवेट लिमिटेड	Aditya Nakoda Enclave Bldg-K3 Sn-118A Parvati, Pune, Maharashtra	ADITYA NAKODA ENCLAVE BLDG-K3 SN-118A PARVATI, POONA, PUNE, Maharashtra	krishna infotech private limited	कृष्णा इंफोटेक प्राइवेट लिमिटेड	krishna infotech	कृष्णा इंफोटेक प्राइवेट लिमिटेड	krishna infotech	कृष्णा इंफोटेक प्राइवेट लिमिटेड	india	india
S1-105479554	S3-986756849	S3	Krishna Infotech Private Limited	कृष्णा इंफोटेक प्राइवेट लिमिटेड	Aditya Nakoda Enclave Bldg-K3 Sn-118A Parvati, Pune, Maharashtra	MH, Aditya Nakoda Enclave Bldg-k##3 Sn-118a Parvati, Pune, Poona	krishna infotech private limited	कृष्णा इंफोटेक प्राइवेट लिमिटेड	krishna infotech	कृष्णा इंफोटेक प्राइवेट लिमिटेड	krishna infotech	कृष्णा इंफोटेक प्राइवेट लिमिटेड	india	india
S1-105486518	S2-469924488	S2	Unified Engineering Advisors L.L.C.	Unified Engineering Engineering L.L.C. [Advisors]	4625 Piedmont Row Drive, Unit 504, Charlotte, NC	CHARLOTTE, NC, 4627 PIEDMONT ROW DRIVE	unified engineering advisors llc	unified engineering engineering llc advisors	unified engineering advisors	unified engineering engineering llc advisors	unified engineering advisors	unified engineering engineering llc advisors	us	us
S1-105486518	S2-49166680	S2	Unified Engineering Advisors L.L.C.	[LLC] UNIFIED ENGINEERING ADVISORS	4625 Piedmont Row Drive, Unit 504, Charlotte, NC	443 PIEDMONT ROW DRIVE, CHARLOTTE, NC	unified engineering advisors llc	llc unified engineering advisors	unified engineering advisors	llc unified engineering advisors	unified engineering advisors	llc unified engineering advisors	us	us
S1-10548865	S2-487218566	S2	Behavioral Health Supreme Specialists LLC	Behavioral Hlct Supreme Specialists LLC	2146 Charles Town Road, Kearneysville, WV		behavioral health supreme specialists llc	behavioral hlct supreme specialists llc	behavioral health supreme specialists	behavioral hlct supreme specialists	behavioral health supreme specialists	behavioral hlct supreme specialists	us	us
S1-105496004	S3-569248751	S3	Yang Premier Social LLC	YangpremiersocialCom	181 Huntington Bay Road, Huntington, NY	181 Huntington Bay Road, Huntington, New York	yang premier social llc	yangpremiersocialcom	yang premier social	yangpremiersocialcom	yang premier social	yangpremiersocialcom	us	us
S1-105500760	S2-420596512	S2	Meerut Crop Private Limited	cropprivate.com	Uttar Pradesh, 255/9, Sch 7 Shastri Nagar, Meerut	255/9, SCH 7 SHASTRI NAGAR, MEERUT, Uttar Pradesh	meerut crop private limited	cropprivate com	meerut crop	cropprivate com	meerut crop	cropprivate com	india	india
S1-105526326	S3-546134365	S3	Noida Impex LLP	Noida Ípmrixe LLP	Noida, Gautam Buddha Nagar, Uttar Pradesh, Ff-15, First Floor, Ansal Fortune Arcade Sector 18	Ff-15, First Floor, Ansal Fortune Arcade Sector 18, Noida, Gautam Buddha Nagar, UP	noida impex llp	noida ípmrixe llp	noida impex	noida ípmrixe	noida impex	noida ípmrixe	india	india
S1-105528025	S3-224616712	S3	Global Academy	Global Academy Association	525 Acacia Drive, Crestline, CA	325 Acacia Dr, Crestlie, California	global academy	global academy association	global academy	global academy association	global academy	global academy association	us	us
S1-105528025	S3-478857063	S3	Global Academy	Global ácademy	525 Acacia Drive, Crestline, CA	325 Acacia Dr, Crestlie, California	global academy	global ácademy	global academy	global ácademy	global academy	global ácademy	us	us
S1-105534363	S2-847084115	S2	Gold Technologies Private Limited	गोल्ड टेक्नोलॉजीज प्राइवेट लिमिटेड	A-138, Yojna Vihar Shahdara, Delhi, North East, Delhi	DOOR NO 954 A-138, DELHI, NORTH EAST, दिल्ली	gold technologies private limited	गोल्ड टेक्नोलॉजीज प्राइवेट लिमिटेड	gold technologies	गोल्ड टेक्नोलॉजीज प्राइवेट लिमिटेड	gold technologies	गोल्ड टेक्नोलॉजीज प्राइवेट लिमिटेड	india	india
S1-10553505	S2-832796014	S2	Southern Care Private Limited	సదర్న్ కేర్ ప్రైవేట్ లిమిటెడ్	Medak, Opp. Ex-M.L.A. House Indira Gandhi Street, Patancheru, 6-208, Telangana, West Godavari	6-208, MEDAK, Telangana	southern care private limited	సదర్న్ కేర్ ప్రైవేట్ లిమిటెడ్	southern care	సదర్న్ కేర్ ప్రైవేట్ లిమిటెడ్	southern care	సదర్న్ కేర్ ప్రైవేట్ లిమిటెడ్	india	india
S1-10553505	S3-986445851	S3	Southern Care Private Limited	సదర్న్ కేర్ ప్రైవేట్ లిమిటెడ్	Medak, Opp. Ex-M.L.A. House Indira Gandhi Street, Patancheru, 6-208, Telangana, West Godavari	6-208, Opp. Ex-m.l.a. House Indira Gandhi Street, Patancheru, Medak, West Godavari, Andhra Pradesh	southern care private limited	సదర్న్ కేర్ ప్రైవేట్ లిమిటెడ్	southern care	సదర్న్ కేర్ ప్రైవేట్ లిమిటెడ్	southern care	సదర్న్ కేర్ ప్రైవేట్ లిమిటెడ్	india	india
S1-105549667	S2-425454878	S2	Om Infra	ॐ इंफ्रा	A2 Lsg Masjid Moth Greater Kailash-Ii, New Delhi, South Delhi, Delhi	A2. LSG MASJID MOTH GREATER KAILASH-II, GURGAON, SOUTH DELHI, Delhi	om infra	ॐ इंफ्रा	om infra	ॐ इंफ्रा	om infra	ॐ इंफ्रा	india	india
S1-105549667	S3-522360408	S3	Om Infra	ओम इंफ्रा	A2 Lsg Masjid Moth Greater Kailash-Ii, New Delhi, South Delhi, Delhi	Aa-2 Lsg Masjid Moth Greater Kailash-ii, Divreportingcircle, South Delhi, DL	om infra	ओम इंफ्रा	om infra	ओम इंफ्रा	om infra	ओम इंफ्रा	india	india
S1-105565830	S2-573329827	S2	Zubiate Federal Direct LLC	#zubiatefederal	11 Center Street, Pima, AZ	11 CENTER STREET, NULL, PIMA, AZ	zubiate federal direct llc	zubiatefederal	zubiate federal direct	zubiatefederal	zubiate federal direct	zubiatefederal	us	us
S1-105565830	S2-915681714	S2	Zubiate Federal Direct LLC	zubiatefederaldirect.com	11 Center Street, Pima, AZ	11 CENTER STREET, NULL, PIMA, AZ	zubiate federal direct llc	zubiatefederaldirect com	zubiate federal direct	zubiatefederaldirect com	zubiate federal direct	zubiatefederaldirect com	us	us
S1-105573265	S3-836429893	S3	Data Security Laboratories	Data Security Lcaoratgigres	21922 Kimberlys Point, New Caney, TX	Texas, New Caney, Kimberlys Pt	data security laboratories	data security lcaoratgigres	data security laboratories	data security lcaoratgigres	data security laboratories	data security lcaoratgigres	us	us
S1-105577718	S3-356675362	S3	Jain Marketing Pvt Ltd	Jain Margeetbng Pvt Ltd	C-5/12, Chetganj, Teliana, Varanasi, Uttar Pradesh	C-g-5/12, Chetganj, Teliana, Varanasi, उत्तर प्रदेश	jain marketing pvt ltd	jain margeetbng pvt ltd	jain marketing	jain margeetbng	jain marketing	jain margeetbng	india	india
S1-105577718	S3-957083017	S3	Jain Marketing Pvt Ltd	Jain Ltd Pvt Marketing	C-5/12, Chetganj, Teliana, Varanasi, Uttar Pradesh	C-g-5/12, Varanasi, UP	jain marketing pvt ltd	jain ltd pvt marketing	jain marketing	jain ltd pvt marketing	jain marketing	jain ltd pvt marketing	india	india
S1-105579875	S3-880766843	S3	Bangalore Nidhi Private Limited	bangalorenidhi.com	No 214, Plot No 02, Shesha Sai, Riverside Estate, Doddabele, Vidyapeeta Post, Kengeri, Bangalore, Karnataka	KA, Plot No 02, Shesha Sai, Riverside Estate, Doddabele, Vidyapeeta Post, Kengeri, Bangalore, No 214, Bijapur	bangalore nidhi private limited	bangalorenidhi com	bangalore nidhi	bangalorenidhi com	bangalore nidhi	bangalorenidhi com	india	india
S1-105583849	S3-346985563	S3	Burchett Secure Consulting, L.L.C.	Gilddrex	196 Horton Highway, Mineola, NY	196 Horton Hwy, Mineola, New York	burchett secure consulting llc	gilddrex	burchett secure consulting	gilddrex	burchett secure consulting	gilddrex	us	us
S1-10558994	S3-785154486	S3	Northern Liberty Truist PC	northernlibertytruist.com	18383 Il Hwy 15, Mount Vernon, IL	18383 Il Hwy 15, MT. Vrnon, Illinois	northern liberty truist pc	northernlibertytruist com	northern liberty truist	northernlibertytruist com	northern liberty truist	northernlibertytruist com	us	us
S1-105591050	S2-778169008	S2	Sky Management Private Limited	স্কাই ম্যানেজমেন্ট প্রাইভেট লিমিটেড	53, B.L Mukherjee Road Nimta, Kolkata, Kolkata, Howrah, West Bengal	956 53, RAJARHAT, HOWRAH, West Bengal	sky management private limited	স্কাই ম্যানেজমেন্ট প্রাইভেট লিমিটেড	sky management	স্কাই ম্যানেজমেন্ট প্রাইভেট লিমিটেড	sky management	স্কাই ম্যানেজমেন্ট প্রাইভেট লিমিটেড	india	india
S1-105591050	S3-331680260	S3	Sky Management Private Limited	স্কাই ম্যানেজমেন্ট প্রাইভেট লিমিটেড	53, B.L Mukherjee Road Nimta, Kolkata, Kolkata, Howrah, West Bengal	53, Kolkata, Garia, পশ্চিমবঙ্গ	sky management private limited	স্কাই ম্যানেজমেন্ট প্রাইভেট লিমিটেড	sky management	স্কাই ম্যানেজমেন্ট প্রাইভেট লিমিটেড	sky management	স্কাই ম্যানেজমেন্ট প্রাইভেট লিমিটেড	india	india
S1-105591050	S3-502036316	S3	Sky Management Private Limited	স্কাই ম্যানেজমেন্ট প্রাইভেট লিমিটেড	53, B.L Mukherjee Road Nimta, Kolkata, Kolkata, Howrah, West Bengal	53, B.l Mukherjee Road Nimta, Kolkata, Howrah, Garia, WB	sky management private limited	স্কাই ম্যানেজমেন্ট প্রাইভেট লিমিটেড	sky management	স্কাই ম্যানেজমেন্ট প্রাইভেট লিমিটেড	sky management	স্কাই ম্যানেজমেন্ট প্রাইভেট লিমিটেড	india	india
S1-105591050	S3-634928175	S3	Sky Management Private Limited	স্কাই ম্যানেজমেন্ট প্রাইভেট লিমিটেড	53, B.L Mukherjee Road Nimta, Kolkata, Kolkata, Howrah, West Bengal	53, B.l Mukherjee Road Nimta, Kolkata, Howrah, Garia, WB	sky management private limited	স্কাই ম্যানেজমেন্ট প্রাইভেট লিমিটেড	sky management	স্কাই ম্যানেজমেন্ট প্রাইভেট লিমিটেড	sky management	স্কাই ম্যানেজমেন্ট প্রাইভেট লিমিটেড	india	india
S1-105592056	S2-356551846	S2	Guru Jain Ventures Private Limited	गुरु जैन वेंचर्स प्राइवेट लिमिटेड	Patna, Bihar, Patna, Office No-03 Ground Floor Hurmat Complex Near Mahavir Cancer Sansthan Phulwari	बिहार, PATNA, OFFICE NO-13 GROUND FLOOR HURMAT COMPLEX NEAR MAHAVIR CANCER SANSTHAN PHULWARI, VARANASI	guru jain ventures private limited	गुरु जैन वेंचर्स प्राइवेट लिमिटेड	guru jain ventures	गुरु जैन वेंचर्स प्राइवेट लिमिटेड	guru jain ventures	गुरु जैन वेंचर्स प्राइवेट लिमिटेड	india	india
S1-105592056	S2-864682968	S2	Guru Jain Ventures Private Limited	गुरु जैन वेंचर्स प्राइवेट लिमिटेड	Patna, Bihar, Patna, Office No-03 Ground Floor Hurmat Complex Near Mahavir Cancer Sansthan Phulwari	PATNA, OFFICE NO-13 GROUND FLOOR HURMAT COMPLEX NEAR MAHAVIR CANCER SANSTHAN PHULWARI, VARANASI, बिहार	guru jain ventures private limited	गुरु जैन वेंचर्स प्राइवेट लिमिटेड	guru jain ventures	गुरु जैन वेंचर्स प्राइवेट लिमिटेड	guru jain ventures	गुरु जैन वेंचर्स प्राइवेट लिमिटेड	india	india
S1-105606654	S2-87664287	S2	Pioneer Industries Private Limited	పయనీర్ ఇండస్ట్రీస్ ప్రైవేట్ లిమిటెడ్	Uppal Bhagayath, Plot No. 264, K.V.Rangareddy, Uppal, Telangana	DOOR NO 264, UPPAL, K.V.RANGAREDDY, Telangana	pioneer industries private limited	పయనీర్ ఇండస్ట్రీస్ ప్రైవేట్ లిమిటెడ్	pioneer industries	పయనీర్ ఇండస్ట్రీస్ ప్రైవేట్ లిమిటెడ్	pioneer industries	పయనీర్ ఇండస్ట్రీస్ ప్రైవేట్ లిమిటెడ్	india	india
S1-105623202	S2-400075312	S2	Aditya Ace It Private Limited	आदित्य एस आईटी प्राइवेट लिमिटेड	Noida, Uttar Pradesh, R-29 Sector 11	R-#29 SECTOR 11, NOIDA, Uttar Pradesh	aditya ace it private limited	आदित्य एस आईटी प्राइवेट लिमिटेड	aditya ace it	आदित्य एस आईटी प्राइवेट लिमिटेड	aditya ace it	आदित्य एस आईटी प्राइवेट लिमिटेड	india	india
S1-105623202	S3-763644511	S3	Aditya Ace It Private Limited	आदित्य एस आईटी प्राइवेट लिमिटेड	Noida, Uttar Pradesh, R-29 Sector 11	R-29 Sector 11, Ghaziabad, UP	aditya ace it private limited	आदित्य एस आईटी प्राइवेट लिमिटेड	aditya ace it	आदित्य एस आईटी प्राइवेट लिमिटेड	aditya ace it	आदित्य एस आईटी प्राइवेट लिमिटेड	india	india
S1-105624616	S2-734226718	S2	International Foods Private Limited	Prívate International Fgoos Limited	Ward No. 22, Building No.721, Seaport Airport Road, Kanayannur, Ernakulam, Kerala	ERNAKULAM, KANAYANNUR, WARD NO. 22, Kerala	international foods private limited	prívate international fgoos limited	international foods	prívate international fgoos	international foods	prívate international fgoos	india	india
S1-105626165	S2-80973658	S2	Milestone Networking	M/s milestonenetworking.com	Poolakkode House, Po Mavoor, Kozhikode, Kerala	Keralam, POOLAKKODE HOUSE, PO MAVOOR, KOZHIKODE	milestone networking	m s milestonenetworking com	milestone networking	m s milestonenetworking com	milestone networking	m s milestonenetworking com	india	india
S1-105628218	S3-298395966	S3	Erdman Elite Btc, LLC	#erdmanelite	Corvallis, 4773 Hollyhock Circle, OR	Hollyhock Circle, Corvllis, Oregon	erdman elite btc llc	erdmanelite	erdman elite btc	erdmanelite	erdman elite btc	erdmanelite	us	us
S1-105633905	S2-241825645	S2	Ptp (India) Smart Private Limited	ptpindiasmart.com	C/O Devsh Kumar, Village Khawaspur P.O. Chola Station, Sikandrabad, Bulandshahr, Uttar Pradesh	C/O DEVSH KUMAR, VILAGE KHAWASPUR P.O. CHOLA STATION, SIKANDRABAD, उत्तर प्रदेश	ptp india smart private limited	ptpindiasmart com	ptp india smart	ptpindiasmart com	ptp india smart	ptpindiasmart com	india	india
S1-105638344	S2-743968915	S2	Kolkata Inks	Kolkata Kolkata Pártners	13, Bompass Road, Kolkata, Howrah, West Bengal	13, BOMPASS ROAD, KOLKATA, West Bengal	kolkata inks	kolkata kolkata pártners	kolkata inks	kolkata kolkata pártners	kolkata inks	kolkata kolkata pártners	india	india
S1-10563844	S2-912244942	S2	GK Atlantic Hub LLC	gkatlantichub.c0m	460 Silo Court, Waxahachie, TX	SILO COURT, WAXAHACHIE, TX	gk atlantic hub llc	gkatlantichub c0m	gk atlantic hub	gkatlantichub c0m	gk atlantic hub	gkatlantichub c0m	us	us
S1-10563844	S3-650722282	S3	GK Atlantic Hub LLC	GK Atclantic Húb LLC	460 Silo Court, Waxahachie, TX	460 Shlo Ct, Waxahachie, Texas	gk atlantic hub llc	gk atclantic húb llc	gk atlantic hub	gk atclantic húb	gk atlantic hub	gk atclantic húb	us	us
S1-10563844	S3-895463345	S3	GK Atlantic Hub LLC	GK Atlantic Atlantic Hub	460 Silo Court, Waxahachie, TX	Silo Ct, Waxahachie, Texas	gk atlantic hub llc	gk atlantic atlantic hub	gk atlantic hub	gk atlantic atlantic hub	gk atlantic hub	gk atlantic atlantic hub	us	us
S1-105644570	S3-945992561	S3	Hicks Farmers Inc.	Hicks Hicks Fármers	Concord, 10002 Bluegrass Road, TN	Bluegrass Road, Knxville, Tennessee	hicks farmers inc	hicks hicks fármers	hicks farmers	hicks hicks fármers	hicks farmers	hicks hicks fármers	us	us
S1-105661424	S3-617151405	S3	Roberts's Advisory LLC	robertssadvisory.com	Raynesford, 102 Henrietta Street, MT	102 Henrietta Street, Raynesford, Montana	robertss advisory llc	robertssadvisory com	robertss advisory	robertssadvisory com	robertss advisory	robertssadvisory com	us	us
S1-105671956	S3-828485787	S3	Advanced Consumer Associates LLC	L.L.C. Advanced Consumer Associates	3600 Sayre Avenue, Chicago, IL	003600 Sayre Ave, Chicago, Illinois	advanced consumer associates llc	llc advanced consumer associates	advanced consumer associates	llc advanced consumer associates	advanced consumer associates	llc advanced consumer associates	us	us
S1-105690509	S3-214483909	S3	Bangalore (india)	bindia.com	No 501/1, 505/2 7, Kalkere Village, Bangalore, Karnataka	#501/1, 505/2 7, Kalkere Village, Bangalore, ಕರ್ನಾಟಕ	bangalore india	bindia com	bangalore india	bindia com	bangalore india	bindia com	india	india
S1-10571975	S2-383212714	S2	Royal Foods Private Limited	రాయల్ ఫుడ్స్ ప్రైవేట్ లిమిటెడ్	Plot No. G3, Auro S Pride Appt Nijampet, Hyderabad, Telangana	PLOT NO. G3, Telangana, HYDERABAD, AURO S PRIDE APPT NIJAMPET	royal foods private limited	రాయల్ ఫుడ్స్ ప్రైవేట్ లిమిటెడ్	royal foods	రాయల్ ఫుడ్స్ ప్రైవేట్ లిమిటెడ్	royal foods	రాయల్ ఫుడ్స్ ప్రైవేట్ లిమిటెడ్	india	india
S1-10571975	S2-55775440	S2	Royal Foods Private Limited	రాయల్ ఫుడ్స్ ప్రైవేట్ లిమిటెడ్	Plot No. G3, Auro S Pride Appt Nijampet, Hyderabad, Telangana	PLOT NO. G3, AURO S PRIDE APPT NIJAMPET, HYDERABAD, Telangana	royal foods private limited	రాయల్ ఫుడ్స్ ప్రైవేట్ లిమిటెడ్	royal foods	రాయల్ ఫుడ్స్ ప్రైవేట్ లిమిటెడ్	royal foods	రాయల్ ఫుడ్స్ ప్రైవేట్ లిమిటెడ్	india	india
S1-10571975	S3-469508724	S3	Royal Foods Private Limited	Royal Foods Prívate	Plot No. G3, Auro S Pride Appt Nijampet, Hyderabad, Telangana	Plot No. G3, Auro S Pride Appt Nijampet, Hyderabad, తెలంగాణ	royal foods private limited	royal foods prívate	royal foods	royal foods prívate	royal foods	royal foods prívate	india	india
S1-105742168	S2-971446249	S2	Modern Urban Management Pvt Ltd	मॉडर्न अर्बन मैनेजमेंट प्रा. लि.	201, Second Floor, Hans Bhawan Wing -2, New Delhi, Central Delhi, Delhi	201, NEW DELHI, CENTRAL DELHI, दिल्ली	modern urban management pvt ltd	मॉडर्न अर्बन मैनेजमेंट प्रा लि	modern urban management	मॉडर्न अर्बन मैनेजमेंट प्रा लि	modern urban management	मॉडर्न अर्बन मैनेजमेंट प्रा लि	india	india
S1-105742168	S3-607084428	S3	Modern Urban Management Pvt Ltd	Modemurbanmanagement.Com	201, Second Floor, Hans Bhawan Wing -2, New Delhi, Central Delhi, Delhi	Central Delhi, Second Floor, Hans Bhawan Wing -2, 201, DL, New Delhi	modern urban management pvt ltd	modemurbanmanagement com	modern urban management	modemurbanmanagement com	modern urban management	modemurbanmanagement com	india	india
S1-10575005	S3-768154816	S3	Bio One Center	Centre One Bio	Unique Business Service Sentre, 1/25 Akber House, Nowroji Fardorji Road, Mumbai, Maharashtra	Unique Business Service Sentre, Nowroji Fardorji Road, Mumbai, MH	bio one center	centre one bio	bio one center	centre one bio	bio one center	centre one bio	india	india
S1-105768669	S3-277457938	S3	Maid Nails	Maid Nai1s	9902 Ken Drive, Arizona City, AZ		maid nails	maid nai1s	maid nails	maid nai1s	maid nails	maid nai1s	us	us
S1-105802193	S3-78650530	S3	RU Consulting Ltd	ruconsulting.com	C/O, Chandan Mukherjee, Nari More, Kalna Road, Burdwan - I, Bardhaman, West Bengal	C/o, Burdwan - I, Bardhaman, পশ্চিমবঙ্গ	ru consulting ltd	ruconsulting com	ru consulting	ruconsulting com	ru consulting	ruconsulting com	india	india
S1-10580271	S2-523644847	S2	Smith Heritage Cartesian Inc	smithheritagecartesian.com	501 Eastarbor Lane, Brunswick Hills Town, OH	501 EASTARBOR LANE, <NULL>, BRUNSWICK, OH	smith heritage cartesian inc	smithheritagecartesian com	smith heritage cartesian	smithheritagecartesian com	smith heritage cartesian	smithheritagecartesian com	us	us
S1-105812325	S2-115746723	S2	Certified Royal Communities PC	Service Certified Communities PC	1415 Benton Creek Avenue, Cologne, MN	1426  BENTON CREEK AVE, MN, COLOGNE	certified royal communities pc	service certified communities pc	certified royal communities	service certified communities	certified royal communities	service certified communities	us	us
S1-105812325	S2-558820751	S2	Certified Royal Communities PC	Certified Royal Cómmunities PC	1415 Benton Creek Avenue, Cologne, MN		certified royal communities pc	certified royal cómmunities pc	certified royal communities	certified royal cómmunities	certified royal communities	certified royal cómmunities	us	us
S1-105812325	S3-143637146	S3	Certified Royal Communities PC	Certified Rly Communities PC	1415 Benton Creek Avenue, Cologne, MN	1426 Benton Creek Ave, Cologne, Minnesota	certified royal communities pc	certified rly communities pc	certified royal communities	certified rly communities	certified royal communities	certified rly communities	us	us
S1-105826796	S3-459427372	S3	Gulf Prime Consumer	Gulf Consumer  Prime	WI, 215 Parador Place, Village Of Cottage Grove		gulf prime consumer	gulf consumer prime	gulf prime consumer	gulf consumer prime	gulf prime consumer	gulf consumer prime	us	us
S1-105829438	S2-450625280	S2	Creative Highland Law Group LLC	creativehighlandlaw.com	WI, City Of Superior, 504 Homecroft Court	504 HOMECROFT CT, CITY OF SUPERIOR, WI	creative highland law group llc	creativehighlandlaw com	creative highland law group	creativehighlandlaw com	creative highland law group	creativehighlandlaw com	us	us
S1-105829438	S3-176540436	S3	Creative Highland Law Group LLC	Creative Highland Law Gróup	WI, City Of Superior, 504 Homecroft Court	Homecroft Ct, Supreior CITY, Wisconsin	creative highland law group llc	creative highland law gróup	creative highland law group	creative highland law gróup	creative highland law group	creative highland law gróup	us	us
S1-105835338	S3-397541160	S3	Kern Seafood LLC	Orbixylo	23419 Hwy 90, Ravenden, AR	Hwy 90, Ravnden, Arkansas	kern seafood llc	orbixylo	kern seafood	orbixylo	kern seafood	orbixylo	us	us
S1-10583836	S3-795640568	S3	Prabhat India Corp	prabhatindia.com	Jai Amba Society, New Juhu Varsova Link Road, 102, Mumbai, Maharashtra, Andheri West	No. 652 102, Mumbai, Andheri West, MH	prabhat india corp	prabhatindia com	prabhat india	prabhatindia com	prabhat india	prabhatindia com	india	india
S1-105839075	S2-218846402	S2	Anderson Ridge Israel	andersonridgeisrael.com	14700 88th Place, Unit APARTMENT 312, Owasso, OK	0014700 88TH PL, OWASO, OK	anderson ridge israel	andersonridgeisrael com	anderson ridge israel	andersonridgeisrael com	anderson ridge israel	andersonridgeisrael com	us	us
S1-105851378	S2-449767969	S2	First Solutions Private Limited	ଫାର୍ଷ୍ଟ୍ ସଲ୍ୟୁସନ୍ସ୍ ପ୍ରାଇଭେଟ୍ ଲିମିଟେଡ୍	C/O Suresh Chandra Majhi, Bhawanipatna, Kalahandi, Orissa, Tetelkhuti	C/O SURESH CHANDRA MAJHI, BHAWANIPATNA, KALAHANDI, Odisha	first solutions private limited	ଫାର୍ଷ୍ଟ୍ ସଲ୍ୟୁସନ୍ସ୍ ପ୍ରାଇଭେଟ୍ ଲିମିଟେଡ୍	first solutions	ଫାର୍ଷ୍ଟ୍ ସଲ୍ୟୁସନ୍ସ୍ ପ୍ରାଇଭେଟ୍ ଲିମିଟେଡ୍	first solutions	ଫାର୍ଷ୍ଟ୍ ସଲ୍ୟୁସନ୍ସ୍ ପ୍ରାଇଭେଟ୍ ଲିମିଟେଡ୍	india	india
S1-105851378	S2-80116373	S2	First Solutions Private Limited	ଫାର୍ଷ୍ଟ୍ ସଲ୍ୟୁସନ୍ସ୍ ପ୍ରାଇଭେଟ୍ ଲିମିଟେଡ୍	C/O Suresh Chandra Majhi, Bhawanipatna, Kalahandi, Orissa, Tetelkhuti	C/O SURESH CHANDRA MAJHI, TETELKHUTI, BHAWANIPATNA, KALAHANDI, ଓଡ଼ିଶା	first solutions private limited	ଫାର୍ଷ୍ଟ୍ ସଲ୍ୟୁସନ୍ସ୍ ପ୍ରାଇଭେଟ୍ ଲିମିଟେଡ୍	first solutions	ଫାର୍ଷ୍ଟ୍ ସଲ୍ୟୁସନ୍ସ୍ ପ୍ରାଇଭେଟ୍ ଲିମିଟେଡ୍	first solutions	ଫାର୍ଷ୍ଟ୍ ସଲ୍ୟୁସନ୍ସ୍ ପ୍ରାଇଭେଟ୍ ଲିମିଟେଡ୍	india	india
S1-105851378	S3-108804588	S3	First Solutions Private Limited	firstsolutions.com	C/O Suresh Chandra Majhi, Bhawanipatna, Kalahandi, Orissa, Tetelkhuti	C/o Suresh Chandra Majhi, Tetelkhuti, Bhawanipatna, Badchergaon, OD	first solutions private limited	firstsolutions com	first solutions	firstsolutions com	first solutions	firstsolutions com	india	india
S1-105851378	S3-248523826	S3	First Solutions Private Limited	First Private Limited Center	C/O Suresh Chandra Majhi, Bhawanipatna, Kalahandi, Orissa, Tetelkhuti	C/o Suresh Chandra Marhi, Tetelkhuti, Kalahandi, Badchergaon, OD	first solutions private limited	first private limited center	first solutions	first private limited center	first solutions	first private limited center	india	india
S1-105851378	S3-597104822	S3	First Solutions Private Limited	ଫାର୍ଷ୍ଟ୍ ସଲ୍ୟୁସନ୍ସ୍ ପ୍ରାଇଭେଟ୍ ଲିମିଟେଡ୍	C/O Suresh Chandra Majhi, Bhawanipatna, Kalahandi, Orissa, Tetelkhuti	C/o Suresh Chandra Majhi, Tetelkhuti, Bhawanipatna, Badchergaon, OD	first solutions private limited	ଫାର୍ଷ୍ଟ୍ ସଲ୍ୟୁସନ୍ସ୍ ପ୍ରାଇଭେଟ୍ ଲିମିଟେଡ୍	first solutions	ଫାର୍ଷ୍ଟ୍ ସଲ୍ୟୁସନ୍ସ୍ ପ୍ରାଇଭେଟ୍ ଲିମିଟେଡ୍	first solutions	ଫାର୍ଷ୍ଟ୍ ସଲ୍ୟୁସନ୍ସ୍ ପ୍ରାଇଭେଟ୍ ଲିମିଟେଡ୍	india	india
S1-105851378	S3-717562865	S3	First Solutions Private Limited	First Solutions Limited  Services	C/O Suresh Chandra Majhi, Bhawanipatna, Kalahandi, Orissa, Tetelkhuti	C/o Suresh Chandra Majhi, Tetelkhuti, Kalahandi, Badchergaon, OD	first solutions private limited	first solutions limited services	first solutions	first solutions limited services	first solutions	first solutions limited services	india	india
S1-105851378	S3-889249290	S3	First Solutions Private Limited	First Private Limited Center Enterprises	C/O Suresh Chandra Majhi, Bhawanipatna, Kalahandi, Orissa, Tetelkhuti		first solutions private limited	first private limited center enterprises	first solutions	first private limited center enterprises	first solutions	first private limited center enterprises	india	india
S1-105853609	S3-765928876	S3	Jeevan Tech Private Limited	Smt Jeevan Tmh  Private Limited	313Rajdhani Enclave, Delhi, North Delhi, Delhi	Delhi, North Delhi, 3-13Rajdhani Enclave, DL	jeevan tech private limited	smt jeevan tmh private limited	jeevan tech	smt jeevan tmh	jeevan tech	smt jeevan tmh	india	india
S1-105853609	S3-964144225	S3	Jeevan Tech Private Limited	Jeevan Téch Private Limited	313Rajdhani Enclave, Delhi, North Delhi, Delhi	3-13Rajdhani Enclave, North Delhi, Delhi, DL	jeevan tech private limited	jeevan téch private limited	jeevan tech	jeevan téch	jeevan tech	jeevan téch	india	india
S1-105853609	S3-977391111	S3	Jeevan Tech Private Limited	Jeevan Tceh Private Límited	313Rajdhani Enclave, Delhi, North Delhi, Delhi	H.no 3-13Rajdhani Enclave, Delhi, North Delhi, DL	jeevan tech private limited	jeevan tceh private límited	jeevan tech	jeevan tceh private límited	jeevan tech	jeevan tceh private límited	india	india
S1-105860186	S3-1368917	S3	Bangalore Realty Corporation	bangalorerealty.com	Uttarahalli Hobli, Sy.No. 259 Manavartha Kaval, Bangalore, Karnataka, Bangalore	Sy.no. 259 Manavartha Kaval, Uttarahalli Hobli, Bangalore, KA	bangalore realty corporation	bangalorerealty com	bangalore realty	bangalorerealty com	bangalore realty	bangalorerealty com	india	india
S1-105900018	S2-594582041	S2	All Care Private Limited	ஆல் கேர் பிரைவேட் லிமிடெட்	No. 7 & 8, Flat No. S4, 2Nd Floor Param Apartment, Tiruvallur, Tamil Nadu	#7. & 8, TIRUVALLUR, Tamil Nadu	all care private limited	ஆல் கேர் பிரைவேட் லிமிடெட்	all care	ஆல் கேர் பிரைவேட் லிமிடெட்	all care	ஆல் கேர் பிரைவேட் லிமிடெட்	india	india
S1-105900018	S2-806886757	S2	All Care Private Limited	All Care Prioot Limited	No. 7 & 8, Flat No. S4, 2Nd Floor Param Apartment, Tiruvallur, Tamil Nadu	DOOR NO 7. & 8, FLAT NO. S4, 2ND FLOOR PARAM APARTMENT, TIRUVALLUR, Tamil Nadu	all care private limited	all care prioot limited	all care	all care prioot	all care	all care prioot	india	india
S1-105918323	S2-919624370	S2	Thomas and Green Inc.	Thomas and Green Inc. Service	Bend, 20608 Independence Way, OR	0020608 INDEPENDENCE WAY, BEND, OR	thomas and green inc	thomas and green inc service	thomas and green	thomas and green inc service	thomas and green	thomas and green inc service	us	us
S1-105920403	S2-998386030	S2	Fortune Agro Limited	फॉर्च्यून एग्रो लिमिटेड	H B Dayal, 20, Maruti State, Bodla, Agra, Uttar Pradesh	20, MARUTI STATE, BODLA, AGRA, Uttar Pradesh, H B DAYAL	fortune agro limited	फॉर्च्यून एग्रो लिमिटेड	fortune agro	फॉर्च्यून एग्रो लिमिटेड	fortune agro	फॉर्च्यून एग्रो लिमिटेड	india	india
S1-105920403	S3-629768659	S3	Fortune Agro Limited	Fortune Afto Limited	H B Dayal, 20, Maruti State, Bodla, Agra, Uttar Pradesh	H B Dayal, 20, Maruti State, Bodla, Agra, UP	fortune agro limited	fortune afto limited	fortune agro	fortune afto	fortune agro	fortune afto	india	india
S1-105923118	S2-186767390	S2	Cmp Granites Private Limited	cmpgranites.com	Flat No605 Opp Suryadatta, Collagrk Spectra Patilngr, Haveli, Pune, Maharashtra	FLAT NO605 OPP SURYADATTA, COLLAGRK SPECTRA PATILNGR, HAVELI, Maharashtra	cmp granites private limited	cmpgranites com	cmp granites	cmpgranites com	cmp granites	cmpgranites com	india	india
S1-105935514	S2-776416983	S2	Urban Builders Pvt Ltd	అర్బన్ బిల్డర్స్ ప్రైవేట్ లిమిటెడ్	P.No.51, Sapthagiri Colony, F.No.202, Gayathri Residency, Naredmet X Roads, Malk, Ajgiri, Hyderabad, Telangana	P.NO.051, HYDERABAD, Telangana	urban builders pvt ltd	అర్బన్ బిల్డర్స్ ప్రైవేట్ లిమిటెడ్	urban builders	అర్బన్ బిల్డర్స్ ప్రైవేట్ లిమిటెడ్	urban builders	అర్బన్ బిల్డర్స్ ప్రైవేట్ లిమిటెడ్	india	india
S1-105943575	S2-602412743	S2	Golden Pub	Golmen-Pub	18106 Hidden Falls Avenue, Eagle River, AK	AK, HIDDEN FALLS AVENUE, EAGLE RIVER	golden pub	golmen pub	golden pub	golmen pub	golden pub	golmen pub	us	us
S1-105948189	S2-154404131	S2	Best Care Private Limited	Synquofaye	Murshidabad, C/O Saijul Hoque, West Bengal, Vill & Po- Keshiadanga, Murshidabad	পশ্চিমবঙ্গ, C/O SAIJUL HOQUE, MURSHIDABAD	best care private limited	synquofaye	best care	synquofaye	best care	synquofaye	india	india
S1-105948189	S2-332950286	S2	Best Care Private Limited	বেস্ট কেয়ার প্রাইভেট লিমিটেড	Murshidabad, C/O Saijul Hoque, West Bengal, Vill & Po- Keshiadanga, Murshidabad	C/O SAIJUL HOQUE, VILL & PO- KESHIADANGA, MURSHIDABAD, পশ্চিমবঙ্গ	best care private limited	বেস্ট কেয়ার প্রাইভেট লিমিটেড	best care	বেস্ট কেয়ার প্রাইভেট লিমিটেড	best care	বেস্ট কেয়ার প্রাইভেট লিমিটেড	india	india
S1-105948189	S2-564822082	S2	Best Care Private Limited	বেস্ট কেয়ার প্রাইভেট লিমিটেড	Murshidabad, C/O Saijul Hoque, West Bengal, Vill & Po- Keshiadanga, Murshidabad	C/O SAIJUL HOQUE, VILL & PO- KESHIADANGA, MURSHIDABAD, West Bengal	best care private limited	বেস্ট কেয়ার প্রাইভেট লিমিটেড	best care	বেস্ট কেয়ার প্রাইভেট লিমিটেড	best care	বেস্ট কেয়ার প্রাইভেট লিমিটেড	india	india
S1-105948189	S2-987484238	S2	Best Care Private Limited	Best Care Private Limited | www.bestcare.com	Murshidabad, C/O Saijul Hoque, West Bengal, Vill & Po- Keshiadanga, Murshidabad	C/O SAIJUL HOQUE, VILL & PO- KESHIADANGA, MURSHIDABAD, পশ্চিমবঙ্গ	best care private limited	best care private limited www bestcare com	best care	best care private limited www bestcare com	best care	best care private limited www bestcare com	india	india
S1-105948189	S3-546836136	S3	Best Care Private Limited	Best Private Limited Service	Murshidabad, C/O Saijul Hoque, West Bengal, Vill & Po- Keshiadanga, Murshidabad	C/o Sajul Hoque, Vill & Po- Keshiadanga, Murshidabad, Khargram, পশ্চিমবঙ্গ	best care private limited	best private limited service	best care	best private limited service	best care	best private limited service	india	india
S1-105948189	S3-672002538	S3	Best Care Private Limited	বেস্ট কেয়ার Private Limited	Murshidabad, C/O Saijul Hoque, West Bengal, Vill & Po- Keshiadanga, Murshidabad	Murshidabad, C/o Saijul Hoque, WB, Khargram, Vill & Po- Keshiadanga	best care private limited	বেস্ট কেয়ার private limited	best care	বেস্ট কেয়ার	best care	বেস্ট কেয়ার	india	india
S1-105948189	S3-990539331	S3	Best Care Private Limited	বেস্ট কেয়ার প্রাইভেট লিমিটেড	Murshidabad, C/O Saijul Hoque, West Bengal, Vill & Po- Keshiadanga, Murshidabad	C/o Saijul Hoque, Vill & Po- Keshiadanga, Murshidabad, Khargram, WB	best care private limited	বেস্ট কেয়ার প্রাইভেট লিমিটেড	best care	বেস্ট কেয়ার প্রাইভেট লিমিটেড	best care	বেস্ট কেয়ার প্রাইভেট লিমিটেড	india	india
S1-105952820	S2-69455369	S2	All Enterprises Private Limited	অল এন্টারপ্রাইজেস প্রাইভেট লিমিটেড	H/No- 523/434/359, Beside Sky Star Building, Sevoke Road, Siliguri, Darjeeling, West Bengal	H/NO- 523/434/359, DARJEELING, পশ্চিমবঙ্গ	all enterprises private limited	অল এন্টারপ্রাইজেস প্রাইভেট লিমিটেড	all enterprises	অল এন্টারপ্রাইজেস প্রাইভেট লিমিটেড	all enterprises	অল এন্টারপ্রাইজেস প্রাইভেট লিমিটেড	india	india
S1-105964150	S3-486500291	S3	Internal Medicine Group	Internal Group Services	304 Shelby Street, Lebanon, KY	Shelby Street, Lebanon, Kentucky	internal medicine group	internal group services	internal medicine group	internal group services	internal medicine group	internal group services	us	us
S1-10596467	S3-288740450	S3	Pacific Altenergy Inc	Pacificaltenergy.Com	1 Keel Court, Unit APT. 332, Hampton City, VA	1-3 Keel Ct, Unit APT. 332, Hampton City, Virginia	pacific altenergy inc	pacificaltenergy com	pacific altenergy	pacificaltenergy com	pacific altenergy	pacificaltenergy com	us	us
S1-10596467	S3-842430069	S3	Pacific Altenergy Inc	Pacific Altenegry Inc - 2041049551	1 Keel Court, Unit APT. 332, Hampton City, VA	Keel Ct, Virginia, Hampton City	pacific altenergy inc	pacific altenegry inc 2041049551	pacific altenergy	pacific altenegry inc 2041049551	pacific altenergy	pacific altenegry inc 2041049551	us	us
S1-105970830	S3-761161662	S3	Jd Memorial Trust	Jd Trust Mrbmsiral	C/O Prem Shankar Gupta, Bypass Denowill Nh-30, Patna Sadar, Po-Gulzarbagh, Patna, Bihar	C/o Prem Shankar Gupta, Patna, BR	jd memorial trust	jd trust mrbmsiral	jd memorial trust	jd trust mrbmsiral	jd memorial trust	jd trust mrbmsiral	india	india
S1-105977583	S2-810333342	S2	International Global LLP	इंटरनेशनल ग्लोबल एलएलपी	Ocean Park, Near Delhi Public School Nipania, Indore, Madhya Pradesh	OCEAN PARK, NEAR DELHI PUBLIC SCHOOL NIPANIA, INDORE, Madhya Pradesh	international global llp	इंटरनेशनल ग्लोबल एलएलपी	international global	इंटरनेशनल ग्लोबल एलएलपी	international global	इंटरनेशनल ग्लोबल एलएलपी	india	india
S1-105977583	S3-709302855	S3	International Global LLP	International	Ocean Park, Near Delhi Public School Nipania, Indore, Madhya Pradesh	Ocean Park, Near Delhi Public School Nipania, Indore, Madhya Pradesh	international global llp	international	international global	international	international global	international	india	india
S1-105977962	S2-469317809	S2	International Constructions Private Limited	Private International Constructions Limited	Plot No.177, Ida Mallapur, Hyderabad, Telangana	HYDERABAD, MEDCHAL MALKAJGIRI, 17, Telangana	international constructions private limited	private international constructions limited	international constructions	private international constructions	international constructions	private international constructions	india	india
S1-105991164	S2-66060665	S2	Physical Therapy Care Center	Physical Therapy Care Center Authority	129 Winfield Street, Staten Island, NY		physical therapy care center	physical therapy care center authority	physical therapy care center	physical therapy care center authority	physical therapy care center	physical therapy care center authority	us	us
S1-105991164	S3-876137905	S3	Physical Therapy Care Center	Care Therapy Physical [Center]	129 Winfield Street, Staten Island, NY	Winfield Street, Staten Island, New York	physical therapy care center	care therapy physical center	physical therapy care center	care therapy physical center	physical therapy care center	care therapy physical center	us	us
S1-105992516	S2-660758392	S2	Desert Transportation Corp	DESERTTRANSPORTATIONCOM	509 Liberty Drive, Albion, IN	509 LIBERTY DRIVE, ALBION, IN	desert transportation corp	deserttransportationcom	desert transportation	deserttransportationcom	desert transportation	deserttransportationcom	us	us
S1-105992516	S3-497044050	S3	Desert Transportation Corp	Desert  Corp Transportation	509 Liberty Drive, Albion, IN	Liberty Drive, Albion, Indiana	desert transportation corp	desert corp transportation	desert transportation	desert corp transportation	desert transportation	desert corp transportation	us	us
S1-106011289	S3-824730784	S3	XXR Shipping Private Limited	xsprivate.com	Plot No A-3/1, Khasra No 13/23, First Floor, Shyam Kunj, Goela Khurd, Delhi, South West Delhi, Delhi	Plot No A-3/1, Delhi, South West Delhi, DL	xxr shipping private limited	xsprivate com	xxr shipping	xsprivate com	xxr shipping	xsprivate com	india	india
S1-106021538	S2-994944604	S2	Oncology Physicians Inc	Oncology Physician Inc	47 Southwood Drive, West Seneca, NY		oncology physicians inc	oncology physician inc	oncology physicians	oncology physician	oncology physicians	oncology physician	us	us
S1-106024386	S2-251783079	S2	Guru Management Private Limited	गुरु मैनेजमेंट प्राइवेट लिमिटेड	T-3/200, Mangolpuri Industrial Area Phase-1, New Delhi, North Delhi, Delhi	Delhi, MANGOLPURI INDUSTRIAL AREA PHASE-1, NORTH DELHI, NEW DELHI, T-3/200	guru management private limited	गुरु मैनेजमेंट प्राइवेट लिमिटेड	guru management	गुरु मैनेजमेंट प्राइवेट लिमिटेड	guru management	गुरु मैनेजमेंट प्राइवेट लिमिटेड	india	india
S1-106024386	S2-918802479	S2	Guru Management Private Limited	गुरु मैनेजमेंट प्राइवेट लिमिटेड	T-3/200, Mangolpuri Industrial Area Phase-1, New Delhi, North Delhi, Delhi	NORTH DELHI, NEW DELHI, दिल्ली, T-3/200	guru management private limited	गुरु मैनेजमेंट प्राइवेट लिमिटेड	guru management	गुरु मैनेजमेंट प्राइवेट लिमिटेड	guru management	गुरु मैनेजमेंट प्राइवेट लिमिटेड	india	india
S1-106024386	S3-431706677	S3	Guru Management Private Limited	गुरु मैनेजमेंट प्राइवेट लिमिटेड	T-3/200, Mangolpuri Industrial Area Phase-1, New Delhi, North Delhi, Delhi	T-3/200, Mangolpuri Industrial Area Phase-1, North Delhi, New Delhi, DL	guru management private limited	गुरु मैनेजमेंट प्राइवेट लिमिटेड	guru management	गुरु मैनेजमेंट प्राइवेट लिमिटेड	guru management	गुरु मैनेजमेंट प्राइवेट लिमिटेड	india	india
S1-106037419	S3-478967671	S3	Pediatric Health	Pediatric Health Associates	1012 Passamaquody Harbor, Fl 0, Pasadena, MD		pediatric health	pediatric health associates	pediatric health	pediatric health associates	pediatric health	pediatric health associates	us	us
S1-106042723	S2-25131279	S2	Lewis Express Two	LEWIS EXPRESS	3019 Old Gamber Road, Finksburg, MD	03019 OLD GAMBER ROAD, FINKSSBURG, MD	lewis express two	lewis express	lewis express two	lewis express	lewis express two	lewis express	us	us
S1-106042723	S2-387266097	S2	Lewis Express Two	Lumonyx	3019 Old Gamber Road, Finksburg, MD	03019 OLD GAMBER ROAD, FINKSSBURG, MD	lewis express two	lumonyx	lewis express two	lumonyx	lewis express two	lumonyx	us	us
S1-106042723	S2-549564769	S2	Lewis Express Two	lewisexpresstwo.com	3019 Old Gamber Road, Finksburg, MD	03019 OLD GAMBER ROAD, FINKSSBURG, MD	lewis express two	lewisexpresstwo com	lewis express two	lewisexpresstwo com	lewis express two	lewisexpresstwo com	us	us
S1-106042723	S2-81427064	S2	Lewis Express Two	Lewis Express 2	3019 Old Gamber Road, Finksburg, MD	03019 OLD GAMBER ROAD, FINKSSBURG, MD	lewis express two	lewis express 2	lewis express two	lewis express 2	lewis express two	lewis express 2	us	us
S1-106047322	S2-521576922	S2	Apex Digital Dynamics	Apex  Digital	3182 Lynchburg Street, TN, Memphis	TN, 003182 LYNCHBURG STREET, MEMPHIS	apex digital dynamics	apex digital	apex digital dynamics	apex digital	apex digital dynamics	apex digital	us	us
S1-106047322	S3-994200345	S3	Apex Digital Dynamics	Apex Didt1 Dynamics	3182 Lynchburg Street, TN, Memphis	182 Lynchburg Street, Memphis, Tennessee	apex digital dynamics	apex didt1 dynamics	apex digital dynamics	apex didt1 dynamics	apex digital dynamics	apex didt1 dynamics	us	us
S1-106047901	S3-123962038	S3	Federal Anchor Evolution L.L.C.	Federal Evolution L.L.C. (Center)	10815 Mississippi Court, Orland Park, IL	0010815 Mississippi Court, Orland Park, Illinois	federal anchor evolution llc	federal evolution llc center	federal anchor evolution	federal evolution llc center	federal anchor evolution	federal evolution llc center	us	us
S1-106047901	S3-126897619	S3	Federal Anchor Evolution L.L.C.	federalanchorevolutioncom - 3454851236	10815 Mississippi Court, Orland Park, IL	Orland Park, 0010815 Mississippi Ct, Illinois	federal anchor evolution llc	federalanchorevolutioncom 3454851236	federal anchor evolution	federalanchorevolutioncom 3454851236	federal anchor evolution	federalanchorevolutioncom 3454851236	us	us
S1-106047901	S3-907098953	S3	Federal Anchor Evolution L.L.C.	Federal Anchor L.L.C.-Evolution	10815 Mississippi Court, Orland Park, IL		federal anchor evolution llc	federal anchor llc evolution	federal anchor evolution	federal anchor llc evolution	federal anchor evolution	federal anchor llc evolution	us	us
S1-106053875	S2-674855802	S2	Le Transport Inc	LE TRANSPORT (ÍNC)	1120 Piney Lodge Lane, Unit 407, Asheville, NC	PINEY LODGE LANE, ASHEVILLE, NC	le transport inc	le transport ínc	le transport	le transport ínc	le transport	le transport ínc	us	us
S1-106066530	S2-383565007	S2	As Trading	As Tráding	Secunderabad, Hyderabad, 10-2-294/295, Sneha Enclave, West.Marredpally, F-501, Telangana		as trading	as tráding	as trading	as tráding	as trading	as tráding	india	india
S1-106080834	S2-248257773	S2	RX Cascade Brewing LLC	RX Cascade LLC Brewing - 9388024643	3152 Forrest Hills Drive, Atlanta, GA	315 FORREST HILLS DRIVE, HAP, GA	rx cascade brewing llc	rx cascade llc brewing 9388024643	rx cascade brewing	rx cascade llc brewing 9388024643	rx cascade brewing	rx cascade llc brewing 9388024643	us	us
S1-106080834	S2-495553769	S2	RX Cascade Brewing LLC	RX Cascade LLC  Center	3152 Forrest Hills Drive, Atlanta, GA	315 FORREST HILLS DR, HAP, GA	rx cascade brewing llc	rx cascade llc center	rx cascade brewing	rx cascade llc center	rx cascade brewing	rx cascade llc center	us	us
S1-106080834	S2-805235853	S2	RX Cascade Brewing LLC	RX Cáscade Brewing LLC	3152 Forrest Hills Drive, Atlanta, GA	315 FORREST HILLS DRIVE, ATLANTA, GA	rx cascade brewing llc	rx cáscade brewing llc	rx cascade brewing	rx cáscade brewing	rx cascade brewing	rx cáscade brewing	us	us
S1-106080834	S3-208138176	S3	RX Cascade Brewing LLC	RX Cascade 8rewing (LLC)	3152 Forrest Hills Drive, Atlanta, GA	152 Forrest Hills Drive, Atlanta, Georgia	rx cascade brewing llc	rx cascade 8rewing llc	rx cascade brewing	rx cascade 8rewing	rx cascade brewing	rx cascade 8rewing	us	us
S1-106085909	S3-621909234	S3	Super Engineering Private Limited	സൂപ്പർ എൻജിനീയറിംഗ് പ്രൈവറ്റ് ലിമിറ്റഡ്	23/613-4, First Floor, Fathima Nagar, East Fort, Thrissur, Kerala	C-23/613-4, Thrissur, KL	super engineering private limited	സൂപ്പർ എൻജിനീയറിംഗ് പ്രൈവറ്റ് ലിമിറ്റഡ്	super engineering	സൂപ്പർ എൻജിനീയറിംഗ് പ്രൈവറ്റ് ലിമിറ്റഡ്	super engineering	സൂപ്പർ എൻജിനീയറിംഗ് പ്രൈവറ്റ് ലിമിറ്റഡ്	india	india
S1-106091499	S2-899221547	S2	Premier Constructions Private Limited	Private Premier Constructions Limited	Gautam Nagar, Grahanirman Society Ltd, Flat No-615, Midc Marol, Andheri (E), Mumbai, Mumbai City, Maharashtra	महाराष्ट्र, MUMBAI CITY, GUNTUR, GAUTAM NAGAR	premier constructions private limited	private premier constructions limited	premier constructions	private premier constructions	premier constructions	private premier constructions	india	india
S1-106091499	S3-709441817	S3	Premier Constructions Private Limited	प्रीमियर कंस्ट्रक्शंस प्राइवेट लिमिटेड	Gautam Nagar, Grahanirman Society Ltd, Flat No-615, Midc Marol, Andheri (E), Mumbai, Mumbai City, Maharashtra	Gautam Nagar, Mumbai Region, Mumbai, MH	premier constructions private limited	प्रीमियर कंस्ट्रक्शंस प्राइवेट लिमिटेड	premier constructions	प्रीमियर कंस्ट्रक्शंस प्राइवेट लिमिटेड	premier constructions	प्रीमियर कंस्ट्रक्शंस प्राइवेट लिमिटेड	india	india
S1-106107581	S2-543616010	S2	High Infotech Private Limited	High Infotech Pramie Limited	Hyderabad, Telangana, Hmt Hills, Road No-7, Near Ramalayam Temple, Kukatpally, Tirumalagiri, Plot No 591	401, HMT HILS, ROAD NO-7, NEAR RAMALAYAM TEMPLE, KUKATPALLY, TIRUMALAGIRI, Telangana	high infotech private limited	high infotech pramie limited	high infotech	high infotech pramie	high infotech	high infotech pramie	india	india
S1-106137395	S2-280797743	S2	Real Care Private Limited	रियल केयर प्राइवेट लिमिटेड	B-304, B Wing, Amrapali Chs, Sector-13, Plot No.18, Vijay Marg, New Panvel, Raigarh, Maharashtra	B-304, NEW PANVEL, RAIGARH, Maharashtra	real care private limited	रियल केयर प्राइवेट लिमिटेड	real care	रियल केयर प्राइवेट लिमिटेड	real care	रियल केयर प्राइवेट लिमिटेड	india	india
S1-106137395	S2-398177163	S2	Real Care Private Limited	रियल केयर प्राइवेट लिमिटेड	B-304, B Wing, Amrapali Chs, Sector-13, Plot No.18, Vijay Marg, New Panvel, Raigarh, Maharashtra	B-304, B WING, AMRAPALI CHS, SECTOR-13, PLOT NO.18, VIJAY MARG, RAIGARH, Maharashtra	real care private limited	रियल केयर प्राइवेट लिमिटेड	real care	रियल केयर प्राइवेट लिमिटेड	real care	रियल केयर प्राइवेट लिमिटेड	india	india
S1-106137395	S2-800503904	S2	Real Care Private Limited	realcare.com	B-304, B Wing, Amrapali Chs, Sector-13, Plot No.18, Vijay Marg, New Panvel, Raigarh, Maharashtra	B-304, B WING, AMRAPALI CHS, SECTOR-13, PLOT NO.18, VIJAY MARG, NEW PANVEL, महाराष्ट्र	real care private limited	realcare com	real care	realcare com	real care	realcare com	india	india
S1-106140180	S3-618721093	S3	Solutions Msc Outsourcing Private Limited	solutionsmscoutsourcing.com	House Of Mr Sanjit Kr Raygandhi Nagar Extn Iii Lane, Berhampur, Ganjam, Orissa	House Of Mr Sanjit Kr Raygandhi Nagar Extn Iii Lane, Berhampur, Ganjam, OD	solutions msc outsourcing private limited	solutionsmscoutsourcing com	solutions msc outsourcing	solutionsmscoutsourcing com	solutions msc outsourcing	solutionsmscoutsourcing com	india	india
S1-106142484	S3-207404505	S3	Miller and Martinez Dollar	Miller ánd Martinez Dollar	Wynne, 217 Seminole Street, AR	17 Seminole St, Wynne, Arkansas	miller and martinez dollar	miller ánd martinez dollar	miller and martinez dollar	miller ánd martinez dollar	miller and martinez dollar	miller ánd martinez dollar	us	us
S1-10614293	S2-111025536	S2	Primary Care Group Partners	Primary Cma Group [Partners] [Partners]	844 Crouchen Street, Salem, OR	966 Crouchen Street, SALEM, OR	primary care group partners	primary cma group partners partners	primary care group partners	primary cma group partners partners	primary care group partners	primary cma group partners partners	us	us
S1-10614293	S2-462373260	S2	Primary Care Group Partners	PRIMARY CIAE  GROUP PARTNERS	844 Crouchen Street, Salem, OR	966 CROUCHEN STREET, SALEM, OR	primary care group partners	primary ciae group partners	primary care group partners	primary ciae group partners	primary care group partners	primary ciae group partners	us	us
S1-10614293	S3-972984286	S3	Primary Care Group Partners	Primary Care Group Prantrs	844 Crouchen Street, Salem, OR	Oregon, Salem, Crouchen St	primary care group partners	primary care group prantrs	primary care group partners	primary care group prantrs	primary care group partners	primary care group prantrs	us	us
S1-106144223	S2-559037300	S2	Ace Constructions Private Limited	एस कंस्ट्रक्शंस प्राइवेट लिमिटेड	A-26-604 Happy Velley Home S T-Wadi Manpada Thane, Thane, Maharashtra	A-26-604 HAPPY VELLEY HOME S T-WADI MANPADA THANE, THANE, Maharashtra	ace constructions private limited	एस कंस्ट्रक्शंस प्राइवेट लिमिटेड	ace constructions	एस कंस्ट्रक्शंस प्राइवेट लिमिटेड	ace constructions	एस कंस्ट्रक्शंस प्राइवेट लिमिटेड	india	india
S1-106144676	S3-32530941	S3	Alpha Management	Dr Alpha Management Corporation	23, Lalaram Nagar, Indore, Madhya Pradesh	Lalaram Nagar, मध्य प्रदेश, Indore, 23	alpha management	dr alpha management corporation	alpha management	dr alpha management	alpha management	dr alpha management	india	india
S1-106144676	S3-346675497	S3	Alpha Management	Smt Alpha Management	23, Lalaram Nagar, Indore, Madhya Pradesh	23, Lalaram Nagar, Indore, मध्य प्रदेश	alpha management	smt alpha management	alpha management	smt alpha management	alpha management	smt alpha management	india	india
S1-10614617	S2-505513419	S2	Blue Infotech	ब्लू इंफोटेक	C/O Balvinder Singh Vill, Sihore, Bilaspur, Rampur, Uttar Pradesh	SIHORE, BILASPUR, Uttar Pradesh, C/O BALVINDER SINGH VILL	blue infotech	ब्लू इंफोटेक	blue infotech	ब्लू इंफोटेक	blue infotech	ब्लू इंफोटेक	india	india
S1-10614617	S2-535159596	S2	Blue Infotech	BLUE ÍDFTECH	C/O Balvinder Singh Vill, Sihore, Bilaspur, Rampur, Uttar Pradesh	C/O BALVINDER SINGH VILL, SIHORE, BILASPUR, Uttar Pradesh	blue infotech	blue ídftech	blue infotech	blue ídftech	blue infotech	blue ídftech	india	india
S1-10614617	S2-812057364	S2	Blue Infotech	ब्लू इंफोटेक	C/O Balvinder Singh Vill, Sihore, Bilaspur, Rampur, Uttar Pradesh	C/O BALVINDER SINGH VILL, SIHORE, RAMPUR, उत्तर प्रदेश	blue infotech	ब्लू इंफोटेक	blue infotech	ब्लू इंफोटेक	blue infotech	ब्लू इंफोटेक	india	india
S1-10614617	S3-349216936	S3	Blue Infotech	ब्लू इंफोटेक	C/O Balvinder Singh Vill, Sihore, Bilaspur, Rampur, Uttar Pradesh	C/o Balvinder Singh Vill, Sihore, Bilaspur, Rampur, UP	blue infotech	ब्लू इंफोटेक	blue infotech	ब्लू इंफोटेक	blue infotech	ब्लू इंफोटेक	india	india
S1-10614617	S3-677228721	S3	Blue Infotech	ब्लू इंफोटेक	C/O Balvinder Singh Vill, Sihore, Bilaspur, Rampur, Uttar Pradesh	UP, Bilaspur, C/o Balvinder Singh Vill, Rampur	blue infotech	ब्लू इंफोटेक	blue infotech	ब्लू इंफोटेक	blue infotech	ब्लू इंफोटेक	india	india
S1-10614617	S3-680617318	S3	Blue Infotech	Blue इंफोटेक	C/O Balvinder Singh Vill, Sihore, Bilaspur, Rampur, Uttar Pradesh	C/o Balvinder Singh Vill, Sihore, Rampur, Bilaspur, UP	blue infotech	blue इंफोटेक	blue infotech	blue इंफोटेक	blue infotech	blue इंफोटेक	india	india
S1-10614617	S3-839334691	S3	Blue Infotech	Blue Center	C/O Balvinder Singh Vill, Sihore, Bilaspur, Rampur, Uttar Pradesh	Rampur, Sihore, UP, Bilaspur, C/o Balvinder Singh Vill	blue infotech	blue center	blue infotech	blue center	blue infotech	blue center	india	india
S1-106149521	S2-2641146	S2	Real Constructions Private Limited	રિયલ કન્સ્ટ્રક્શન્સ પ્રાઇવેટ લિમિટેડ	Ff-14, Alankar Tower, Dairy Dan Circle Opp. Kalyan Cafe, Sayajigunj, Vadodara, Gujarat	FF-#14, ALANKAR TOWER, DAIRY DAN CIRCLE OPP. KALYAN CAFE, SAYAJIGUNJ, BARODA, VADODARA, Gujarat	real constructions private limited	રિયલ કન્સ્ટ્રક્શન્સ પ્રાઇવેટ લિમિટેડ	real constructions	રિયલ કન્સ્ટ્રક્શન્સ પ્રાઇવેટ લિમિટેડ	real constructions	રિયલ કન્સ્ટ્રક્શન્સ પ્રાઇવેટ લિમિટેડ	india	india
S1-106149521	S2-468833834	S2	Real Constructions Private Limited	રિયલ કન્સ્ટ્રક્શન્સ પ્રાઇવેટ લિમિટેડ	Ff-14, Alankar Tower, Dairy Dan Circle Opp. Kalyan Cafe, Sayajigunj, Vadodara, Gujarat	FF-#14, ALANKAR TOWER, DAIRY DAN CIRCLE OPP. KALYAN CAFE, SAYAJIGUNJ, BARODA, VADODARA, Gujarat	real constructions private limited	રિયલ કન્સ્ટ્રક્શન્સ પ્રાઇવેટ લિમિટેડ	real constructions	રિયલ કન્સ્ટ્રક્શન્સ પ્રાઇવેટ લિમિટેડ	real constructions	રિયલ કન્સ્ટ્રક્શન્સ પ્રાઇવેટ લિમિટેડ	india	india
S1-106149521	S2-491680099	S2	Real Constructions Private Limited	Sri Real Constructions Private	Ff-14, Alankar Tower, Dairy Dan Circle Opp. Kalyan Cafe, Sayajigunj, Vadodara, Gujarat	FF-#14, ALANKAR TOWER, DAIRY DAN CIRCLE OPP. KALYAN CAFE, SAYAJIGUNJ, VADODARA, Gujarat	real constructions private limited	sri real constructions private	real constructions	sri real constructions	real constructions	sri real constructions	india	india
S1-106149521	S2-956517424	S2	Real Constructions Private Limited	રિયલ કન્સ્ટ્રક્શન્સ પ્રાઇવેટ લિમિટેડ	Ff-14, Alankar Tower, Dairy Dan Circle Opp. Kalyan Cafe, Sayajigunj, Vadodara, Gujarat	FF-#14, BARODA, VADODARA, Gujarat	real constructions private limited	રિયલ કન્સ્ટ્રક્શન્સ પ્રાઇવેટ લિમિટેડ	real constructions	રિયલ કન્સ્ટ્રક્શન્સ પ્રાઇવેટ લિમિટેડ	real constructions	રિયલ કન્સ્ટ્રક્શન્સ પ્રાઇવેટ લિમિટેડ	india	india
S1-106156774	S3-602716797	S3	Choice Select Viii LLC	choiceselectviii.com	347 Worland Circle, Evanston City, WY	Worland Cir, Evanston City, Wyoming	choice select viii llc	choiceselectviii com	choice select viii	choiceselectviii com	choice select viii	choiceselectviii com	us	us
S1-106171735	S2-918455218	S2	Latif Creative Aimei	latifcreativeaimei.com	404 498 Circle, Pryor, OK	404 498 CIRCE, PRYOR, OK	latif creative aimei	latifcreativeaimei com	latif creative aimei	latifcreativeaimei com	latif creative aimei	latifcreativeaimei com	us	us
S1-106175426	S3-146519031	S3	Calhoun Sim	Catetoun  Sim	4710 Genero Court, Antelope, CA	Genero Ct, Anteolpe, California	calhoun sim	catetoun sim	calhoun sim	catetoun sim	calhoun sim	catetoun sim	us	us
S1-10618650	S3-661768851	S3	Happy Seafood	Novicirakelo	113 Indian Gate Circle, Indian Springs Village, AL	0113 Indian Gate Circle, Indian Springs Village, Alabama	happy seafood	novicirakelo	happy seafood	novicirakelo	happy seafood	novicirakelo	us	us
S1-106188875	S2-60900336	S2	Vanguard Dynamic Quality	vanguarddynamicquality.com	1490 Virginia Beach Boulevard, Virginia Beach City, VA	VIRGINIA BEACH, VA, 149 VIRGINIA BEACH BOULEVARD	vanguard dynamic quality	vanguarddynamicquality com	vanguard dynamic quality	vanguarddynamicquality com	vanguard dynamic quality	vanguarddynamicquality com	us	us
S1-106188875	S3-523279084	S3	Vanguard Dynamic Quality	Vanguard Quality [Dynamic]	1490 Virginia Beach Boulevard, Virginia Beach City, VA		vanguard dynamic quality	vanguard quality dynamic	vanguard dynamic quality	vanguard quality dynamic	vanguard dynamic quality	vanguard quality dynamic	us	us
S1-106195605	S2-596354149	S2	Russia Lincoln	russialincoln.com	1063 Pardeeville Road, Russia, NY	RUSSIA, 106 PARDEEVILLE ROAD, NY	russia lincoln	russialincoln com	russia lincoln	russialincoln com	russia lincoln	russialincoln com	us	us
S1-106197199	S2-862167606	S2	Real Technologies Pvt Ltd	റിയൽ ടെക്നോളജീസ് പ്രൈവറ്റ് ലിമിറ്റഡ്	52/319 Santhi Vihar, Kadavanthara Ernakulam, Ernakulam, Kerala	#52/319 SANTHI VIHAR, ERNAKULAM, Kerala	real technologies pvt ltd	റിയൽ ടെക്നോളജീസ് പ്രൈവറ്റ് ലിമിറ്റഡ്	real technologies	റിയൽ ടെക്നോളജീസ് പ്രൈവറ്റ് ലിമിറ്റഡ്	real technologies	റിയൽ ടെക്നോളജീസ് പ്രൈവറ്റ് ലിമിറ്റഡ്	india	india
S1-106211083	S2-211421308	S2	Unique Developers Limited	ইউনিক ডেভেলপারস লিমিটেড	11, Bipin Pal Road, P.O.- Kalighat P.S.-Tollygunge, Kolkata, Kolkata, Howrah, West Bengal	HOWRAH, C-11, পশ্চিমবঙ্গ, KOLKATA	unique developers limited	ইউনিক ডেভেলপারস লিমিটেড	unique developers	ইউনিক ডেভেলপারস লিমিটেড	unique developers	ইউনিক ডেভেলপারস লিমিটেড	india	india
S1-106211083	S2-815748339	S2	Unique Developers Limited	ইউনিক ডেভেলপারস লিমিটেড	11, Bipin Pal Road, P.O.- Kalighat P.S.-Tollygunge, Kolkata, Kolkata, Howrah, West Bengal	C-11, BIPIN PAL ROAD, P.O.- KALIGHAT P.S.-TOLLYGUNGE, KOLKATA, KOLKATA, HOWRAH, West Bengal	unique developers limited	ইউনিক ডেভেলপারস লিমিটেড	unique developers	ইউনিক ডেভেলপারস লিমিটেড	unique developers	ইউনিক ডেভেলপারস লিমিটেড	india	india
S1-106211083	S3-853429168	S3	Unique Developers Limited	ইউনিক ডেভেলপারস লিমিটেড	11, Bipin Pal Road, P.O.- Kalighat P.S.-Tollygunge, Kolkata, Kolkata, Howrah, West Bengal	11, Bipin Pal Road, P.o.- Kalighat P.s.-tollygunge, Kolkata, Kolkata, Howrah, WB	unique developers limited	ইউনিক ডেভেলপারস লিমিটেড	unique developers	ইউনিক ডেভেলপারস লিমিটেড	unique developers	ইউনিক ডেভেলপারস লিমিটেড	india	india
S1-106211083	S3-964019858	S3	Unique Developers Limited	Mr Unique Developers (Limited)	11, Bipin Pal Road, P.O.- Kalighat P.S.-Tollygunge, Kolkata, Kolkata, Howrah, West Bengal	11, Bipin Pal Road, P.o.- Kalighat P.s.-tollygunge, Kolkata, Kolkata, Howrah, পশ্চিমবঙ্গ	unique developers limited	mr unique developers limited	unique developers	mr unique developers	unique developers	mr unique developers	india	india
S1-106218484	S2-374751958	S2	Chennai Gases Private Limited	Chennai Gases Psrvate Limited	No. 1/13A, Lakshmanan Nagar West Behind Don Bosco School, Peravallur, Chennai, Tamil Nadu	NO. 1/13A, LAKSHMANAN NAGAR WEST BEHIND DON BOSCO SCHOOL, PERAVALLUR, CHENNAI, Tamil Nadu	chennai gases private limited	chennai gases psrvate limited	chennai gases	chennai gases psrvate	chennai gases	chennai gases psrvate	india	india
S1-106218484	S2-43015375	S2	Chennai Gases Private Limited	Chennai Gases Limited Center	No. 1/13A, Lakshmanan Nagar West Behind Don Bosco School, Peravallur, Chennai, Tamil Nadu	NO. 1/13A, LAKSHMANAN NAGAR WEST BEHIND DON BOSCO SCHOOL, PERAVALLUR, CHENNAI, Tamil Nadu	chennai gases private limited	chennai gases limited center	chennai gases	chennai gases limited center	chennai gases	chennai gases limited center	india	india
S1-106218484	S3-974043925	S3	Chennai Gases Private Limited	CHENNAI GASES GASES PRIVATE LIMITED	No. 1/13A, Lakshmanan Nagar West Behind Don Bosco School, Peravallur, Chennai, Tamil Nadu	No. 1/13A, Lakshmanan Nagar West Behind Don Bosco School, Peravallur, Peravallur, TN	chennai gases private limited	chennai gases gases private limited	chennai gases	chennai gases gases	chennai gases	chennai gases gases	india	india
S1-106233285	S3-41172911	S3	Gold Jai Power Private Limited	ಗೋಲ್ಡ್ ಜೈ ಪವರ್ ಪ್ರೈವೇಟ್ ಲಿಮಿಟೆಡ್	124, Karnataka, Bangalore, 6Th X, 1St Main, Pai Layout, Bangalore	124, Bangalore, KA	gold jai power private limited	ಗೋಲ್ಡ್ ಜೈ ಪವರ್ ಪ್ರೈವೇಟ್ ಲಿಮಿಟೆಡ್	gold jai power	ಗೋಲ್ಡ್ ಜೈ ಪವರ್ ಪ್ರೈವೇಟ್ ಲಿಮಿಟೆಡ್	gold jai power	ಗೋಲ್ಡ್ ಜೈ ಪವರ್ ಪ್ರೈವೇಟ್ ಲಿಮಿಟೆಡ್	india	india
S1-106248547	S3-875400861	S3	Family Foundation	Family Fóundation	AZ, 695 Coolidge Place, Coolidge	695 Coolidge Pl, Coolidge, Arizona	family foundation	family fóundation	family foundation	family fóundation	family foundation	family fóundation	us	us
S1-106251150	S3-964815792	S3	New Delhi Professionals Center	>> New Delhi	T-6, Third Floor, Plot No.-5, Pocket-6, Dwarka, Sector-12, New Delhi, South West Delhi, Delhi	T-6, दिल्ली, Third Floor, Plot No.-5, Pocket-6, Dwarka, Sector-12, New Delhi	new delhi professionals center	new delhi	new delhi professionals center	new delhi	new delhi professionals center	new delhi	india	india
